ID,Target
ID_QNYPTX,Bandeko awa na misu na ngai nazomona obele bana basi mibale ya kitoko vrament bakangi suki na bango ya kitoko pi mwasi yango pe alati chemise ya jaune ammoko na ye amipakoli ba.
ID_CLCVQW,Eloko nazomona awa na moni eza obele mama moko boye mama a kokola vremaatelemi ana liboso na ngai na moni mama yango alati mwa bubumpeza moko ya kitoko atelemi na kati ya ndako na ye.
ID_INJFRV,Ishangu mbiri dzemativi ose emakumbo dzine ruvara rutema dzakatsvetwa pasi dzose dziine tambo dzekusungisa dzakakochekerwa pamusoro padzo.
ID_XKFXQJ,Motuka esali mikolo ebele ezali abakufa liboso ya lopangu oy ya polisi tozakomona batole na bafenetre ebele.
ID_TYVXWN,Miti midiki yakati rebei ine matanda matete nemashizha mazhinji eruvara rwebumhudza yakasvibira imba irikuonekwa nechechinhambwe kubva pane muti.
ID_TLYNLJ,Shiri yakamira pachitsiga chemuti ine ruvara ruchena neruvara rwebhurauni neruvara rutema zvakasangana iine muchochororo murefu yakamira iri pachitsiga chine ruvara ruchena neruvara rwebhurauni zvakada kuti isanganei.
ID_DHVQIV,Nzvimbo iri muguta reharare iyo ine migwagwa yakawanda mikuru ine dzimotokari dzirikufamba munewo vanhu vakawanda vamwe vakagara vamwewo varikufamba vachienda pakatsaukana.
ID_CNAAPA,Vatambi vebhora vaviri vakamira vachiratidza kuti vagadzirira kutorwa mufananidzo mumwe mupfupi mumwe murefu zvekare vane bvudzi rakachekererwa zvakanaka kwazvo.
ID_RVJKZK,Vanhu vakati wandei varikufamba parutivi rwomugwagwa zvimwe varikuenda uko vachawana zvokufambisa kuti vagodzokera zvakare kudzimba dzavo sezvo vapedza zvavanga vawira muguta.
ID_OZSILI,Vanhu vakagara varikukurukura pane akamira nechepangoro munhu uyu akapfeka hembe ine maoko mapfupi ine ruvara rwebhuruu neruvara ruchena kuzasi wakapfeka mutirauzi une ruvara rwebhuruu koita vamwe vakagara pasi mumwe ane hembe ine ruvara ruchena akapfeka nguwani yake ine ruvara ruchena zvakare kuzasi ane mutirauzi une ruvara rutema.
ID_IOLJWF,Nzvimbo ine miti huswa namazitombo pane mazitombo ane ruvara rutema neruvara ruchena koita miti ine mashizha ane ruvara rwegirini huswa huripo hune ruvara rwakachenerukira.
ID_SQYKGE,Mureza une makara maviri rumwe ruvara rutsvuku ndorine nzvimbo yakakura ruvara rwebhuruu ruri nechekumusoro nechepakona.
ID_URHPQJ,Na elili oyo nazomona esika bazolakisa biso banakelasi ya mbula mikie na kati ya ndako ya kelasi bavandi nazo mona elili ya mwanakelasi ya mobali alati litala ya maso azotala liboso.
ID_NDMSAY,Shangu mbiri dzakanaka kwazvo dzine ruvara rutema dzakavhurika mberi nekushure uye dzine tambo yakakora pamberi kuitira kubata gumbo dzinopfekwa nevanhukadzi kana vanhurume.
ID_ZNLWNB,Na elili oyo eza liboso nangai awa nazali komona mutuka mutuka moko ya monene motuka oyo eza motukaoyo ememaka bato o namonoko ya lopoto babengi bus pe bus yango ezali bongo na langi ya pembe.
ID_ZUCSAV,Chitoro chakaiswa mataira anopenya machena pane marokwe nehembe dzechikadzi dzirikubudikira dzirikutengeswa nechekumberi kunewo zvakaita samabhachi nemasutu ayo akaiswa mumapepa arikutengeswa.
ID_PFEHBE,Nzvimbo yakakomberedzwa nerusvingo uye simbi nzvimbo yacho iyi ine huswa husina kunyatsakusvibira huswa hwacho hahuna kukura panewo muti wakaita zvekusimwa nechemukati merusvingo rwakavakwa nezvidhinha mune miti mihombe iri kubudira.
ID_ECTELE,Mudhorobha mune mugwagwa une tara pane vanhu varikufamba vamwe varikudarika mugwagwa panewo motokari dzirimo dzakaita semakombi nemarori nemota diki zvekare mune midhuri yakavakwa ichienda mudenga.
ID_LBOBOR,Mai eza penepene ya zamba na kati ya mayi eza na banzete na matiti banzete yango eza na kasa eza na lange ya pondu matiti yango pe eza na bakasa eza na lange ya pondu matiti moko eza ya kokauka matiti mosusu eza ya mobeso na loboko ya mwasi ya mai oyo eza na zamba.
ID_OQBYLS,Uratza zvimafuleimaketi zvinotengesa bhutsu uyo ari kuratidza kuti ane mapushi masendozi mapushi zveruvara rwakasiyana siyana yero waiti bhuru madzimai achifamba achidarika vanhu vakasiyana siyana uyu akatobata mwana arikufamba arikudarika achiona kuratidza kuti ari kuda kutengawo zvirimo mumashopo.
ID_JVWWXY,Mhando yenyoka inonzi anakonda yakazvimonerera pamuti iripedyo nemvura nyoka yacho ine madododo matema asi ine ruvara rweyero.
ID_MVMHDG,Pamufananidzo pane midziyo yakasiyana siyana yekushandisa muimba yekubikira midziyo mizhinji ine mibato ndiri kuona banga mugoti wekubikisa sadza mugoti wekubikisa muriwo neimwe midziyo inemibato yepuranga.
ID_IAQVWH,Basoda batelemi na bapolise basoda bazali ba mikonzi balati bapte ebele na lipeka mosusu aza polisi batelemi pembeni na bango bazali pe na ba mosusu na nsima bilongi na bango ezomonana se.
ID_VZFEWT,Vakomana vezera rechidiki vanofarira zvemutambo vakapfeka hembe dzavo dzakasununguka dzavanoshandisa kana vachida kutamba pane umwe ari pamberi akatarisa pasi akabata bhora.
ID_ZFGUDY,Sango hombe rine miti mizhinji yakasvibira uye rinoratidza kuva neivhu dzvuku rine sora rakaoma uye parikuonekwa chikomo chine miti mizhinji.
ID_WGDFIO,Imba yakashongedzwa zvinonwisa mvura mekutandarira mune masofa matsvuku anoenderana netafura asirii negirazi pakaiswa maruva akashongedza imba iyi mune zvemudenga zvishongedzo zvakanaka uyezve kumberi kunoratidza kuti kuri kuenderera nemataira ebhurauni imba iyi inoratidza sehotera.
ID_FECWJL,Logo ya lacoste logo ya lacoste ezalaka na langi misato eza langi ya pembe langi ya vert na langi ya mwindu na lole mo ngando ya motane.
ID_DYHFNJ,Munharaunda munogara vanhu zvinoratidza kuti ichangotanga kugara nekuti dzimwe dzimba dzichiri kuvakwa uyezve hadzisati dzapera izvo zvinoita kuti vanhu vange vachiwana mabasa akaita sekuvaka.
ID_FEQNNF,Awa tozali kobonga tozali komona ndako moko ezali ya kitoko babengi bakomi aelav tolyzie ndako yango ezali kitoko tomoni na sima na yango tomoni mwangomba moko ezali na matiti ya mai ya pondu.
ID_WBXQTC,Munhurume akapfeka nhumbi ina mawara mawara muhuro make akapfekawo chuma icho chinechiratidzo chemuchinjikwa nechepamberi pacho zvakare ane bvudziwo rakapendewa rakachinjiwa kara.
ID_VSIQKV,Mamwe amaturusi anoshandiswa kuita mabasa amaoko akasiyana siyana pane sikurudhiraivha pinjisi nesipanera pinjisi ine mubato une ruvara rutema namavara eyero pinji dzizi dzinoratidza kuti dzakarongwa nehukuru rwadzo kunotanga doko kuchinopezesira hombe hombe zvipanera zvine ruvara rutema namavara eyero zvakare.
ID_FLRZJY,Munhukadzi akarukwa musoro wake magodi marefu akangomira mira.
ID_MQDJDC,Ba mafuta oyo eza ebele awa eza ya kopakola mwasi oyo atiaka yango na motu ba mosusu ya kopakola ba mosusu ba parfum na milangi oyo.
ID_RFARPF,Awa bazalaiki bazali kolakisa biso carton ekoki kozala carton ya jou ya manga po na ekomami mangunis nkta.
ID_LIEJMC,Hembe yechikadzi yakareba ine ruvara rutema nezvinounya zveruvara rwakasiyana siyana irikutengeswa muchitoro nedzimwe hembe dzakananikwa pane mabhegi akananikwa nevhiri remota ririkuoneka sure.
ID_ACXWNX,Safu ya kotokisa na likayabu ya kotumba boyekabweni sani ya mbele na pilipili ya kotuta pili pili batuta.
ID_VJNISQ,Awa nazomona tondese ezali awa namoni pe ba crayon pe ezali eza bamateriao tosalelaka namoni mpe ba bike pe eza wana.
ID_HKJBKE,Gedhiremba rine ruvara rutema ririkuratidza kuti riri mukati memiti neruzhowa runeruvara ruchena panze pane miti yakawanda miti imwe ineruvara rwegirini nemaruva inonhwirira imwe miti haina maruva mimwe miti inonzi mashirabhu nemimwe miti yakakura uye netumaruva tudiki tumwe tusingakuri zvinoenda mberi.
ID_OWPLHO,Na bilili oyo tozali komona ezali basangu oyo ntangu ya kolonisiation babandaki kokolanise viso awa ngona tni bazai n balati makanzo na bango ya molayi ya pembe tomoni bazalkopesa na mbote na ba ndeko ya mboka.
ID_XPFQKJ,Eeloko balakisinga awa bandeko na miso na ngai eza obele ndako moko mpenza ya kitoko ndako moko ya monene ndakoo baloba ba monoko ya etage ea ndako ya etaya etage epui eza ndako moko eza langi ya pembe pembe epui ba vitre nango eza langi ya moyindo.
ID_PRSUDQ,Vatambi vomutambo wekriketi vari muharare siportsi club umo mune nhandare yavo iyo ina masora akasvibirira pane vakapfeka zveyero poitawo vane zvegirini vari pakati pokutamba mutambo wavo.
ID_QYCETT,Na esika tokomi awa bandeko naomona eza bapapa ebele na bamama ebele bafandi na sale moko ya monene baza pe na babuku na bango liboso baosala mwa eloko babengaya monoko ya lopoto moi reinon.
ID_PAUVNP,Zvivakwo zviri pedyo nemugwagwa zvinofanara kunge zviri zvivakwo zvinoitirwa bhizinesi hazvina kukura nzvimbo yacho haina vanhu asi ine mugwagwa uri pedyo.
ID_YLGJGF,Nekiresi nemhete zvakatsvetwa pachimudhori chine ruvara ruchena zvine ruvara rwegoridhe zvakabatwa neruoko kutsigirwa zvakatsvetwa pasi pane ruvara rwegirini.
ID_NYOCNO,Munhu rume nekadzi vari kuteverana munhukadzi akabereka mwana kumusana netauro rine ruvara iri mitsetse richena nezvitsvuku pamberi murume makapfeka nhumbi ine maoko mapfupi eruvara rwebhuruu neyekuzasi bhurugwa rakareba rine ruvara rwebhuruu.
ID_RMLTDJ,Mushina unoshanda namagetsi uri pasi pane ruvara rwebhurauni mushina uyu unoshandiswa muzvikoro muzvidzidzo kana mumahofisi pakunyora tsamba kana mamwe magwarowo une ruvara rwesirivha uyezve pane mucherochedzo wehapuro pamusoro pemushina uyu.
ID_ZOGMYL,Ndege huru irimudenga yakaburitsa mavhiri ayo kuratidza kuti inoda kumhara ichena uye yakanyorwa namavara matema parutivi payo.
ID_HGTFYG,Awa tozomoni ezali nyama babengi panteur nde baza kolakisa biso awa tozali komona ezali buku oyo babengi image stock tomoni panteur nde balakisi awa soki okoti na kati okoyeba makambo planteure esala.
ID_DNCKDJ,Liboso na ngai awa namoni mwana moko ya mobali atelemi amemi mwa eloko ya libende tima naye namoni abiloko moko ya sale salete na mwa ndako oy ya kala.
ID_RIWQZN,Chidhindo chinoshandiswa navanhu kunyanya mumahofisi chinoratidzawo mvumo yekuita zvinhu pangava pabepa kana kuti pai pachingada kuiswa chinonyanya kushandiswa nevakuru venzvimbo.
ID_LUJEWA,Namoni ezali mafuta yakopakola baza kotekamo eza insa mafuta modele mingi ezalia nakati kote batekaka bamafuta.
ID_FKSFHH,Shangu dzekurudyi nedzekuruboshwe dzine ruvara ruchena nerwebhuruu yakacheneruka pane kamufananidzo kenaiki kakanyorwa nezvitema dzine tambo chena.
ID_SGJXRJ,Chibhetibheti chineruvara ruchena chinooneka zvakare ruvara rutsvuku zvinoratidza kuti hachina mambava akanatsowanda chinogona chiri chimwana chechibheti bheti nechekumberi chine nzeve dzakamira chobva chaita maziso matsvuku.
ID_USZRFW,Munhurume akabereka bhegi neruoko rumwe chete unoratidza kuti wakatsikitsira ane zvaarikuona pamaoko ake wakapfeka hembe dzinopfekwa nevarume vechizvino-zvino mumusoro make mune bhareta mumakumbo make mune mudhebhe kumusoro kwake kune nhumbi.
ID_MWGZPD,Machini oyo batie awa eza machine oyo ebibisaka poussiere na babiloko ya electronique soki neti biloko electonique ekoti poussiere eloko oyo esalaka po na kopepola yango.
ID_CQDCXT,Mombe ine musoro une ruvara rwebhurauni nepamuromo patema mombe iyi ine nyanga dzakaenda kumativi irikuratidza kuti iri kutsenga nekuburitsa mazino akaenda padivi ine kahuswa pamuromo zvekare.
ID_MNKDTM,Nzvimbo irikutengeserwa mhando dzefoni dzakasiyana mazita efoni akanyorwa pazasi uyewo foni dzakarongedzerwa muzvinhu zvemagirazi kuti vaone kutengesa zvinhu zvakadai zvemhando dzakasiyana kwakanaka nekuti vanhu vanouya vachitsvaga zvavanoda chaizvo uye vanhu varikutengesa vanotowana kurarama uyewo varikutengesa ipapo vanowanawo mabasa vanopihwa nevaridzi vezvitoro.
ID_GPQJUU,Shangu imwe chete yechidzimai yakavharika ndeye ganda uye ndeye kuruboshwe ndeyeruvara rwepingi yakagadzikwa pasi pane mataira machena nematema.
ID_FFIIOR,Na elili oyo nazo mona bazolakisa biso etaleli ya pembeni makasipembeni makasi mpenza ya bikili ya mokili nazo mona bazo lakisa biso ikeli ezali lokola pungupungu ezalokona ndakisa ya pungu pungu.
ID_PAKEML,Nazomona mayi ya ebale ebale bamabanga eza na batie na baqantine misusu eza na babido bakata nazomona pe moto na mai azosokola maboko na mopanzi fulu ya slitobimak na mai eza na mopanzi wanma.
ID_SQJWFH,Bana mike ya basi batelemi bazosimba na loketo na bango moko akangi suki atie biloko ya pembe na kati mosusu pe akangi soki atie biloko ya pembe na kati moko alati elamba ya langi ya bozinga mosusu pe alati bilamba ya langi ya pembe.
ID_XSCBVZ,Chaja yerudzi rutema ine tambo refu yakamonerana monerana kumusoro kwayo kune tuzino tuviri twesimbi tuva tunobairirwa kumadziro kuti tutore moto tichiisa kuti tuchaje midziyo.
ID_YEGQGO,Sadza rakapakurwa nemuriwo wakanaka pane sadza rine ruvara ruchena koita muriwo uneruvara rwegirini kobva kwaita mhashu mhashu dzinoratidza kuti dzakanatsotsvukira uye dzinonaka.
ID_XXNSTV,Elili oyo ekolakisa loboko ya mwana mwatieko lakisa ebombeli ya kisi ya langi ya pembe pe elili ya mwana moke alati elamba ya mosaka ya koseka nkombo koma ezali na nkombo pe ya kisi yango na bokono ya kobikisa.
ID_DZSHEQ,Logo ya benoias garier azali specialiste asalaka biloko ya mabaya ya nzete azolkisabazosala piblicite na ye po bato baya kotala ye baluka biloko asalaka basomba yango.
ID_GKZCUH,Vasikana vana vari mukati menhandare yekutambira mutambo webhasiketibhoro uye vakapfeka nhumbi dzine ruvara rwebhuruu vasikana ava ndevechitema uyezve vane miviri iri pakati napakati.
ID_VXVHZA,Muti muhombe mitatu iri kumberi kwezvivakwa zvinobudikira zvine ruvara ruchena koita zvimwe zvimiti zvidiki zviri pasi pemizimazi miti aya.
ID_PQWWAS,Gwenzi kana kuti ruva rinoratidza kuti riri pane mvura yakawanda rina mashizha akasvibirira ane mizera yakasiyana mamwe mashizha akareba poitawo mamwe mapfupi.
ID_XGTHZP,Nzela esi ebebe bato bazolekaka na nzela awa na ndenge wana.
ID_MRAIGA,Na elili oo ezali na kati ya ndako ya botangi bana kelasi ba kotanga balati pe milato ya ndenge moko ya boziga mokanda eza likolo ya mesa bakolandela ndenge ba kosala na bisalisi na bango.
ID_TAJLWS,Chigayo chakakura chigayo ichi chine ruvara rwesirivheri nechepakati pacho pneruvara rwebhuruu muzasi munoratidza kuti makashama.
ID_NSIWDG,Murume akagara mumotokari motokari yakamira kumberi kwacho kune mugwagwa.
ID_YOWFFV,Nzvimbo yakaungana vanhu vamwe varikuita zvekutengesa mbatya pane mudzimai wakabata mbatya dzaari kutengesa mudzimai uyu arikutengesa mbatya dzine ruvara rwegirini dzimwe dzine ruvara rutsvuku dzimwewo ndidzo dzine ruvara rwebhuruu.
ID_LVPXZS,Wochi yechikadzi yegod kazhinji kachona inowanzopiwa munhu seegift kana kuti presend kana kuti sechipu iri wachi yegod yechikadzi.
ID_YLFNDR,Aya maruva maruva echirungu ukatotarisa otoa anoratidzakuti anodiridzwa uye ane utano ukatotarisa anotona kuti akutobereka michero yawo uye ukatotarisa anotonauti anoratidza kti anobukira nepasi.
ID_TUTDTG,Na bilili oyo nali komona balakisinga eza ba mibali bazosala ba sport oyo babengaka yango ba karate te nali komona amosusu batelemi pembe bandako kuna bali kotala bango.
ID_YUFIOJ,Awa namoni eza esika batekiselaka biloko mingi liboso na ngai nazomona na kati ya etagere bamilangi ebele bazozela batu baya kosomba.
ID_XTVWHW,Awa nazomona lokolo moko ya sapatu ya basi ezaka lokolo moko ya sapato ya basi.
ID_ZSRKOJ,Tirikuona mireza yenyika dzakasiyana siyana pane imba inoratidza kuti panosangana vanhu vachiita musangano vanobva kwakasiyana siyana kana kuti vemapato akasiyana siyana tichiono mishina inoratidza kuti inogona kushandiswa kutumira nhau nezvivhitivhiti.
ID_ZCEOXY,Ndako kasi eza ndako ya molai ya monene kasi ndako yango eza na lopango moko eza na lopango yango eza moindu yango ndako yango eza neti mwa ya kala eza sika te eza esika bato bafandaka esika bato bafandaka.
ID_WBDIEG,Dhorobha rine midhuri yakareba umwe une ruvara rwebhurauni mahwindo akawanda miti ine mashizha egirini munhu ari pamotabhaiki akapfeka ngowani yebhuruu motikari dzine ruvara ruchena.
ID_LBNNVO,Elili oyo nazali komona awa nazal komona bakiti ya kitoko oyo batu balingaka mingi kotiya nasika ndako to esika batu basololaka libanda tomoni pe sika ya bakiti ezali ebele.
ID_SSVFHN,Uyu mufananidzo unoratidza mureza mureza une ruvara rutsvuku kumusoro neruvara rutema pakati pakati pane ruvara muchena pobva paita nyeredzi mbiri neruvara rwegirini.
ID_EXRHDG,Vana vechidiki vari mukati menhandare yekutambira mitambo yebhora uyezve neyegomhanya vamwe vasikana vamwe vakomhana vamwe vakagara pasi vamwe vakamira uyezve kudivi kune vamwewo varikutamba variikoko.
ID_JBDFJJ,Awa peza lokola eza na balabala nazomona motukaka moko lokoloa vimi ezali koleka nazomona pe napancarte moko ya tia.
ID_UQGGPU,Awa namoni eza na kati ya ndako liboso na ngai nazomona ba escalier ya molai ezomata ezokende esika songolo.
ID_NKDDHC,Na balabala taxi bus na mopanzi na langi ya pembe pe na langi ya ponduawa mibali mibale ba kobenda pusu mobalia liboso alati kabutula ya langi ya bozinga ya pete pe likolo motanina ekoti ya pembe esangani na bozinga mosusu alati mwindu mwindu pe na ekoti ya pembe liboso kuna pe mituka na mopanzi ba ndako.
ID_SACORM,Awa namoni toza na kati ya terrain namoni eza na bana mibali na banabasi oyo batelemi pembeni ya terrain na nsima na bango pe namoni eza na mwa lopango moko oyo eza na mwa ndako moko ya monene ya pembe na bamatiti oyo eza liboso ya lopango.
ID_SBFDCO,Midziyo inoshandiswa kuita mabasa amaoko pamusha midziyo iyu inosanganisira chigero foko nefoshoro foshoro nechekumusoro kwayo ine ruvara rutema nechekuzasi ine ruvara rwakachenerukira koita zvakare chigero chine ruvara rutema nechekumusoro kuzasi chine ruvara rwakachenerukira zvakare.
ID_OUJCUX,Bandeko esika na komi awa nazomona banabasi bilenge banabasi awa balati babilamba ya biloko ya ba sportif baosakana na bango baosaka na football baosaka na sport oyo ya ndembo ya banabasi misatu.
ID_PJWOTA,Saki ya mokongo ya bana kelasi ya bana mike ezali ya bonzinga ya makasi motaatamboli yango po alakisa yango ezali na ba poche mibale pe ezali na ba poche pe pembeni.
ID_XFQJTD,Awa tomoni sapato ya bana basi tozali komona ezali kitoko tomoni ezali na langi oyo ezali ya motane na mwindo na kati kasi ezali ya bana basi ezali kitoko kitoko mpona kolata.
ID_MEYEQA,Awa nazomona eza lopangoeza lopango siko badekore yango nazomona pe bafololo pe eza wana bafololo eza na langi ya mayi ya pondo.
ID_ASIPKU,Camion eza na kati ya wenze elingi konyata biloko na se camion eza na kati ya wenze tomoni bato baza na kati ya wenze o camion eza koleka na kati ya wenze.
ID_NEFGZN,Zvibhodhoro zvakawanda zviripasi zvemizera yakasiyana pane zviduku poitawo zvihombe zvine ruvara rutema nemivharo michena ndezviya zvine mishonga inoshandiswa pamishina yakaita seyekudhinda mapepa kana imwewo mishina inoshanda namapepa.
ID_EGBJZM,Awa esika nazali komona nazali komona eza lokola na lsamba nazomona ba nzete mingi ndako moko to mibale azomona pe bangomba moko ilae milai.
ID_NNNBWD,Nzvimbo ine huswa namarara ine zvimiti miti zvakangorara pasi zvimiti izvi zvine ruvara rutema neruvara rwakachenerukira koita zvimarara zvakangorasika pesepese zvine ruvara ruchena huswa huripo umwe hune ruvara rwegirini umwe hune ruvara rwakachenerukira.
ID_PUGWCR,Pypoyage poy eya na langi ya mbweeza na ba poto ya langi ya motane na lange ya pembe eza na poto mosusu eza na langi ya lilala esika mingi eza na bamilongo ya kotengama nya langi ya motana langi na pembe.
ID_SRQHVW,Na bilili oyo tozali komona liboso nabiso awa ezali bongo na balabala tozomona ba ndeko bazali kokende tomoni badeko yabosi mibale bazali kokende nabato mousu pe liboso na bango ebele.
ID_TVCMKS,Awa esika na komi awa nazomona foboli naza na balabala meis na pembeni ya balabala mo kuna nazomona ndako moko ya kitoko penza eza ndako moko eza yalangi ya grie etpi nakati eza langi ya pembe eza ndako moko ya etage ya kitoko vreiment eza pembenikuna epi na pembeni ya etage wana nazomona koza bawa jardin rroa matiti matiti eza na se na kote ya parking ago.
ID_SFDNNH,Pfoto elakisi place oyo batekisaka bikeko namoni oyo eza biloko basi balataka pe na biloko batiaka na ba rido na bahotel.
ID_HXGURG,E awa namoni toza na kati ya ndako moko ya monene namoni eza na ba tata ebele oyo bafandi liboso na bango eza pe na batata misusu oyo bafandi bazosolola.
ID_OEWYCL,Dzimba dzakavakwa dzakabatana dzimba idzi dzakasiyana nemavakirwo adzaiitwa dzimwe dzine ruvara rwakachenerukira uye dzidiki koita imwe irikubudikira necheparutivi inoratidza kuti yakavakwa nezvidhinha zvinozivikana kuti zvidhinha zvekubhotswana zvidhinha izvi zvine ruvara rutsvuku neruvara ruchena.
ID_WXYBXH,Awa pe naai komona bilei naa komona mkuanga na mopanzi bongo na keti kati bathe madesu na mopanzi mkana ce pilipili ya lagi ya motami bongo na pazikoa apeyabae bakitomos.
ID_JTZFPP,Awa tozomona ezali loboko loboko yango ezomonaa neti eza loboko ya mwasi pe mwasi yango aza mwasi ya libala pona lisapineya mibale alati lopeto ezolakisa ete aza mwasi ya libala.
ID_CDDYTT,Vatambi vemutambo wetsiva vakamira vachiratidza unyanzvi rwavo havana kupfeka hembe kumusoro kuzasi vakapfeka zvikadudura vese havana shangu.
ID_ISOCJR,E.
ID_JXFHBA,Shangu yerudzi rwetenesi iri imwechete ineruvara rwebhuruu nerwuchena pamberi pacho yakasungwa netambo.
ID_DUCAYT,Bato mingi bafandi mibale na basi basimbi mikanda bazokoma bazolanda bango nyonso makambo bazoteya bango.
ID_CNEWVO,Mafuta ya kopakola ya bana.
ID_EIDXID,Liboso na ngai nazomona mesa moko ya kitoko likolo nayango nazo mona ba fololo mibale.
ID_SLVCBA,Bhutsu dzinopfekwa nemadzimai dzakagadzikwa pasi bhutsu dzacho dzakagadzikwa zviri nyore uye dzine akaita mabhandi uye dzine ruvara rwebhuruu bhutsu dzacho ndedzevaya vanofarira zvemucheno.
ID_FWBYPB,Nazomona na elili oyo esika bazo lakisa biso milangi ebele etandemi ezali lokola eza na ndako ya botekisi nazo mona ezali lokola bisaleli ya ba mama mpona kosunga poso ya bana na monoko ya lopoto ba bengi yango poudre.
ID_MDBXFH,Muchina unoshandiswa kusona hembe muchina uyu wakabatanidzwa netebhuru ineruvara rwebhurauni kuzasi kune simbi dzine ruvara rutsvuku uye muchina wachona une ruvara ruchena neruvara rwebhuruu.
ID_OXFWCP,Magirana dhira akawanda ndeeyero uye anemavara egirini rimwechete rakachekwa rikaburitsa zvimedu zviviri mukati maro mutsvuku uye rine mhodzi dzitema.
ID_KQXUZF,Madzimai amwe arikufamba vamwe vakagara pamusika vachitengesa jinja nezvimwe zvakasiyana izvowo zvinoita kuti vawane mari vakwanise kuchengeta mhuri dzavo.
ID_ULNXEP,Nyeredzi iri pamureza uyu ine ruvara ruchena kozotiwo kumusoro kwemureza kune ruvara rwegoridhe pakati nepakati pemureza pane ruvara rwemashizha kozotiwo kwekupedzisira pazasi pane ruvara rutsvuku.
ID_YAZDEC,Foto elakisi biso mwa portaparei ya kitoko pe na se eza na mwa place ya koke ya mwa biloko mosusu pe portaparel oyo eza na mwa mabaya moko ya kitoko pe langi moko ya kitoko mpenza pe namoni eza na bapine ekoki kode plase yango.
ID_LMSRXP,Endoko na biso oyo ezo monana ka eza kote ya libanda nomona ntene parabolique ela yango pe eza ya kokauka isalo on dire bato baza te bana bakendoki classe.
ID_OQJLPT,Awa esika na komi awa nazomona na miso na ngai eza ebele ebele na wenze me wenze oyo na moni bazotekisa babiloko ndenge na ndenge naomona awa ba mafuta kopakola basabuni babiloko ebele ebele vreme naomonaa eza na kati ya ba basin oyo eza na kati ya wenze.
ID_CHAYJC,Munhukadzi akarukwa madhiredzi madhiredzi aya ane ruvara rwebhurauni akapfeka nhumbi yekumusoro ine ruvara rwekirimu uye ruvara rutema.
ID_YGQLTC,Liboso na nga awa namoni ba lakisi ngai na mesa ba mwa etene ya citron na mwa asciete nde yango oyo tomoni awa.
ID_PMAOSQ,Ichi chivakwa chine vhurande chivakwa ichi chinogona kuva chiri chitoro tinoona chine simbi dzekuvhara kudzivirira vangadei kuva vachipinda zvisiri pamutemo pavhuranda racho tinoona paine maruva ekushongedza nzvimbo iyi mudenga tunoona makasungirirwawo tunhu twekushongedza tutsvuku netuchena.
ID_AYEGYT,Michero yakatemhwa kubva mumuti ikaunganidzwa ine ruvara rwakaita rutsvuku uye imwe yakada kuita sepepuru yakawanda iri pasi ipapo imwe yacho ine tutanda twakabatira pairi twuchiri girini michero inodyiwa nevanhu nekuti inobatsira kusimbisa miviri yavo zvekuti kana vazorwara havanetseki kukurumidza kupora.
ID_PZNPDS,Dutu ramaruva akasunganidzwa pamwechete ane ruvara ruchena kunze rouya richinoita ruvara rwakanoita yero pakati mamwe haasati abudikira atumbuka aneruvara rwegirini.
ID_PMRSSB,Kamba iyo inoratidza kuti iri mumvura inoita makwati kunze kwayo pamusoro payo panewo datya riripo rinoita zvokutomhuka kana richifamba rine ruvara rwegirini nemamwe mawara.
ID_CLUUGI,Zvipanera zvakaturikwa kumadziro zvine mizera yakasiyana siyana zviri pamusoro zvakasvibirira nekucheneruka zviri pazasi zvakasvibira zvose.
ID_KPHGHG,Eele ezali na langi misato langi na likolo ezali na langi ya mosaka na katikati ezali na langi ya pondu na se ezali na langi ya motane katikati ezali na minzoto moko ezali ya langi ya pembe.
ID_LEPTJM,Bilenge mibali bazosaka na bale ya match na kati ya stade bato ebele bafandi na stade bazotala bango.
ID_QRTYMF,Mafayira akawanda anoti maflate failes ma aclivha failes nemamwewo mafayira aya mamwe ari mumapurasitiki akaiswa pamusoro akarongedzwapasherefu repamusoro mamwe aripazasi anonzi maaklivha pasherefu yrepakati pane mapepa anoiswa anozoita kuti kana uchinge waisa zvinhu mukati wochinyora kuti uzokwanisa kutsvaga zvinhu zvauri kuda ane ruvara rwakasiyana siyana anoti bhuruu girinhi neyero nepingi nemamwewo matsvuku.
ID_YQCOJH,Masamusa akawanda kwazvo ane ruvara rweyero akatsvetwa pachinhu chakafara uye akaiswa miriwo yakasiyana siyana yakachekwa chekwa pane madomasi bhurokori onyeni neremoni.
ID_IIDVMA,Ba ngomba moko ya minene minene ba ngomba yango eza na ba nzete ebele na bamatiti ebele na kati kati ya bangomba ango eza na mwa mayi oyo eleki likolo ya mai wana ba tongi pon moko ya monene makasi eza na ba mituka oyo ezo leka likolo ya pontwana.
ID_LNYEZX,Shangu imwe yekuruboshwe pana mudiki yakavhara mberi nekumashure uye inoratidza kuti inopfekwa nguva dzechando nekuti inodziya.
ID_KHKIOB,Tsoko shanu dzirikubudikira mujinga memuti une midzi yakabudikira yakakura zvikuru shoko idzi dzine ruvara rutema neruchena kumeso kwadzo nekumusana dziri mumahuswa egirini.
ID_YOMUYB,Muti unenge mupopo uripedyo zvikuru netambo dzamagetsi kana ukabatira kutambo idzi vazhinji vanobata mupopo uyu vanogwinwa pane shiri dzakamharawo pamusoro petambo yapamusoro.
ID_KNAKMY,Mafirizhongo chikafu chakabikwa nemutoro unoshamisa uye emurika chinoti nyama magirini mambatatisi nezvimwe zvakawanda wanda zvakasanganiswa ipapo kudya namambo.
ID_LLASDQ,Nzvimbo ine vanhu vakasiyana siyana varikufamba vamwe vakapfeka hembe dzine ruvara ruchena koitawo vamwe vakapfeka hembe dzine ruvara rutsvuku nechekurutivi kunoratidza kuti kune zvitoro.
ID_GKZTUQ,Munhurume akamira uyo akabatawo bhora kuruoko rwake rworudyi ruoko rweruboshwe akasimudza zvigunwe zviviri mudenga akapfeka nhumbi ine ruvara ruchena bhurukwa rine ruvara rutema pamwechete neshangu nhema.
ID_DRMIBV,Na bilili oyo ali komona loboko ya ndeko moko asimbi kamwa bido na kati eza mafuta ya motuka wana babengi yango toyota.
ID_SIAOXE,Mudhorobha mune midhuri yakavakwa ichienda mudenga munewo vanhu vakawanda varikufambamo mune motokari dziri kufambamo mumugwagwa inetara imwe motokari yegireyi imwewo ichena yakashama zvakare pane vanhu vanotengesa varikutengesa zvinwiwa.
ID_HQVEIS,Ndunda ya mobesu eza na sani esilisami kosalema ndunda mobesu yango eza na ba langi esangani eza na langi ya pondu langi ya motani langi ya longondo langi ya pembe.
ID_URXXAU,Munhukadzi akapfekwa mbatwa dzake dzakanaka akamira akabata rimwe ruoko kurutivi rimwe rakarembedzwa.
ID_LBCZYP,Awa eza kiti na zomona esika ya batuku nini yakokolekisa ngonga tango basilisi nzomi oyya bofandi omeli eza na bakiti babongisi ezaa bakiti oyo basali yango ya mabaya eza na langi ya chokola.
ID_FOJOIW,Gonye huru rinemavara akasiyana siyana inorarama nekudya maruva rakakora zvikuru uye rinemakumbo mazhinji.
ID_VAHYZX,Chidhori chine ruvara ruchena chakapfekedzwa nhumbi yechikadzi riri rokwe rokwe iri ririkuonekwa rakareba kasi nechekumusoro rine tambo harina maoko akarebenuka nechekumashure kurikuonekwa chimwe chidhori zvichionekwa kuti zviri muchitoro chinotengesa mbatya idzi.
ID_XHGAJR,Elembo ya mboka ezali bongo na langi ya pembe na makomi ya ci na langi ya pembe na makomi na langi ya chokola.
ID_IMDKXQ,Tafura dzinoshandiswa mumahofisi kugara chigadzirwa kana chiveswa ichena ine maraini anochinjika machena nematema akaenzana mberi nechitema pakati chinotaridza pakai payo ine cheya chena ine maoko matema kudivi kune kabati ina madhirowa.
ID_MHZXZI,Kopo ya jus eza na langi ya motani.
ID_XYNEAZ,Na esika tokomi awa nazomona eza ebele papa moko boye papa oyo na monoko ya lopoto babengaka ye aza obele professeur professeur oyo namoni aozua biloko babengaka bacre autia yango na kati ya ba carton.
ID_SYDXFF,Takishopu ine zvinhu zvakawanda zvirikutengeswa zvimwiwa zvakare pane mukomana akapfeka chisikipa chitsvuku aripo panewo mudzimai arikudarika akarukwa bhureidhi akabata bhegi dzvuku nechipepa chichena.
ID_PVJVYB,Musoro wemunhukadzi wakarukwa vhudzi rinorembera richidzaka nomusana rakaonyana zvinonakidza kuona uye riri muruvara rutsvuku.
ID_GGDBGD,Sango guru rine miti ine mashizha egirini rinewo huswa hwakawanda hwakaoma hwebhurauni pasi pane mumvuri wemunhu.
ID_DTWMNJ,Hwiza inozivikanwa nezita rekuti mbiya mugogoda hwiza iyi ine ruvara rwakachenerukira nechepamberi payo pane ruvara rutema mumaziso ayona ine ruvara rweyero yoita makumbo ari kumberi ane ruvara rweyero zvakare.
ID_CVLFSK,Awa namoni eza sapato ya bana mibali.
ID_KWONMZ,Awa namoni eza na batata ebele oyo batelemi esika moko na kati ya kilasi namoni liboso na bango eza na mwa mesa oyo eza na babuku na mwa molangi ya mai likolo namoni batata yango balati ndenge moko eza neti baza ba zuzi na mwana mobali moko oyo atelemi katikati na bango.
ID_WWYFTZ,Awa tomoni bana ya mikebaza na kati ya kelasi baza koyekola baza mwa mingi baza kotala motu aza kolakisa bango baza koyekola baza mingi na kati ya kelasi.
ID_JZOPGC,Musikana wakarukwa zvakanaka zvinomwisa mvura nechemuzasi wakarukwa madhiredhi achiti namanama nemusoro nechekugotsi anosvika achinoungana kuita hata anobva anorembera achienda kumu washure.
ID_COKZFV,Mbudzi mbiri dzakamira imwe iri hombe ine munga dzakatarisa kumusoro nechekumusana ine ruvara ruchena kumberi ine ruvara rwemambava akatsvuka chimwana chayo chiri pazasi chine ruvara rwakafanana namai kasi hachina mwanga.
ID_WDZCRL,Kabhokisi kemapini anoshandiswa mumakambani kana muzvikoro kabhokisi aka kane ruvara rutsvuku neruvara rwuchena kakanyorwa namavara matsvuku nemavara matema mapini arimo anoratidza kuti ane mavara akasiyana siyana mamwe mapini aneruvara rweyero mamwe ane ruvara rwebhuruu mamwe aneruvara rwepingi.
ID_KVLQAJ,Liboso na ngai nazomona eloko moko ya kitoko mingi likolo na yango namoni bakomi na monoko ya lopoto belcon papaya.
ID_TAVWGO,Motikari chena ine chikwangwani cheyero chakanyorwa nezvitema yakamira parubwe parubwe pane mapundo egirini anezvitsvuku.
ID_GGKGFR,Foto oyo elakisi biso mwa pera ya basket na kati ya tere ya basket namoni ba mobete baza ebele me namoni mobete moo a sate baza na valon na ye n baboko.
ID_IXDKJW,Mucheka une ruvara rutema ruchena nerutsvuku unogona kushandiswa iwo kumiririra nyika.
ID_UHKXAN,Na elili oyo nazomona bazolakisa biso kisi ya komela eza na efungeli esika bakomi filometa place eza kisi ya komela mpona kobikisa nkokoso ya malaria.
ID_NPRXQR,Awa namoni balakisi biso mwa motuka moko ya monene makasi oyo etelemi esika moko e namoni eza mutuka oyo ememaka ba biloko ebele me namoni bafungoli yango bazo bimisa biloko na kati.
ID_LTFSXS,Ba desine mobali alati lineti bakomi kafc eza logo.
ID_ORXUPM,Mhuka inonzi garakuni garakuni racho rine manhenga machena rinewo makumbo maviri nechekumberi kune chinhu chakatsvuka karakuni racho riri munzvimbo yakaiswa fenzi.
ID_QWUCDJ,Vana vakomana vechidiki vakagara zvavo vana ava vanoratidza kuti izira rimwe chete uye vakapfeka nhembi dzechinyakare izvi zvinoonekwa nezvavakapfeka muhuro mavo vana ava vana mai vavo padivi pavo.
ID_BVYDAO,Kasora kanokura kachitambarara kanowanzotambarara pamusoro pemvura kane mashizha akanakisa akada kuita kakutenderera ane ruvara rwegirinhi nemamwe ane ruvara rwakaita kayero.
ID_ASBDUP,Eloko nazali komona nazali komona milangi mibale to misato azali milangi yaya ekoki kozala ya ba fruit koki kozala ba fruite po a zali komona na molangi moko ba desinaki alana koki kozala molangi ba jus ya fru ba j a nama.
ID_GZANIC,Vanhu vari mukereke vaine vakapfeka mamasiki hembe chena nhema uye umwe waane magirazi.
ID_UFPBVD,Mutambi wemutambo webhasiketi bho mumwe chete ari munhandare pedyo nenzvimbo yokumwisa akamira negumbo rimwe achiratidza kuruka kuti amwise bhora akapfeka chipika cheruvara rwebumudza nechimwe cheruvara rutsvuku mukati uye mudhebhe mutema neshau nhema kune vamwe vanhu varikunze kwenhantdare varikuona achitamba.
ID_RBMMXG,Musoro une bvudzi yakasvibira yakarukwa mibvudzi mitsara yakawanda uye mutsara wakammonwa nebvudzi rekutengwa rine ruvara rutsvuku.
ID_MYSUOX,Apa papati uyezve parikuratidza kuti pakarongwa macheya nechivhitivhiti macheya aya akaiswa mucheka muchena uyezve pakarongwa kapeti pasi yegirini.
ID_KYSXGP,Ndako oyo ezali na porte ya moyindo pe mwana moko atelemi liboso ya lopango oyo na kati ya ndako wana likolo bakomi makomi ezali na langi ya mayi ya pondu.
ID_BCOIMC,Mishina miviri inoshandiswa nevanoita zvekugadzira magetsi uyezve padivi pachina pane michina ine tambo inoshandiswa pamwe chete nemimwe mishina iripo.
ID_KQOZUQ,E awa namoni eza na bandaku oyo eza pembeni ya balabala namoni na balabala eza na bamituka oyo etelemi namoni pe awa liboso ya bandakoo eza na bamwa mandalala moko ya kitoko.
ID_AAPBIE,Chikwata chavanhurume vomutambo webhasiketi bho chiri munhandare umo mune vanhu vakawanda varikuona mutambo uyu vatambi ava vakapfeka hembe tsvuku vamwe zvichena pane bhora riri mudenga vose varikurwira kuti vabate bhora iri.
ID_EBIVAA,Mutuka komema bato epai n epai etelemi pembeni ya balabala.
ID_COUUAA,Zvigaro zvekugarira zvisina cwekuzembera izvo zvakagadzirwa nemapuranga uye zvine zvigariro zvazvo zvipfumbu zvakagadzirwa nepurasitiki.
ID_UCVSCL,Na balabala bamutuka ezoleka kuna pembeni eza zando bato baotekana bato mosusu bazoya kosomba mama moko azo katisa balabala mobali moko avandi likolwa puse na ye.
ID_ESDDEB,Motokari huru inodanwa nezita rekuti eksikavheta ine ruvara rweyero namavhiri makuru ane ruvara rutema neyero kumberi kwayo ine foshoro yakasungirirwako yashakara ine ruvara rwebhurauni.
ID_MOIEXY,Bamotoka minene oyo ekangi nzela te kasi kuna mosika antene ya molayi eza nde tour des contrine epi awa tomoni ba kontenen etelemi pembeni ya motoka oyo.
ID_FXFVEC,Ba ndunda oyo eza matembela biloko ya kolamba bapei ya kolia.
ID_XIPYIV,Awa nazomona tomwa ba bolo moko boye oyo batiaka biloko ya kolia na kati otia na frigo babolo yango sikoy moko eza na coulere ya mosaka moko eza na coulere ya mai ya pondu mosusu eza na bole mosusu eza na coulere ya motane bole mosusu eza na coulere ya lilala.
ID_CBBJNH,Vanhu vatatu varikufamba mumugwagwa unoita seuri mudhorobha pavanhu vatatu ava pane vakadzi vaviri nemurume mumwe chete murume uyu akapfeka mudhebhe mutema uye hembe tsvuku nekepisi madzimai akapfeka hembe nhema.
ID_EORGOX,Kau oyo batie liboso na biso awa ka moke aza molangi ya malasi oyo batiaka na nzoto.
ID_MHRFHJ,Varume nevakadzi vane mizera yakasiyana vakamira panzvimbo ine masimbi inoratidza kuti inogadzirwa zvinhu zvakasiyana zvinogadzirwa nesimbi zvinosanganisira magedhe epamajuraho masimbi anoiswa pamafafetera kuti mbabva dzisapinda zvinyoro nezvingoro zvinotakurisa zvinhu mutauni.
ID_IIOLEC,Poto ine ruvara rwesirivhari negoridhe iyine mubato yakavharwa nemuvharo une ruvara rwesirivhari nemubato wegoridhewo zvakare.
ID_PATITK,Kunzvimbo inemvura ine rwizi runoyerera makamera mazipundo akaita mashanga anomera mune mvura nemubhanana urikubudikira kudivi rerudyi kuruboshwe pasi pane marara dutu anotaridza kuti panzvimbo panouya vanhu vachirashira marara pasingabvumidze.
ID_NZNZDT,Na awa namoni ba lakisi ngae mayindi eza na kati ya nzete na yango peeza maindi ya kitoko eza na ba langi ya mosaka pe na ba pembe pembe na nzete na yango eza na ba langi ya pondu.
ID_XLFFGX,Mumugwagwa unoratidzika kuti unofamba mota dzakawanda kumativi kwawo kune vanhu variko vanhu ava vanosanganisira varume vaviri kozoti mukadzi akamira akatakura bhegi.
ID_XQRCWT,Likolo ya mesa ezali na sani ya pembe ya mbele kasi ozomona eza na lutu yango na sani yango eza na kati eza loso na pondu na madesu kasi boye eza na mbisi ya kokalinga yango nde babengaka pyodi boye ozomona pe peli pili yango eza elengi.
ID_LSWZUO,Mukomana ari mugiraundi rekutambira nhabvu akapfeka jezi repingi nemasokisi matsvuku neshangu dzekutambisa nhabvu dzebhureki dzine mitsara michena.
ID_BZCOAH,Shangu mbiri chena dzakagarana dzine mukati mebhuru pamusoro peshangu pane mabhade maviri.
ID_WHRRVY,Namoni w ndako ya kitoko pe ya se ndako oyo eza na kati ya lopango pe namoni na kati ya lopango oyo mwa nzete ya monene pe namoni lopango yango eza na langi moko ya kitoko pe eza kongenga namoni liboso nango mwa matiti na mwaefololo ya kitoko mpenza.
ID_LFZTDM,Bilili oyo bazali kolakisa biso awa ezali bongo na se ya mayi bakamataki photo oyo nase ya mayi pe na se ya mayi yango toali komona nkoba nkoba oyozli nkoba ya mayi eza koba ya zamba te.
ID_UGYUGB,Liboso na ngai nazomona basi mine bazoseka pe bazosepela na maboko na bango baza na ndembo.
ID_KUAFOJ,Miti ine mapazi akawanda uye mashizha egirini pasi pane zvidhinha zvakakomberedza majecha machena akaunganidzwa okuvakisa.
ID_TNMKEB,Awa esika nazali komona eza esika mwa kitoko esika ya ko tambola esika kopema nazali komo ba nzete mai eza esika moko ya monene.
ID_ZVCYRR,Patapata rakaiswa pasi pane ruvara repfumbu iro patapata iri riri repurasitiki kune rimwe divi uyezve tambo yepamusoro iri yepurasitiki rimwe divi riri puranga patapata iri rinoratidza kuti rakapfekwa kwenguva yakareba.
ID_QBLCHX,Elubu ya makayabu na ndunda na dongo dongo sani ya mbele ya langi ya pembe couilleur supu suka.
ID_BMRJMV,Likolo ya mesa eza na eloko oyo banakelasi basalisaka yango eza neti libendelibende yango eza na langi ya bozinga esalisaka banakelasi mpona kosalisa ngo na kelasi na bango.
ID_QZWLVA,Eawa namoni mwa tinele moko eza na ba matiti ebele na musika nazomona bato ebele eza neti eza na zando na bamituka etelemi pembeni.
ID_GLIUNU,Vanhu vakabata madhiramu uye mabhusvu vakapfeka mbatya dzebhuruu vachiridza vane maheti mumusoro ebhuruu mireza iri padyo nevanhu vakagara.
ID_NOGIXK,Na bilili oyo nali komona balakisi nga awa mwana mwasi aza kitoko pe aza na misu ya kitoko nali komona ndenge bakangi yesuki pe amemi kasake na ye pembei na ye namoni ka mwa ndako ya balangi ya motani.
ID_CUNQQV,Chipuka chakamhara pamusoro pematombo chinoratidza kunge gwavava rine makumbo mana okufambisa nomuswe wakareba uye rine musoro wakandotsvukuruka nomuviri uri muruvara rwakasvibiruka nemuswe wakatsvukuruka zvakafanana nemusoro rinoratidza kuti riri kudziya mushana riri pamusoro pematombo akakombwa nebundo rakasvibira.
ID_NYWGFD,Kasi bazo tekisa biloko oyo oyo bana basalisaka eza biloko ya banakelasi okoyeba te ezali na langi ebele eza na langi ya bozinga eza na langi ya longondo eza langi ya lilala eza na langi ya motani eza biloko ebele poye.
ID_NANEDK,Pane shangu mbiri dzine ruvara rutema dzakaiswa masvokisi ane mavara akasiyana siyana mukati madzo uye dzakatsvetwa mumba makaiswa ruware ruchena.
ID_OSQUUH,Murume akabata bhora mumawoko ake makapfekwa magirovhosi anerudzi ruchena akapfeka hembe ine ruvara rutsvuku nemaoko eyero unoratidza kuva mubati webhora pamutambo wenhabvu.
ID_SJPJUN,Elili oyo nazomona liboso na ngai eza liboka liboko oyo esalisaka batu kotutana kati pondu pilipili nguba na biloko mosusu.
ID_OIZXCN,Muchero wemarichi wakawisa zvisingabviri zvino ose atsvuka kuratidza kuibva achirembura matavi emuti uyu ana mashizha akasvibira zvikuru achipenyerera mukupenyawo kwezuva.
ID_DDGBXH,Motikari nhatu dzakamiswa pamberi pechivakwa uyezve dzakaiswa mukati memumvuri une denga rine ruvara rwebhuruu uyeze chivakwa chiripo chine ruvara rwemeruni nezvetinha erurwekirimu.
ID_PAZHTC,Mudhorobha mune zvivakwa zvakawanda zvine midhori yakareba uye yakadurikidzana parutivi pazvo pane motokari dziduku dzakawanda dzinofamba mumugwagwa.
ID_IQYLWJ,Buku ya kelasibaki.
ID_ANZHBV,Bilenge mibali ya mibale bazali bongo kobunda bazali bongo bato ya bato ya ndembo oyo babetanaka makofi ndembo na bango ezali ya kobunda na bamakofi.
ID_ZJIPOW,Rin'i yakabatwa muruoko memunhu ichiratidza nzara dzakatyikwa zvakanaka rini irneruvara rwesirivha nechekumusoro ine ruvara rwegoridhe kumashure kurikuonekwa nzvimbo yekurongedzera mabvuku ineruvara rwebhraun.
ID_CMWEOJ,Munhurume nemunhukadzi ari kufamba padivi pemugwaga veripasi pechivakwa chiri mudhorobha munhurume akapfeka mbatya ineruvara rwebhuruu nemaoko marefu nebhuruku riri kuzasi rine ruvara rutema munhukadzi akapfeka siketi pfupi inosvika pamabva akatakura nebhegi reikadzi.
ID_XXGTFT,Bana kelasi bazosala masano bazosala pesi oyo moko asaute alati bilamba ya lange ya bozinga misusu bavani na se balati bilamba langi ya pebe susbalati a bilamba ya langi ya mayi ya pondu mususu balati bilamba sualati bilamba ya motake ba vigi namento.
ID_KDCLWN,Mopu imwechete iri pasi ine ruvara rutsvuku negireyi ine mubato mutema.
ID_QRXFFJ,Na elili oyo nazomona esika bazolakisa biso dalapoelembo ya dalapo esika nazomona eza na molongo ya mwindo eza na langi ya mwindo langi ya motane na langi ya mobeso ezali na elembo ya.
ID_VOZSMW,Singi yekugezera ine ruvara rwesirivha pane pombi yemvura yakakwira mudenga dokuzobhenda panewo mishonga inoshandiswa kana uchida kugeza zvinhu.
ID_JRCNKZ,Awa namoni eza drapeau drapeau wana eza na tronx couleur couleur moko eza ya pembe ya mususu eza ya bleu na mususu eza ya vert nde nazomona eza drapeau yapee.
ID_HYHDGB,E awa namoni balakisi biso kamwa etagere moko ya kitoko e namoni basilisi kobongisa yango bapakoli yango langi ya pembe namoni eza ba etagere oyo batiaka na bandako esika oyo babongisaka suki.
ID_ONBGPT,Awa tozali komona bamaterie yana esalaka biloko ebele ya ba conception ba electricite tozomona ba pence tozomona ba tournevise moko ezali na malangi ya moindo na motani esalaka biloko ebele.
ID_HRQBUU,Chitoro chiri kutengesa zvuma zvinopfekwa muhuro mhete dzinopfekwa munzeve maringi anopfekwa muzvigunwe uye mabhenguru anopfekwa mumaoko izvi zvinhu zvakagadzirwa nemhando yezvinhu zvakasiyana siyana.
ID_UFMNXZ,Elalakisi biso mwa eloko oyo ba benga ango na monoko ya lopoto lecteur lecteur oyo eza mwa eloko tiaka na televisio pe elakisi bamwa bafoto oyo olingi omona pe elakisi ba mwa bilili mosusu ya kitoko mpenza.
ID_QYNCYO,Munhurume akarukwa musoro nemiswe yemadhogi uye wakareba kwazvo une ruvara rutema uye akaisa mabhidzi mumaritivi.
ID_PUPCBF,Mahuswa emushenjere nemamwewo maruva akamira akakombwa nematombo ane ruvara rwebhuruu nezvichero akanakawo uye ndeemhando dzakasiyana mamwe ane tushizha tutete mamwe ane mashizha akakura uyewo mamwe anokura achienda nepasi mamwe anokura achienda mudenga.
ID_WGTTAV,Bato mibale bazotambola na nzela mobali azali liboso mwasi azali nsima mobali ya liboso asimbi katini ya pembe mwasi na nsima asimbi saki na maboko.
ID_UKEIZM,Ndako ya kitoko makasi eza na lopango na ngo na likolo ya lopango batie bamabende moko ya pembee ndako yango pe eza na langi ya lilala na balabala na moni eza na mwana moke moko ya mobali oyo azoleka pembeni ya lopango yango.
ID_ANCBYL,Kisi ya bokoko eza kisi ya bokoko.
ID_MNHJZF,Muti uripakati pamatombo makuru maviri rimwe riri parutivi une mashizha maduku egirini.
ID_YRDTWP,Ba nzete ya milayi na langi ya pondu.
ID_HZNFNO,Mwana mobali oyo kitoko ye wana aza pembe kasi ba kangi ye suki ya kitoko aza na suki ya milayi ye aza na nzoto ya pembe kasi alati neti kazaka ya mwindu kasi suki na ye pe eza na langi ya chokola pe neti mosaka.
ID_XYNGYT,Mureza mumwechete mutsvuku pakati pawo pane denderedzwa guru richena mukati maro mune nyeredzi nemwedzi zvitsvuku.
ID_OMYCXL,Murume ari kusimbisa muviri wake akapfeka hembe yakasununguka kumusoro inosiya maoko ari pachena maoko ake akabatirawo simbi iri kumusoro nechekuzasi akapfeka chikabudura chakatsvuka.
ID_HDHFPP,Ezali kati ya supermache esika batekaka ba biloko ya kolia tozomona ezali parti bartekaka ba bisuqi babengaka yango coute parfu vani ezali ya marque ya bele france.
ID_YLLSZV,Awa na moni eza buku moko boye likolo ya buku wana ba desine ba mwana mobali aza likolo ya mwa nyama na mwana mwasi aza pembeni.
ID_AORESO,Awa nazomona banabasi misato eza neti oyo mwasi yakatikati nde mama nabangobao mibale baza bana naye bakangi bango pe suki ya meche ya kitoko baza basi kitoko na mama na bango.
ID_FATGBJ,Logo na langi ya mosaka makomami moyindo amwasi alati elamba ya langi ya moindo pembe rose pe langi ya lilala bongo pe na chokola na bozinga alalisi pe suki.
ID_MMIEEU,Nazomona na elili oyo bazolakisa biso bileko ya bilei nazomona ezali lokola motekisi atie bileko ya bilei ya koliya po bato bayo kosomba.
ID_ESVWGG,Awa na moni balakisi biso mwa karto moko eza na kisi na kati kasi nayebi te soki eza kisi ya bokono nini batiango likolo ya mesa.
ID_TCAKFV,Namoni liboso naga awa eza ba kiti ya kekele eza soki mineon eza na couleur ya bleu blac aune bleu na oyo yango ya monene yango pe ezakaka na couleur wana.
ID_MVXHMA,Awa tozali komona wana basi mibali moko azo kokanga suki ya mosusu asalaki yango modele ya kitoko mpenza.
ID_TIXIKT,Nkoba ya mwana azali bongo na langi ya mosakamana.
ID_CDKWBW,Mwanasikana akamira akabata amburera yakavhurika kutsoka akapfeka mapatapata eruvara rweyero nebhurugwa pfupi nechekumusoro akapfeka hembe ine mavara mavara anoverengera yero ebhuruu nepingi isina maoko mumusoro make akaruka netambo chena.
ID_DPCENG,Musoro momunhu muduku mune vhudzi rakatsvukuruka iro rakati nyangarara mumativi makagerwa kusiya vhudzi rose rapera uyewo ganda richionekera.
ID_AYRYPF,Liboso nanga awa nazokomona sapato moko sapato yango eza ya ma gri batie yango na lokolo ya kitambalo moko ya bozenga.
ID_KHNWAX,Ezali sapato ya mibali sapato yango eza na se yango kasi yango sapato yango eza na langi ya pembe eza pe na langi boye eza neti ya sikabo kasi sapato yango eza na nosika.
ID_PXMPIS,Awa tozali komona pantouffle mibale bati na se tomoni ezali ya kitoko ezali ya bana mibale tomoni ezali na langi misatu tomoni eza na langi ya mindo tomoni eza na langi ya mai ya pondu tomoni eza alangi ya pembe kasi ezali sapato ya kitoko soki asombi yango okoregrete te.
ID_XDUUNH,Oya bato bazosambola ya kati ya eglise cretienne namoni kuru se ye sukuna na sima toza nna kati ya eglise bazo sambela narsi.
ID_HCOKTE,Varume vatatu vakamira vakapfeka nhumbi dzeeyatimu kumusoro umwe kutsvuku vakapfeka chitsvuku vaviri ndezvegirini kuzasi vakapfeka zvebhureki.
ID_GDLJUS,Awa namoni mama moko avandi na baaza lokwla na balabala mai mo eza liboso na ye wana mamwa oko alati elamba ya bamamakatolique bakomi maria mama maria avandi nye na balabalana ban moko aotala na ye balabala bao baleka na bango.
ID_BBUQAC,Mureza une ruvara rwebhuruu une chiratidzo chiri kuruboshwe kwawo nechekumusoro chine ruvara rutsvuku uye ruchena zvakare kurudyi kuri nechekuzasi kune nyeredzi dzine ruvara ruchena.
ID_NSYLRD,Awa nazomona mwasi moko boyea moko boye azolakisa suki na ye nazomona suki na ye bakangi ye suki ya maboko bakangiye suki na ye ya naturele azotala na se.
ID_HYKBKK,Awa namoni balakisi ngai bana basi eza bana basi mitano bazosala biloko ya menuiserie eza neti bazotangaazotanga ba biloko ya menuiserie ya couture za bana basi bazotanga biloko ya menuiserie na coufture na kopakola balagie.
ID_FBVFQS,Awa pe namoni balakisi biso lisusu ba buku ebele namoni moko eza buku oyo ya bana mike bana ya kelasi ya kodessine na kati.
ID_FRPIJN,Miti yakareba zvikuru inoonekwa ina mashizha mashoma inenge yave nguva yechirimo denga rine makore mashoma uye zuva richiripo ririkuoneka ku nguva dzamasikati.
ID_PLXELZ,Imba yokutandarira ine zvekugarira masofa machena mamwe ane ruvara rwebhurauni nezvimapiro zvekutsamira mukati nechokumberi kurikuonekawo kicheni yokurongedzera zvinhu nefiriji yokuisa zvinhu kuti zvitonhorere.
ID_CWTEDX,Foto elakisi biso azamba oyo eza zamba moko ya monene mpenza pe na kati ya zamba oyo namoni mwa mwasi afandi na ye emonani aza koluka bamwa biteni ya nzete po akende kolamba mwa bileyi na ye.
ID_VMYEXJ,Na esika pe tokomi awa namoni eza place moko kozaba matiti ebele songolo songonlo na moni mpe na kati ya ba matiti wana koza bato misato bazosala spore na bango spore oyo babengaka na monoko ya lopoto spore oyo ya karate.
ID_DRGIQX,Poto inobika yakabairirwa kumagetsi uye yakavharwa pamusoro payo ndeye sirivheri uye ihuru ine mubato mutema.
ID_FDHAJW,Munhukadzi arikufamba padivi perodhi akafuratira akapfeka rokwe refu rinosvika kumagumbo rine ruvara rwebhuruu neruvara rwebhurawuni rine maoko mapfupi akatakura bhegi rechikadzi rine ruvara rwebhurawuni mumusoro akapfeka dhuku.
ID_MJJIBY,Mudziyo unoshandiswa kana uchida kugenza mazino mudziyo wacho uyu wakanakira pakuti unogona kuisa bhatiri wotokwecha mazino iwewo usingafambisi.
ID_WLVUHQ,Hembe ineruvara rwebhuruu yerudzi rwe les ina mabhatani matema pamberi namaoko akafara emunhukadzi irikuratidza kuti irikuratidzirwa irikutengeswa.
ID_DVOOKJ,Na bilili oyo nali komona balakisi nga awa eza kiti moko ya bureau na kamwa meza na yango kiti oyo eza na balangi ya bozinga na meza eza na langi ya moyindo pe namoni kamwa sache na se ya langi ya bozinga.
ID_ZHXHFH,Hoto elakisi biso mwa motuka ya monene pe eza motuka camion pe namoni likolo bato baza ebele babimi mwa voyage moko ya mboka pe namoni mutuka oyo kombonango penze ezalaki motuka moko ya kitoko pe ezalaki motuka moko ya makasi mpona bavoyage pempona komema biloko mingi.
ID_UWMENO,Awa nazomona ba ndako mibale ezomonana malamu mosusu ezomonana malamu te bandako ya ndenge ya kala na place monene ya kotambolela eza lokola nzela kasi eza na mabele.
ID_OIRQQG,Mushina werudzi rwemotokari yokutimba pasi inozikamwa nezita rokuti giredha ina mavhiri mahombe uye kumberi kwayo kune dhishi rakashama rina mazino pasi rinotakura mavhu rinochera mavhu namazino acho rotutira mukati richindorasira kune imwe nzvimbo.
ID_ZGDMMV,Zvidhori zvakawanda kwazvo zvakapfekedzwa zvuma kuitira kuti vanotenga vaone kutarisa uye zvindhori zvakawaridzwa pasi zvichiitira kutengeswa.
ID_NSLCMX,Awa namoni eza esika oyo bazotekisa bamafuta ya ndenge na ndenge ya banabasi na ya bana mike.
ID_YBCTRD,Murume muchena akagerwa ndokugadzirwa bvudzi rake zvakanaka murutivi rwemusoro make munoratidza kuti makagerwa bvudzi rakasiyiwa radoko nechekumusoro bvudzi rakasiiwa rakakura ndokubva ratwasanudzwa richitarisa kumberi zvine unyanzvi.
ID_JADHES,Ndiro ine zvokudya zvinosanganisira mupunga uye nyama yemombe yakatsvukira parutivi pane imwe ndiro yegomba.
ID_IILLRK,Esika oyo batandeli biso pilipili ewuti na bilanga eza mofuden eza na balangi ebele toza na langi ya motane toza na pilipili ya mni pondu toza na pili pili ya langi ya lilala toza pe na pilipili ya langi ya mosaka.
ID_VOZGMM,Bandeko awa pe nao mona eza bileyii pe eza na kati ya nzungu bao lamba namu naogo eza obele mbisi epi likolo ya mbisi oyo nazomona ba tomate na matungulu na ba poivron vrana moto alolamba bilei oyo ekozala na gout mingi koza kitoko mpenza.
ID_GQPKUB,Elili oyo ekolakisa esika batandi makemba yango ya mobeso nanu ya langi ya pondu.
ID_UYZIDF,Na bilili oyo nali komona balakisi nga awa balabala pe ba mituka na balabala namoni pe bato batelemi po bazali kozela mituka mpona bakota na na kati ba mama basi misus moni bamemi ba saki na bango na mokongo pe na i bamai ya busoto a balangi bisoto ebele eza pembe na balabal.
ID_HUPTLA,Bandiko remuriwo wekavichi rakabatwa muruoko rakaratidzirwa richina mashizha akasvibirira uyewo rinoratidza kuti richakanaka rakamirira kubikwa.
ID_DRQDHR,Awa nazomona bisi ezomema bato ya bis ya monene ya transport kasi kuna nazomona nzete ya monene ezali na matiti mingi.
ID_VZPHOL,Nzvimbo inoratidza kuti parutivi pomugwagwa wedzimotokari namabhazi pane kamba kaduku kangangova kari kemagetsi kana kuti kenhare mbozha kakanamirwa mapepa akawanda evaimbi nevanoita zvematengerwo enyika.
ID_ZABUUU,Mureza wenyika yemuafrica une ruvara rutsvuku kurudyi neruvara rweyero kubva kumusoro kuri kuruboshwe ichiteverwa negirini.
ID_XKEGLX,Zvinwiwa zvedoro rechirunguro mumabhodhoro rebulack label riri mabhodhoro ane bepa rine zvitsvuku ari mufiriji yegirazi inoonekwa zviri mukati kuti atonhorere ari kutengesewa akazara mufiriji.
ID_TYRTLE,Mabhaudhi akaiswa pauriri huchena matatu maviri acho ane zvinenge zvimutsetse zvakaatenderedza kouya chimwe chisina chakagara chega chiri kurudyi chinoshanda kusungisa mabhaudhi ari kurutivi rwekuruboshwe.
ID_KTZGRZ,Nzvimbo inodzidza vanhu nezvekuchaira motikari pane madhiramu aripo akarongwa uye pane mota chena irikuratidza kuti ine munhu mukati madhiramu aya anoshandiswa kuti vanhu vadzidze kupinda pakamanikana vasingakwesherani nevamwe uyewo pane imwe mota nhema inotori pakati pemadhiramu chena irikuratidza kuti yabuda mumadhiramu.
ID_YTBYDD,Boye ezali balabala ozomona mituka na bato pe baza pembeni ya mituka yango ya monene yango eza na langi ya pembe kasi ndako yango eza molai kasi eza neti ya kobetela boye yango eza neti ya kala eza na langi ya mbwe.
ID_NDLOUL,Oyo likomot asimbi sani eza na biloko yalia eza nyama basangisi na ndunda batie pe ba pilipili ba pelipili mibale eza na langi ya mosaka na nyama yango pe eza ya ko tukisa basangisa yango na ndunda eza elengi boye.
ID_MVOEEV,Foto oyo nazomona awa na miso na ngai eza obele koza mwa ndako moko ndako oyo eza ndako moko ya monene penza bandeko epui nsima na ango pembeni ya ndaku oyo nazomona eza obele nzete moko eza pembeni awa.
ID_LDWRZZ,Mukati mechitoro mune zvigumbu zvemizera yakasiyana zvakadurikidzana zvezvinwiwa zvakasiyana-siyana parutivi pane munhurume mumwe chete akamira akazimbera pachidziro.
ID_OOXOVZ,Masitirobheri matsvuku mukati memudziyo wekuchengetera mutsvuku sezvo nguva yekukohwa yasvika uye anotengeswa obva atengeswa mamwe achidyiwa.
ID_OQHYVU,Vanhu varikufamba panzvimbo inotengeswa zvinhu zvakasiyana pane munhukadzi akabereka mwana wake kumusana mwana uye akasiya maoko ake arikunze koitawo munhurume arikufamba akapfeka mujivha webhurauni neheti mumusoro varikufamba vakananga kunotengeswa zvinhu zvakawanda zvakasiyana siyana.
ID_ORDZHU,Mureza une mavara maviri arikunyatsooneka nechekumusoro kune ruvara ruchena asi munwuwo makada kusvibira kuzasi kwacho kune ruvara rutsvuku hapana kamwe kamufananidzo kari pamureza uyu.
ID_THPHQM,Mudhorobha mune zvivakwa zvakawanda chimwe chakavakwa nezvidhinha chisina kupendwa dhoo regirazi rine ruvara rwegireyi vanhu varikufamba ume munhurume akapfeka tirauzi rakasvibira hembe chena nengowani motikari dzakamira mudhudhudhu mumwe chete.
ID_GCYPCZ,Vanhu varikufamba mukati meguta padivi pavo pane motokari dzakamira dzakatevedza guta iri poita chingoro chinotengesegwa zvikafu zvimwiwa zveteeri bhodhi.
ID_IFDPXA,Na elili oyo nazomona esika bazolakisa biso armoi esalemi na ndenge na yango moko ekeseni na misusu esalemi na libaya ya elengi ya bien na marafia ezali etaleli ya elengi ya kosepelisa miso esika bazo lakisa biso elengi na yango.
ID_ATIYKD,He na elili oyo bazali kolakisa biso tomoni ezali bongo nakati ya ndako soki nalobi na kati ya ndako po na se tomoni batandi tapisp likolo ya tapi yango tomoni lokolo ya sapato moko ya ba ndeko mibali.
ID_UTOAQG,Biloko ya kolia ebele likolo ya mesa ezali bongo maki ya kotokisa salade bayeti frat soso ya ko kalinga na tomson akokani.
ID_NRKEFH,Esika na komi awa bandeko nazomona liboso na ngai eza bele babendela babendela mibale eza awa bendela moko eza bendela ya uni africaine mosusu eza bendela oyo ya mboka congo brazavile.
ID_LPEIYY,Mwanasikana wechidiki akapfeka rokwe rake refu neshangu dzake mbiri uye akamira padhuze nechigaro.
ID_IAZYFG,Na foto ndenge nazali komona eza foto bakangi foto place ba dessinaki batu misato namoni eza bandeko misato ya mibali moko akangi moninga naye nalokolo oyo bakangi ye na lokolo pe tomoni na lokoto naye bakangi ye singa bazali kobenda.
ID_QSKAEW,Zvivakwa zvakawanda zvinoratidza kuti panoitwa zvinhu zvakawanda zvimwe zvineruvara ruchena imwe yacho kambani iripo inonzi imara investing in africa zvakanyorwa nerudzi ruchena pane ruvara rwebhuruu zvinongoreva kuti pane zviiswa panzvimbo iyi zvakawanda asi imwe kambani iripo ndeye imara.
ID_DAXLAS,Kasi na liboso na ngan azomona eza wasi mama ya mwasi alati bamateriele moko ondire babengaka tablie kasi ye mama yango alati tablile eza na lange ya bozinga asimbi mashine moko oyo mashine ya soudure.
ID_DMJNOW,Shangu dzechikadzi mbiri dzakaita gogo dzigere panzvimbo ine mataira machena imwe yacho yakagara pamusoro peimwe dzine mabhade akasiyana akatenderedza shangu.
ID_QELUFU,Mhete yemuhuro yakasimudzwa iri muruoko rwemunhu kuti anyatsoiwongorora kuti yakamira sei mhete iyi ine ruvara rwesirivheri uye yakareba.
ID_ZOCOTL,Motuka ya monene pine nayango etoboka etelemi liboso ya esika oyo eza na bendele bendele yango a langi ya pondu ya mosaka na ya motane motuka yango eza alangi ya mosaka liboso nangoeze nati nzete ya mbila.
ID_MWZVRV,Zvinyoreso zvemavara zviri pasherufu zvakadurikidzana zvinemavara anoti yero pingi girini neorenji.
ID_KDXEAT,Elili oyo ekolakisa elili na kati eabelili na kati ya bendelabendela ya langi ya mosaka mosaka na likolo nzela ya pembe eleki nzela ya mwindu nase pe ya mosaka na kati ezali elili ya maboko mibale ya motane esimbi maseke na bikoti ya motane pe mosaka.
ID_DFEGFZ,Nzvimbo inoratidzika kuti mudhorobha parutivi pane misika umo muna vanhu vakawanda varikuita mabasa avo okutengesa panewo munhurume mumwechete ari pachingoro chake amenozvari kubata bata mumabhokisi ake.
ID_DGRVJT,Shangu dzine ruvara rwebhuruu dzakagadzirwa nejira rejini dzine hiri yegireyi dzinopfekwa nevanhukadzi kana vanhurume dzakagadzikwa pamusoro pemataira ekirimu.
ID_YGOOHY,Shangu dzemunhu rume dzakapfekwa dzeruvara rusvipa uye dzakavharika kumberi kumashure kwakavhurika dzakanaka kwazvo.
ID_AOHRVC,Awa nazomona liboso na ngai mwana mwasi atelemi kitoko bauti kobongisa ye suki na kati ya salon de cifure.
ID_QKDYKB,Masuwa mibale ya moke pene ya monene na langi ya pembe pe na langi ya bozinga bendele likolo na langi ya pondu langi ya mosaka pe na langi ya motane na nzete likolo nango na kati yaebale.
ID_QVBRUU,Elili oyo eza liboso na nga na moni eza bendela bendela oyo eza bendela ya pai moko boye eza na langi misatu langi ya moindo langi ya mosaka langi pe ya montana.
ID_ZNCIGH,Chitoro chinotengeswa hembe dzechimanje manje nemabhegi echimanje manje pana mai vakatakura bhegi ravo ravakaisa kuruboshwe rakagadzirwa zvechimanje manje nejira pakati rikaiswa mufananidzo uripo wakanaka.
ID_RMYARZ,Shangu dzakagadzikwa pasi imwe ndeyekuruboshwe imwe ndeyekurudyi shangu idzi dzina mavara machena nemavara egireyi nechemurutivi dzinoratidza kuti dzineruvara rutema.
ID_NUNSVE,Midziyo yakasiyana siyana inoshandiswa muimba yokubikira yakaiswa mubhodhoro mune zvipunu mune mugwaku mune musika wakagadzikwa nesimbi yerudzi rwesirivha mune mugoti zvakare.
ID_ATTFDF,Boye kasi nde nazomona liboso na ngai eza na ba bwati moko boye ba bwati yango eza en plastique kasi nazomona eza na langi moko ya mosaka mosusu pe eza na langi ya bozinga boye kasi nazomona eza na ba langi mosusu ya lilala pe na langi moko ya pondo.
ID_OUJOWD,Na foto oyo nalikomona balakisi nga balabala pembeni na balabala namoni lopango ya pembe na kati ya lopango oyo namoni ndako ya pembe pembeni na ndako namoni banzete ya milayi.
ID_CYCTUN,Varume vari munhandare yebhora varikuratidza kuti vari pamutambo wavo webhora uye bhora rakatsvetwa pasi pachiratidza kuti pane mumwe arikurikava vamwe varikuzama kurivharira kuti risandopinda mugedhe mavo vose vakapfeka zvikabudura.
ID_KVEFCF,Liboso na nga awa namoni bazwi ka mwa insecte nde baolakisa biso awa batika yango likolo ya tapi po tomonaka yango malamu.
ID_PEKFBS,Eleko na omona awa eloko na omona awa bandeko na esika moko boye basalaka babiloko balobaka na monoko ya lopoto eza pate baonisaka ba concasser naomona eza mashine moko e osala baconcasser eza bamabaga mabanga oyo ya mike.
ID_XIZBQT,Awa tozali komona bazakolakisa biso baza kolakisa biso monuma toosima a nzete moko pe ezali wana kasi tomoni mutu moko atelemi na ngambo ya balabala ezali kotala monima yango motu yango alati pembe na mwindo nasaki moko na mapeka naye.
ID_DTAXKI,Zvishongedzo zvevanhukadzi zvakarongedzwa kuti zvitengeswe uyewo zvine ruvara rwesirivheri marebero azvakaita anoratidza kuti zvinokwana mumaoko kwete muhuro uyewo zvine ruvara rwesirivheri zvine tubhora twakazvitenderedza twumwe tunosanganisira mavara ebhuruu zvakanaka uye zvinotora maziso.
ID_GVCCGR,Na bilili oyo tozali bongo komona tozmona bakopo mitano batie yango esika moko soki totali mamu bakopo yango eza a eloko moko nakati tokoyeba te soki eloko yango eza ya kolia to eza eloko nini.
ID_ABPNFQ,Eawa namoni balakisi biso bana mibali mibale oyo batelemi na kati ya ndako na moni eza bana mibali oyo basalaka sport oyo ya karate.
ID_RPKIIV,Muriwo uri mugadheni wakarimwa unoratidza kuti muriwo werugare uyezve muriwo uyu unoratidza kuti wanga wariba asi hauna mvura yakakwana zvekare hauna chikafu chakakwana uneruvara rwegirini asi urikuratidza kusvava.
ID_FIBLOU,Shangu mbiri nhema dziri kuonekwa chikamu chepakati kumberi nekumashure kwakadzivirirwa mukati mutsvuku uye dzine tambo nhema dzine tsvina.
ID_NWLPMF,Na foto oyo nali komona balakisinga eza carton ya kisi ya komela batiango likolo ya mesa nde nali komona balakisinga awa.
ID_SSRXVC,Tambo yemagetsi ineruvara rutema uye tambo iyi iri hobvo inoratidza kuti rimwe divi inonotora moto pamagetsi kune simbi mbiri dzaka dzine ruvara rwesirivha rimwe divi inoratidza kuti inonoisa moto kumushina.
ID_GHZNHD,Mudhorobha iyi nzvimbo inowanikwa mudhorobha mudhorobha mune motokari dzakamira dzimwewo ndedzinofamba dzichifamba mumugwagwa une tara uye pamugwagwa apa pane marobhoti.
ID_ZSWMQN,Eza ba manga ba manga yango eza etondi bassin ba manga yngo eteli eza ya kokila mosusu eza na se pembei nya bassin ba manga yango kitoko makasa elengi pe.
ID_ECOUKU,Awa namoni eza na mibali mibale oyo bafandi na mwana mwasi moko oyo alati babilamba ya maputa e namoni bafandi na kati ya ndako na nsima na bango namoni eza na ba bilokoy mpemba ebele oyo bati na mire.
ID_OCZFPU,Chitoro chinotengesa nhumbi dzemukati dzemadzimai dzakaita semabhurugwa nemabhurawa pane zvidhori zvitatu zvakapfekedzwa zvimwe zvezvinhu izvi chimwe chidhori chakapfeka bhurawa nebhurugwa zvitsvuku.
ID_XBOTXS,Na bilili oyo nali komona balakisinga kamwa nzete ya mokuse pe namoni eza pembeni ya libanga ya monene namoni kamwa sac pembeni nayango nde nali komona balakisinga.
ID_LFETUG,Namoni na kati ya ndako moko boye mwa mesa eza na bawa biloko likolo na yango namoni bamwateni y bamwambala abasukali na kat ya sani ya monene pe namoni bapondu na basani ya monene pe na baway ebele ya kolia monani baza kozela batpal ya kolia e eza mwayenga tmoko boye.
ID_LBPCDU,Murume akazembera pasimbi ine ruvara rweyero akapfeka hembe tema netarauzi rejini pamberi pake pane murume akagara akaisa masiki pamuromo akabata mari muruoko rwerudyi ruoko rweruboshe rwune wachi uye ari kutengesa mamasiki.
ID_IVNORQ,Michero yakasiyana siyana yakachekwa ikaiswa mubhodhoro mune mvura inodzivirira kuora kwawo kuti igozodyiwa munguva ichatevera.
ID_WHUXCU,Mombe dziri mudanga uye mombe idzi dzine ruvara rwebhurauni dzimwe dzine nyanga panewo kamhuru kane ruvara rwebhurauni imwe yemombe idzi irikudya sauti ineruvara ruchena.
ID_FEXOME,Na foto oyo nali komona balakisi nga awa eza bilamba ya bana basi nali komona eza na balangi ya bozinga ya longondo pe na balangi misusu.
ID_SYGVYQ,Bazo kotonga ndako ya mulage.
ID_JIMMLA,Eya namoni batata mikolo ya mindele bafandi esika moko bazo solola.
ID_PLPFOQ,Chirimwo chevisa icho chakachekwa chinoratidza kuti mukati macho mutsvuku kunze neruvara rwegirinhi rakacheneruka chirimwa ichi chinoratidza kuti chaibva chava kuda kudyiwa.
ID_XZTSMF,Motokari dziri kufamba pane mugwagwa wakaiswa tara mugwagwa wacho uripedyo nemiti yemijakaranda miti iyi haina mashinzha akawanda uye ine maruva airi kudonhedza panewo rusvingo ruri kumberi runodzirira kuti vanhu vasaende kudzimba dzevanhu nepavanoda.
ID_CHDRNT,Liboso na nga na moni mai mai pe na mai wa na na moni likolo na yango eza nzela ya mabele te pe nzela oyo babengakaa na monoko ya lopoto eza po nde namoni pe namoni ba mituka mingi mituka ya pembe pe mituka ya mwindo na batu mingi bazo pe nabamatiti na penepele naango.
ID_WRJKBM,Wtozomona eloko esimbi eloko babengi singa ya charger oyo esalaka moto ekotaa na kati ya telephone yango wana bazo lakisa biso loboko esimbi yango ezali na langi ya pembe.
ID_NHJQMJ,Chitoro chekutengesera hembe chine madziro egirazi anooneka zviri mukati mune zvidhori zvakapfekedzewa hembe dzavanhu chimwe chidhori chidiki chakapfeka dhirezi remwana repingi.
ID_ELYVBC,Matomatisi akawanda achiri mumunda asi akura zvino uye aibva akatsvukirira asvika panguva yekuti achikohwewa.
ID_KZOKGB,Awa nazali komona biloko oyo ba salelaka na bilanga ba bengaka yango kongo pe kuna na liboso na moni mwa bilanga baloni biloko lokola ba chu eza komonana kuna liboso.
ID_HXUZOB,Esika ba kondaka bato esi ekomi na zamba matiti ebele eboti eza ya mobeso eza na bakasa eza na langi ya pondu eza na kasa moko lipeka peka etelemi kasa yango eza ya mobesu eza na langi ya mayi ya pondu lipekapeka yango eza na langi ya chokola eza na bakasa mosusu ya kokauka eza na langi ya chokola na langi ya mbwe.
ID_HOAJII,Shangu dzechidzimai dziri pamwe chete shangu dzacho dzakangogadzikwa ishangu dziya dzisina tambo uye ishangu dzekuti munhu anogona kupfeka achida kuvhakacha shangu dzacho hadzidhuri kana uchida kudzitenga.
ID_YNKOQY,Awa nazomona mashini nazmsini awai.
ID_DPORVV,Na photo oyo nazli komona balakisi nga eza sani ya pembe batia yango likolo ya mesa kosani oyo namoni mbisi namoni fufu pe namoni pondu namoni na pilipili.
ID_PCHJMX,Muchini unoshandiswa pakuongorora zvirwere zviri muviri uye unobairirwa kumagetsi kuti uone kushanda mushure mekunge wabatidzwa padyo pane kamu inotwasanudzisa bvhudzi.
ID_PVXWGL,Mharadzano dzemigwagwa miviri yakapamhamha ine tara murikufamba motokari dzine mandudzi akasiyana nevanhu varikufamba mujinga vamwe varikuratidza kuti varikuda kubira mugwagwa vamwe vaagara vachiratidza kuti vari kutengesa nechekumberi kwacho kuri kuda midhuri yakanaka zvinoratidza kuti nzvimbo iyi iri mukati medhorobha.
ID_HBRDXA,Munhukadzi akarukwa mitsara yemadhiredhi inoenda kumativi ichibva nechepakati madhiredhi ake matema uye marefu zvekudarika mazamu ake.
ID_SKVOBK,Na bilili oyo nali komona balakisinga eza frigo mpe eza moko na kati ya ndako nayli komona biloko na kati bamilangi pe na bamwa sani.
ID_BQTUGO,Bhatafurai rakamhara pasi rinoratidza kuti rine mavara mavara nechekumusoro kwemapapiro aro rinoratidza kuti rine ruvara rutema robva raita ruvara ruchena nechemuzasi tichienda kumutumbi rinoratidza kuti rine ruvara rutsvuku kumutumbi waro rinoratidza kuti rine mavara machena nemavara matsvuku.
ID_GWQLRG,Nzvimbo ine mugwagwa wevanhu vanenge vachifamba netsoka ine miti yakati pano neapo ine mashizha egirini hapana huswa hwakawanda hwatiri kunyanya kuona.
ID_RHQGBX,Boye nazomona eza bato baza ba sportif bafandi na terrain bazosala ba entrainement na bango bazosakana ezali batata bafandi na mwasi pe moko eza pembeni namfandi.
ID_VUVJWI,Muti una mashizha madiki mazhinji anopa mumvuri wakanaka uye mukuru kwazvo.
ID_PPVGVT,Na esika tokomi awa nazomona ndekoya mobali moko atelemi awa alati babilamba ya maputa epui ndeko yango namoni aotala na maboko na ye fon telefone na ye pona abenga mutu.
ID_XKPYUW,Liboso na ngana naka eza kabat bato naini bato oya batiaka babuku ya kotanga nd namoni bsoa koti ye babuku na kitoko mpenza amoni epesi posa ya kotanga.
ID_PBZOVJ,Elili oyo ezolakisa biso etaleli ya sima esika tozomona mwana mwasi akangi suki ya maboko ezali ndenge moko te na misusu kokai na misusu nazomona bazolakisa biso modele ya suki ya maboko na ndenge ekangami.
ID_CEHWTB,Mutuka minene oyo ekomba essense kasi na balabala eza motoka ko aka lembe eza na balabala.
ID_DQNKGM,Na elili oyo nazomona bazolakisa biso mutu na balabala azo pusa brette esika naomona esika azoleka na balabalaezali na elili ya mur bakoni soni la burtantie.
ID_XFMSIQ,Awa namoni batongi bamabanga ebele nakati batika mwa ndako bati vieur gemarie nde biloko namoni awa.
ID_TDFPVB,Mureza wenyika yegatamara una mavara ebhuruu pekutanga nekumucheto pakati pane ruvara ruchena panewo mucherechedzo weshiri nebepa uyewo nezvakaita zvirimwa.
ID_COIPSP,Vatambi venhabvu varimunhandare ekutambira nhabvu vari vana vechikuru.
ID_FNKFXO,Chikamu chenhandare nechedivi rekuno kune varume vakapfeka hembe dzinopfekwa nevatambi umwe akagara pachigaro chake kumberi kune vamwvanhw asi kune zvimwe zvigaro zvisina kugarwa.
ID_DFKJAI,Ivhu rine makomba akacherwa makomba acho haana kunyanya kudzama akacherwa achiitwa tumitsetse makomba aya anogona kushandiswa kusimiwa zvirimwa.
ID_YLLAAX,Maruva akadyarwa ayo arikukura anewo mashizha egirini mamwewo arikubhuruma zvine ruvara rwepichi anonakisawo nzvimbo pangavapamba kana papepa kadyarwa.
ID_FHZRBF,Muchina uyo uri kugadzirwa une ruvara rwebhuruu neruvara rutema neruvara ruchena wakanyorwa parutivi pane gwapa jena nemavara matema.
ID_XFCXUL,Musika urikutengesa zvakasiyana siyana pane makotopeya zvinanasi mabhanana mango nezvimwewo zvakadaro magotapeya ane ruvara rwegirini nemavara mavara matema koitawo mabhanana ane ruvara rweyero nemamwe ane ruvara rwegirinhi akakangavira mango dzine ruvara rutsvuku.
ID_AAOODF,Bato ya masano ya basket bazali kobeta basket na terrain ya basket yast bazai kobeta baskete na terrain ya basket bayibongo bilenge mibali balati bilamba na baculote na basengle na langi ya lilala mosusu langi ya bonzenga.
ID_FUVYYY,Michero yakaibva yakarembera padanda remuti ine ruvara rweyero uye kumativi kwayo kuri girini pairi apana mashizha yakangomira yakarembera iri yega michero inodyirwa nevanhu kuti ibatsire miviri kurwisana nezvirwere uye yakanaka kuti haina mafuta.
ID_SMXLEB,Kasi boye koyeba te soki eza neti nini boye ezali moto batie na kati ya ebale ya mokie neti rivea kasi batie na kati boye eza kosala ye batem eza na batata mibale basingiye na loboko mibale.
ID_SMSMAM,Mudhorobheni mune zvivakwa nemigwagwa motokari dzimwe dzakamira pamativi emigwagwa vanhu varikufamba vachiendawo kunzvimbo dzakasiyana siyana.
ID_MUYVGV,Kisi eza na langi ya pembe motani pe mbwe na bozinga.
ID_BDLDQK,Vatambo vebhora vakamira munhandare vakapfeka hanzu dzakafanana neshangu mumakumbo avo vakamira vakatarisa zvichiratidza kuti varikutorwa mupikicha zvekare varikuimba nziyo yekusimudza mureza wenyika yavo.
ID_SZCLMK,Huku dzakawanda dzirimuchirugu ndedzemhando dzechibhoyi dziya dzinochengeterwa mumisha dzinamavara akada kuenderana ebhurauni zvitema nezvichena.
ID_ARHAXW,Awa nazomona ambalage ya kisi eza na kisi na kati kasi kisi yango eyebani te soki pe ebikisaka malade nini na yebite.
ID_ZUWDYE,Na bilili oyo nali komona balabala ya moyindo namoni babler pembe na balabala oyo pe namoni ndako ya molayi pe ya kitoko balakisi nga awa.
ID_UROXOJ,Tozali komona eza eloko oyo ya ba electronice tozomona baza kolakisa biso baba bafle ezali oyo soki oza kobeta miozic to ozali koloba na micro omona elekaka awa ebandi koloba makasi makasi mpo bato bayoka.
ID_CUSTOO,Mhete idzi dzakasiyana siyana uye nengetani dzekuisa muhuro dzezegoridhe dzimwe dzidiki dzimwe dzihombe dzimwe dzine mavara akasiyana dzakaiswa patafura yebhureki dzakawanda.
ID_LCIVIO,Loboko ya mutu esimbi carton ya kisi carton ya kisi yango eza na langi ya bozinga na makomi eza na langi ya moindu na mosaka na motane namoni bakomi na kisi yango diklofenak eza kisi ya komela mpona koswuanie ba maladi.
ID_XTDFEU,Elili oyo na moni liboso na ngaia na moni mwa nzete ya kitoko mpenza nzete oyo emonani eza nzete oyo babenga yango na monoko ya lopoto pambu eza kitoko mpenza.
ID_EUGOLJ,Chitoro chinotengesa nhumbi dzechidzimai nedzechirume uye mune mukadzi arimo arikuona zvinhu akabata bheke tsvuku nehembe dzakaiswa pazvidhori dzina maruva maruva nedzimwe dziina maruva.
ID_CURVSX,Na elili oyo nazomona esika bazolakisa biso mutu asimbi ndambo ya bilei babengi chou.
ID_VINFUR,Munhukadzi akabata shaya akapfeka hembe ine ruvara rutsvuku akaruka zvinhu zvakanamira musoro zvichienda kumashure zvichiremberera muromo wake une ruvara rwepingi netsiye dzisina kugadzirwa.
ID_FGBZEX,Nyama yakabikwa zvakanaka yakasangana netumwe tunhu turimo tunenge tumupunga tunoita kuti ikorere zvakanaka supu yacho uyewo nyama iyi kana munhu oda kudya anogona kuisawo kana sadza parutivi chingwa mamakaroni nezvimwewo zvakadaro kuti nzara yacho ibva yanyatsopera.
ID_WZHDZH,Liboso nanga awa namoni batata mibale moto na moto aza na bik na loboko pe bazo signer likolo ya ba papier oyo.
ID_XGOOWY,Liboso na ngai nazomona bamatiti ebele likolo na yango nazomona balabala na kati na yango nazomona bamituka na batu ebele bazo tambola.
ID_UTHIVY,Vatambi vari munhandare vanomwe vatambi vari nechepamberi vakaita zvekuchonjomara vari kumashure vakaita zvekumira uye vamwe vacho vakabatana kumapfudzi mutambi ari pakati akapfeka zvakasiyana nevamwe.
ID_PWNRMS,Vanhu varikufamba vachienda kunzvimbo dzakasiyana vari pazvitoro mudhorobha vanosanganisira varume nevakadzi vamwe vari mumakombi apo vachienda kune imwe nzvimbo.
ID_BRZJGE,Mukomana akamira pamberi pechidziro akabata bhachi mumaoko make aneshangu dzekufambisa dzitema uye y akapfeka hembe nhema imwe yakanzi naiti.
ID_QQXOPN,Nhandare iri kuyevedza kutarisa nemhaka ekuti ine huswa hwegirini hwakanyatsochekererwa panewo chivaka chiri kumashure nhandare iyi inogona kutambirwa mutambo weciriketi.
ID_URTBTP,Vanhu vakawanda varikuratidza kuti panzvimbo apa pane chiitiko changa chiripo vakapfeka hembe asi pana madzimai akapfeka hembe dzebhuruu nezvekumusoro zvichena nesiketi yebhuruu uyezve nedhuku rakaita rebhuruu vanoratidza kuti madzimai echechi uyezve zvinoratidza kuti hembe dzavo dzinopfekwa kana paine ungano.
ID_TRPWAZ,Zvirugu zvinoratidza kuti ndezve huku izvo zvakavakwa namasimbi newaya pakaiswa zvikamu zviviri pasi nekumusoro munewo midziyo inoshandiswa pakuisira mvura uye chikafu chehuku.
ID_HXTVSU,Bilii oyo ezali komonisa biso buku tozomona eza na ba dessin ya bana moke.
ID_SEHLEP,Mafuta oyo mafuta ya kitoko ya kopakola ba bengi yango cocoa bite formelezali pona kopakola na nzoto ebombeli yango ezali na langi ya pembe pa ezali na langi ya chokola a na langi ya bozinga ezali pe na langi ya motane moto asimbi yango na maboko.
ID_QTXJXV,Girazi rakabatwa neruoko rwemunhu rine zvitaira-taira girazi iri rinoshandiswa kunwa mvura kana zvinwiwa zvimwe zvakasiyana siyana.
ID_LBHOTH,Nzvimbo ine zvitsvina pane vanhu vakamira nevamwe vakagara pane mumwe akazembera chingoro chakabheurwa pari pane rori iripo ine ruvara ruchena nekamusara katema padivi kakanyorwa nemavara machena.
ID_LFOMIT,Muguta reharare munhurume arikufamba akaisa maoko muhomwe aine kepesi uye masiki motikari ichena motokari dzirikufamba mumugwagwa denga rine makore.
ID_CNMTHU,Vanhu vakagara varikutengesa mbatatisi mai vakapfeka zvichena anedhuku rine ruvara ruchena ane mbatatisi dzavarikutengesa mirwi nemirwi pamberi pane murume arikufamba zvekare arikuratidza kui arikuvaga mbatatisi idzi kumberi kune vakawanda varikuuya varikutsvaga zvekutenga uye pane mukomana anechingoro akamirira vanhu vanotenga mbatatisi kuti agovabatsira kuvaisira mungoro achivaperekedza kuenda kwavanoda kunokwirira mabhazi.
ID_SNVZKP,Matehwe mana embada aine mavara machena tema uye ebhurauni akawaridzwa pane girini pasi.
ID_ZPCTZV,Vatambi vange vachitamba mutambo varikuratidza kuti vakunda pamutambo uyu vapihwa masetifiketi uye vane menduru dzavari kuratidzira.
ID_FJHUKW,Na bilili oyo nali komona balakisinga logo mpeza na balangi ya pembe na moyindo na kati nde nali komona balakisinga na logo oyo.
ID_HGBIRJ,Chipupusha chingoro chine mawasheni bhasiketi migomo ine ruvara rwebhuruu nerutsvuku munhukadzi akapfeka hembe yeyero kumusoro dhirauzi rakasvibira motikari imwe ine ruvara ruchena.
ID_JFEGKS,Murume mutsvuku aripambozha nhare yake akapfeka chikabudura chitema uye shangu dzerudzi rwematenesi dzisina mushinda murume uyu ari kufamba mumugwagwa achipesana nemota chena.
ID_NTGLVW,Eloko nazomona awa liboso na ngai eza eloko oyo babengaka eza mafuta ya bana mike ya babebe ya kopakola na nzoto za mafuta moko ya kitoko vrema mpona babebe siko na molangi yango mpe namoni koza foto ya bana mibale batolo vide balati eloko te likolo eza babebe.
ID_CSUPIY,Nzvimbo ina maruva emhando dzakasiyana siyana ayo akaisirwa mavhu muzvipepa zvitema nzvimbo iyi ingangova inotengeswa maruva.
ID_SFFHJS,Awa nazomona na misonaa foto ya bana bana mibalebatelemi awaliboso na ngai eza bana mibale ya mibali telemi liboso na nga awa bana mibale ya mibali.
ID_BWBLLL,Na bilili oyo tozali komona awa liboso na biso tozali komona bongo ba sabuni soki totali makambo bakomi a carton ya ba sabuni yango ezali bono yo buto asokwesaka yango nzoto.
ID_KXUYAU,Mugwagwa usina tara uri mudhorobha mugwagwa uyu wakanangana nechitoro chinonzi fam nd city kunze kwechitoro ichi kwakapakwa motokari zhinji dzine ruvara rwakasiyana.
ID_FUPBNF,Mhuka yomusango iyo ine nyanga dzakakorerera inamaziso makuru poitawo nzeve dzakakura ine ruvara rwebhurauni muviri wese pamberi panewo mavara mavara machena.
ID_FGIQHS,Foto namoni balakisi awa namoni eza ndaku ndaku wana eza ndaku monemekume na ya makusi awa namoni ba fenetre mingiminimingiba fenetre eza ba couleurr na ba veranda eza nwa ba fenetre nde namini awa.
ID_BPMRMX,Zvuma zviri mukati mechitoro zvakaitwa maputu maputu zvimwe zvine ruvara rweyero zvimwe zvine ruvara ruchena neruvara rutsvuku neruvara rweyero uyezve nezvimwe zvine ruvara rwepepuro neruvara rwebhuruu.
ID_USSSXY,Shangu mbiri dzemunhukadzi dzakaiswa mavara pamusoro uye dzine tambo yekubata gumbo dzakavhurika dzinoratidza kuti dzinopinza mhepo munguva yekupisa.
ID_KZHIEW,Muti uri mudondo pane mauswa nerukatu une hunde mbiri zasi wakabatana kumusoro une mhanda dzakawanda wakatemwamwa mumatavi kukasara matete kuruboshwe padavi rakatemwa pane gomarara rakamera rine ruva dzvuku.
ID_UEKELA,Bato basangani na mesan bamibali kaka bazokoma likolo ya mesa na bangoni eza bamayi na basukre.
ID_FASBOF,Na foto oyo nali komona balakisi nga bandeko mibali baza ba joueur baza na kati ya balabala bali kosala sport pe balati bilamba ekokani nde namoni balakisinga.
ID_ACZEVJ,Iyi imhando yehuku ine manhenga akawanda ebhurauni ane machena musoro wayo muduku kupfuura muviri wayo makumbo ayo akatsika pasi panoratidza kuti pane masora ebhurauni matema maziso haasi kuoneka nekuda kwekufushirika nemambava akawanda muromo wayo wakanongedza mberi kumashure kune fenzi yegireyi.
ID_KVDOAK,Nabilili oyo tozali bongo komona photo ya libota libota tozomona ndeko ya mwasi ya mokolo o akoki kozala mama na bango asimbi mwan mokoya mwasi ne pembeni naye tozomona mwana oka mibali ya muke.
ID_MCNTAD,Oyo ezali drapeau ya mboka.
ID_GVCKDT,Foto elakisi biso mwa balabala molai na kati ya balabala na motuka eza te motumoko te pe namoni ba ndako pembene ya balabala oyo na bamwa lampo ya publike na kati ya balabala eza kopela eza balabala moko kitoko mpenza.
ID_OMVDDX,Awa tozali komona eza eloko babengi bare restaurant tozali komona na kati awa baza koteka masanga ezali esika pe batekaka na biloko ya kolia kasi tomoni balakisi biso bakiti oyo bafatei ya kitoko na mesa ya kitoko kasi batu bazali te kasi na ntako yango ezali kitoko mingi.
ID_FYISHL,Chiruva chechimuti chakachekererwa pazasi kuita denderedzwa pamusoro zvekare chikachekererwa kuita denderedzwa nechepamusoro chimuti ichi chine mashizha egirinhi ane kahuyero nemamwe ane kahubhurauni nezvimiti zvinoita kunge zvaoma zvine ruvara rwebhurauni chiri padivi pechivakwa chine zvidhinha zvitema.
ID_KMVRGB,Rusero rudiki runa makotopeya mana nemabhanana erudzi rwemadiki nepaini epuro yakasiiwa chekumuromo chisina kubviswa zvakarongedzwa zvakanaka zviri patafura repuranga zvinoratidza kuti zvinhu izvi zvichiri fureshi kunze kwemabhanana akuratidza kuda kusvava nekutsva pane mamwe mativi.
ID_QJKNRG,Boye kasi nde nazomona ezali liboso na ngai eza ndako neti na nsima ya ndako boye nazomona eza na langi moko ya shokola boyev na nsima ya ndako yango nazomona eza na langi moko ndiri ya pembe me a mipembe makasi te.
ID_UZNHDS,Nyama yehuku yakanatsobikwa zvakanaka uyezve yakabikwa zviri zvidya zvoga zvoga pamusoro pakabva pagadzikwa madomasi uyezve nezvimashizha zvegirini kuwedzera kunakisa zvibikwa izvi.
ID_SIVQTY,Awa namoni balakisi biso mwa buku e namoni eza buku oyo eza na lisitwale ya mwana mobali moko oyo asimbi apparet ya foto na maboko na mwasi moko afandi pembeni na ye.
ID_ECYWVS,Awa namone eza alimentation nakati ya alimentation oyo yamoni ba milangi yamasanga ebele eza awa bazoteka nde yangooyo balakisi biso awa.
ID_FSMBVW,Awa tozomona bato azosala election soki ezali ya politiqk wana nayebi te nazomona journalist moko azali na micro naye ya yalangi ya bozinga azotunisa ye ba question moto moko ndenge amonaki eleki wana.
ID_IZARIE,Mureza wenyika inonzi dominic mureza uyu une zvikamu zvina zvine ruvara rwegirinhi uyezve yoita mitsara ine mivara yeyero mitema nemichena pakati payo ine denderedzwa ritsvuku rine nyeredzi dziri mukati dzine ruvara rwegirini neshiri.
ID_BYLITH,Muchina wezvinwiwa une zvigaba pamusoro zvegirazi mukati mazvo mune zvinwiwa zvakasiyana chimwe chine chinwiwa chitsvuku chimwe chinwiwa cheyero.
ID_YCUAQR,Photoyo nazo mona liboso na ngai nazo mona ndeko ya mwasi ya mokolo asi akoli asimbi mwanana maboko pe soki totali malamu mwana yango azo bela aza na nzoto kolongono te.
ID_IQDIMJ,Na bilili oyo nali komona balakisinga awa eza na kati ya ndako wana bamenaka masanga namoni ndeko mobali moko ya munene atelemi pe asimbi telephone na ye namoni mama moko alati bilamba ya mikuse.
ID_MWLIFS,Shangu yeruvara rwedenga rwakasvibira ine ruvara ruchena muzasi neruvara rwegoridhe kumasure rakanyora kuti puma uye ine tambo dzisina kusungwa dzakasimukira pamusoro peshangu.
ID_MJZITO,Awa toza komona baza kolakisa biso tomoni esika moko banzete ezali mingi na bafololo na esika baloni bafololo kasi kuna liboso kuna tozo komona ndako moko ezali ya etage moko kasi ndako yango ezali penza kitoko mingi te oo nde ezali dako moko babengi na bopoto ba bandoone oyo batu batika bafandaka lisusu na kati te neyanwana tozali komona.
ID_JFHUZS,Pineu mibale ya motuka etoboya motukaetoboki.
ID_FBJMUD,Pamusha apa pane miti yakasiyana pane mujakaranda uyo une mashizha akaregedzana kozouya pedyo nechidziro pane miti mitatu ina mashizha akapfekana.
ID_YHBQZY,Elenge mibali bilenge mibali bango wana baza na molongo kasi baza neti kobeta bale yango wana bamibongisa ma mpona kobeta bale balati pe bilamba ya kokokana ya pembe.
ID_AAYKBF,Na pfoto oyo nalikomona balakisinga awa eza carton moko ya almet batiango likolo ya libanga moko ya monene carton oyo eza na balangi ya motane ya pembe pe ya mosaaamynoo.
ID_GOJFMX,Bandeko esika na komi awa nazomona na miso na ngai eza obele bana mike bana mikena monoko ya lopoto babengaka bana mike baza na kati ya kelasi eza bana ya gardien ya maternell a ecole maternel baza na kelasi na bango eza bana mitano bafandi na kiti bazosolola eya bana mike ya kelasi.
ID_XLPSXR,Vhudzi refu rakasvibirira rakarukwa zvakati tsepete nomusoro nachapanhongonya panewo madenderedzwa amaraini ayo akanosungwazve vudzi richinorembera poitawo mimwe mitaro inobva nachapanhongonya ichidzira musoro wese kuchizoiswa zvuma pekupedzisira.
ID_VGRHEU,Dandemutande rine ruvara rwegirini rine ruvara rutema neruvara rwebhurawuni yakaita mitsetse inobva kumusoro ichidzika kumashure yakagara pasi pana mashizha akatumbuka mamwe ane ruvara rwepepuru mamwe ane ruvara rwakaita bhuruu mamwe ane ruvara rwegirini dandemutande ritorineshinda dzayo paneruva rine ruvara wegirini.
ID_VYVYRL,Mango dzine ruvara rwakasiyana zinoti yero girini dzimwe dziri pasi dzimwe dziri mudheka ritsvuku parutivi pacho pane mahuswa egirini.
ID_YHQRIM,Kisi nkombo na go doxicycline eza na boite ya pembe na langi ya pondu eza bakisi ya komela mpona kosalisa bato baza na infection.
ID_BNYYWA,Chaineti ya kingo na ya loboko ya wolo.
ID_OAGKDL,Liboso na nga awa nazokomona eza bafu moko bakomi naango cenario bakomi pe locho palfumee.
ID_ANEMZF,Motu aza na makolo azotambola na nzela liboso na ye nzeta ebende ezali na sima na ye motuka moko pe etelemi alati basapato ya pembe na likolo alati elamba eza na balangi mingi.
ID_PQWUBQ,Mumunda mune mavhu akachegwa chegwa nemapundo mamwe akaoma nemamwewo manyoro nechekumhiri kune tumwe tupundo wakadkufuudzirwa nemavhu akachegwa chegwa awa.
ID_XIHAIR,Awa namoni balakisi biso mwa mpuku moko ya monene makasi e namoni eza mpuku oyo ezalaka na zamba na se ya mabele.
ID_KJVWAL,Uyu mudziyo uyu tinoushandisa kutesita zvinhu zvedu zvese zvemagetsi tino uyezve uri mukara yeredhi uyezve une manhamba aripo pauri mudziyo uyu.
ID_AVMULW,Motuka ya kitoko ya mwindo mpona bakonzi to pe libota.
ID_IMABFP,Motokari chena yakamira kumashure kwayo kune rori irikutevera irikufamba kumashure kwerori kune imwe motokari diki nhema irikutevera kurutivi rweruboshwe rwerori kune mota tsvuku iriko zvakare.
ID_WSMAWR,Pendele eza na langi ya bozinga likolo ya monene na line moko ya langi ya mpembe na katikati mosusu na katikati langi ya motani na se nango lisusu molongo ya langi lisusu ya pembe nase lisusu angia bozingana katikati eza na minzoto esaliseacle na langi ya mosaka.
ID_AWJYKX,Awa namoni tata moko alati kitoko aza na suki ya pembe aza na kati ya ndako bazo solola makambo ya politike.
ID_YSXZVS,Motuka moko ya monene etelemi eza na langi ya motaneeza pe na milongo ya langi ya mosaka na nsima na yango eza na langi ya pembe eza na bapno ya minene na se na yango mpe eza na langi ya pembe.
ID_MEVBOM,Eloko nazomona awa bandeko eza ebele bendela ya bendela moko mpenza ya monene mingi bendela oyo namoni eza na balangiba langi mine ekeseni bendela oyo eza mpenza ya bendela moko ya kitoko mingi.
ID_BZZNTU,Nhandare yemutambo yokunzana namasimba kana kuti wetsiva mune ruvara rwebhuruu pasi neruvara kaita bhurauni mune zvigaro zvine ruvara rweyero rwegirini nerutsvuku mune maraiti anopfuta pamusoro mune vanhu vakagara nevakamira.
ID_IMGJFD,Awa tozali kotala batu babilenge mibali oyo bazali bakonzi tomoni balati kitoko balati bakazaka ya kitoko toloki balati ba cravate tomoni balati na ba chemise na kati tomoni bazali kosala eloko babengi masano tomoni bavati na bakiti bango nyonso bazali kokoma bazali batu ya politiki.
ID_GESZQP,Bvudzi rokuwedzera rakarukwa pamudzimai uye rakasanganiswa pakati ndobva rareba richikwira mudenga uye rine ruvara rutema tema.
ID_HCAQMQ,Liboso na nga awa namoni mwana mwasi oyo bapesie coupe ye abetaka basket.
ID_CAEBSB,Liboso na ngai awa na komona photo yasapato sapato yango ndenge ezomonana eza na bosoto mengieza na bosoto mengi pe sapato yango batiye yangolikolo ya tapis eza ba careaux te eza ba tapis.
ID_UOPBUE,Zvivakwa zvakakura zvakawanda zviri panzvimbo iyi zvikavakwa nezvitinha zvine ruvara rwebhurauni zvikapendwa neruvara ruchena pakati pezvivakwa izvi pane miti mihombe ine mashizha ane ruvara rwegirinhi.
ID_IYXUVC,Maruva akasiyana siyana uyezve nemurume akabata hwawa hwake uyezve akapfeka nhimbi yebhuruu neyejini ruva repepuri.
ID_FRPCWP,Awa nazali komona bana mibale bazali kobeta iloko babengaka baske bazali kosakana ba mosusu balati elamba ya mosaka na mosusu balati pe elamba ya bonzinga.
ID_PGCLNI,Mukadzi akarukwa mabhanzi akanaka akarukwa neshinda nhema ari makomo akavhurwa mitsetse yakanyatsonaka nekuti ganda remusoro ririkuonekwa kuchena kuti weke iye akatarisa nechekurutivi mumabhanzi akaitwa hata yakanaka nechepakati achienda kumberi.
ID_KJPMTZ,Awa tozali komona ezali esika oyo mabele ekweyi ebukani esika oyo babengak erosion tomoni bato mingi bazali wana bazali kotala ndenge nini mabele ebukanaki bazali kokamwa bazali kokamwa mingi.
ID_QQNNCC,Awa tozali komona ezali camion moko oyo ezai ya monene tomoni ez camion te ezali bus oyo ya munene nde tomoni etelemi pembeni ya balabala tom ezai na langi oyo ezali na langi ya moyindo tomoni na oyo ya motane ezali na kati tomoni etelemi nabalabala yango tozali komona awa tomoni amomu na ba ndako oyo ya etage ezali langi ya pembe nde tozolikomona awa kasi na balabala ba motuka eza koleka te.
ID_NMFAKL,Na kati ya sale bato ebele basangani ba camera mpona kolanda formation moko mpona bo bakutani.
ID_FOIWOL,Eloko bozolakisa biso awa namoni eza sapato yango eza ya banabasi nde bati likolo ya tapi baolakisa biso awa na biso na biso.
ID_KRJRRI,Munhu akabata banga neruoko rwake rwerudyi rweruboshwe rwakabata domatisi wakaritsigira kuti risadonha achiricheka cheka neruoko rwake rwerudyi zvichiva zvinoita kuti tifungidzire kuti pane zvaari kubika uye ari muimba yekubikira.
ID_YXYKJA,Na esika tokomi awa namoni bazolakisa nga bandeko eza obele esika bazotekisa ba biloko oyo ba nayango na kati ya kelasi oyo ba benga yango ba kreiko oyo eza bake ya ndenge na ndenge ya balangi ya pembe msaya mosane.
ID_WVPTRD,Na liboso na ngai namoni eza namonime lokolo ya monumant namoni bikeko mibale eza na maboko te nde namoni mabele na lisusu alati te kuna ya rompot wana namoni ndaku ya monene.
ID_IOSAJP,Mureza unomiririra imwe nyika wakagadzirwa namavara akasiyana anosanganisira matema yero ruvara ruchena rutsvuku neruvara rwakafanana nedenga risina makore rwakasvibiruka pakati pawo.
ID_MKIPOE,Bhora rakagadzikwa panzvimbo ine uswa une ruvara rwegirini nemavho akawandisa pane mashizha emubhanana akaoma akadonhera pabhora iri bhora iri rine ruvara rweyero neruvara rwepepuo.
ID_EAXNCQ,Bhutsu tsvuku kana kuti ine ruvara rweredhi yigumbo rekurudyi iri yechenhukadzi.
ID_IVVGIB,Awa na moni eza na bato ebele oyo batelemi esika moko na kati ya ndako e liboso na bango eza na mwa mesa ya monene na ordinatere eza na mesa na mwa kopo ya komela mayi.
ID_INGTEI,Awa namoni balakisi biso tata moko oyo azoleka liboso ya ndako namoni tata yango alati kitoko makasi pembeni na moni eza na mwa ndako moko oyo bapakoli yango langi ya pembe.
ID_UYYZRT,Bilanga esili kobimisa ba mbuma nango oyo ezali fruit ba bengaka pakapaka eza na langi ya lilala pe na mwa langi ya pondu moke.
ID_KAXPYS,Bilili oyo nazali komona awa nazomona eza bago mesa likolo ya mesa yango nazomona basaani saani moko ezali bongo na mbisi ya mayi sahani mususu namoni ezali na ndunda pe sahani mosusui kuna amoni pe batiye mapa nakati.
ID_NTGXTG,Elili oyo namoni liboso na ngai namoi basi mibale batelemi balati kitoko pe balati bamwa biloko ya matoyi oyo babenga yango na monoko ya lopoto ba bijou pe namonimoko aza na mwa sak me na loboko pe ba robe na bango eza na balangi oya ya bozinga batelemi pe kitoko mpenza.
ID_IODZNG,Vanhu vakawanda varikufamba mumugwagwa vamwe varikufamba vakatakura zvinhu zvavarikutengesa kumativi kwemugwagwa kune misika yakarongwa iri kutengesa muriwo matimati nehanyanisi.
ID_EZCCJG,Vanhu vari munhandare yebhora vakapfeka hembe dzemutambo pane bhora riri muchadenga mumwe akamira arikuratidza kuti anechekuita nebhora iroro kuti rakandirwa mudenga pane vakagara kuzvigaro varikuyeva zvirikuitika munhandare nevarume vaviri mumwe erimwdivi varikuonazvrikuitia varikuita samarefu emutambo uyu.
ID_MLEGVG,Eeawanamoni toza na kati ya sale monene namoni eza na bato oyo basimbi bambunda na makolo bazobeta ezana bana basi na bana mibali namoni pe mosusu azobeta linganda bango tu balati ndenge moko.
ID_BRLAKJ,A zali lisanga ya bokonzi ezali na renion kosolola makambo ya mboka.
ID_ZPDKPY,Shangu idzi dzitema uyezve dzinoratidza kuti dzakasonewa nechekumashure kwadzo dzinoratidza kuti dzakuperera pasi nokufamba.
ID_ILZBDG,Lipe boul batie na kati maki ya okalinga na musuni pembeni nango frite ezali pe eza na ndunda mobeso na pembeni na yango.
ID_BUPBKJ,Loboko esimbi nzeta fufu.
ID_AMCCBI,Simbi inodaidzwa kuti shoko iyo inoshandiswa pamotokari yakagadzirwa nesimbi inoita basa rekuti motikari isanzwika mabhambi kana ichifamba.
ID_AKEKCT,Awa na moni eza na kati ya bilanga liboso na ngai nazomona mbuma moko ya kitoko pe ya elengi mingi.
ID_JODRQI,Bendelebendele yango ezali bendele eza na langi boye ya bozinga eza pe na langi ya motane kasi yango bendele oyo ezali bendele ya mboka oyo nayebi te.
ID_JNBDOP,Sango rine sora rakaoma nemiti yakasvibira ine mashizha egirini rakakomberedzewa newaya ine mapooro esimbi machena uye miti midiki.
ID_VJUJUD,Mugwagwa miviri une tara neusina motikari miti ine mashizha egirini nemaruva epepo huswa hwakaoma.
ID_RQNSVH,Munhukadzi wakarokwa musoro wakasonererwa vudzi risiri rake pamusoro rakanaka kuuma rakakura kugotsi ipfupi kudivi rokurudyi mberi rakandonamirwa paganda rake rakamonyana monyana rakapfeka magirazi achisekerera.
ID_SLVYIM,Balabala ya molai na kati ya zamba banzete eza ebele kasi namoni mutuka na kati ya balabala oyo te te balakisi biso na foto oyo.
ID_NXLUAE,Vhiri rekuisa pamotokari rakagadzikwa riri rega rine ruvara rutema nesirivheri pakati uye rakanyorwa nezvichena rakagadzikwa pamusoro pechinhu chine ruvara rutema nesirivheri uye pasi paro pane mataira akatsinhana zvakanaka.
ID_MRGPUB,Vanhu vakawanda vakamira mumutsara vari pamagirosa mumwe wavo munhukadzi wechikuru mumwechete akagara pasi pamberi pake pane bhaketi richena.
ID_QWDAYZ,Chanza chemunhu chirikubudikira chakabata mashizha emuti mashizha emuti aya mamwe ane girinhi yakanosvibira mamwe ane girini yakanochenerukira mukati mechikwenzi umu mune kopisi tsvuku yakaturikamo.
ID_IWEWTQ,Logo ya pembe pe makomi na yango eza na lange ya bozenga basala yango mingi na kati ya basociete na baentreprise.
ID_JVFLIH,Mukati memotokari inoratidza kuti itsva ine zvigaro zvinemavara matema neegireyi mune mabhadhi anochengetedza vanhu kubva mujodzi parutivi payo pane ruva guru rine mashizha egirini.
ID_IABFQG,Bana basi misato bazobeta bale ya volle bol ba oyoo ya ngambo oyo balati pembepembe ba oyya kuna balati mosaka bazobeta bala ngo na mabele.
ID_SOGDSX,Mumba yekurarira mune mubhedha wakakura chaizvo mubhedha uyu wakawaridzwa jira rine mitsetse uyezve mapiro ane mitsetse pedyo nemubhedha uyu pane chioniso chiri parutivi.
ID_ETCPAZ,Nzvimbo inowanikwa muguta ine motokari dzakanaka inewo zvipangwari zvinoshandiswa nevanhu vaya vanoda kushambadza pane migwagwa yakaiswa tara kumberi kuri kubudirira zvivakwa zvakakwira mudenga.
ID_YSXMAC,Na esika na komi awa bandeko naomona eza na na mwa nzela moko ya mabele pa pembeni na nzela na mabele na moni eza ebele bamituka mibale baatelemi wana ba mituka oyo eza nalangi ya mai ya pondo.
ID_WUIHHV,Michero yakasiyana siyana inodywa nevanhu imwe yacho irikuoneka mhodzi dzayo tsvuku uye imwe yacho yakachenerukamichero iyi ine imwe mitsvuku irikuwanikwa ine mambava.
ID_OPDKDJ,Balabala ya kokufa pona mai ya mbula mayiya mbula ebeti etondi wana bato azoleka na mopanzi moto moko alati elamba ya lange ya pembe na likolo langi ya bozinga na se na sima eza mama azokalati liputa alang ya mosaka.
ID_UGAAJY,Liboso nanga awa namoni balakisi nga mwa bwate pe na kati ya bwate oyo eza na bakisi na kati likolo ya bwito bakomi talodol pa nde yango oyo eza kisi nde eza na kati.
ID_ZSWGRX,Michero inopa hutano uye inodzivira ubva kuzvirwere inoti maranjisi mabhanana tsangamidzi uye makerotsi.
ID_CCMSCC,Mutuka oyo eza motuka ba bengaka camion eza camion eza motuka oyo ememaka biloko ememaka ba zeloememaka ba mabanga tango bato bazo tonga ba bala bala tango bato bazo tonga ba ndako mituka oyo nde ememaka ba zelo po bato ba tonga eza na langi ya pembe na ba pneu ya langi ya moindu na pembeni wana eza na langi ya motane.
ID_FKVEEO,Shangu mbiri dzakavharika dzine ruvara rutema dzinopfekwa vazhinji nevanhurume.
ID_SWVGWH,Tinoshandisa kukoma zvipikere masimbi nemapuranga.
ID_GQDNFR,Awa naomoni eza esika ya bisengo liboso na ngai nazomona ba bilenge ya mibali na ya basi bango nyonso balati bilamba oyo ya langi ya pulolo na pembe.
ID_FUVCDX,Musoro wakarukwa bvhudzi namabhureidhi marefu anekuzasi kwaanoperera kwakatesvera akakora anorukwa achibva divi rekuruboshwe achienda kurudyi achidzokera kumashure nekuseri kwenzeve musikana wakamarukwa wakapfeka dhirezi dzvuku risina mahoro.
ID_UXUXQS,Caloti oyo eza mibale mibale mibale ndenge moko kasi nyonso eza na bandunda.
ID_AICQQG,Namoni kisi oyo esondaka pona malali ya libumu na kati na ndako ma yango.
ID_ITMCTW,Maruva arikuratidza kusvava uyezve mamwe akatumbuka asizvatumbuka zvacho zvasvava zvaoma pana mashizha akaoma aneruvara rwebhurauni mamwe ave neruvara ruchena aaratidza kuti arikudonha kubva pamashizha eruva iri.
ID_ZVIXHA,Imba yokurarira ine mubhedha wakaiswa zvokufuka jira rakadhizainwa zvakanaka nemaruva akasiyana siyana kune makabhodzi kumadziro ekurongedzera mbatya nezvimwewo zvinhu kune rumwe rutivi kune fafitera nemaketiri.
ID_QVBLES,Majirafu tuu marefu refu.
ID_MYASSN,Foto elakisi biso na kati ya ndako moko boye na ndako oyo na moni mobali moko atelemi na likolo ya eloko pe eza kopakola mwa langi na ndako oyo pe alati mwa sengle.
ID_QTCLHN,Masora akawanda aripasi ane mashizha ane mizera yakasiyana egirini parutivi pane matombo.
ID_QFAWQN,Misoro yezvidhori miviri yose yakasungwa madhugu ane mavara mavara miromo yazvo yakapendewa zvitsvuku.
ID_OPOHQH,Vanhu vari panzvimbo inopihwa zvidzidzo pane vanhu varikuratidza kuti vapedza zvidzidzo saka vakupihwa mapepa avo vakapfeka magauni ekuratidza kuti vagirajuweta panewo vari kucherechedza vari pamberi.
ID_JCXYBZ,Mukomana akapfeka hembe chena nemudhebhe webhuruu neshangu chena akabata bepa dema arikufamba achienda nekune mvura akafuratira chivakwa chine ruvara rwebhuruu nemukomana akamira akapfeka tisheti ine ruvara rwebhuruu ine maoko mapfupi pane munhu akagara pasi ane hembe ine ruvara rutsvuku.
ID_YTIZJS,Gonye rine ruvara rwebhurauni rakasimudza musoro uye rine dumbu rinoratidza kuti rakaguta uye rakaiswa panotefetera pane ruvara ruchena.
ID_CCEJUY,Awa namoni liboso na ngai balakisi ngai eza bijouteri esika batekaka ba bijoux nde yango bazolakisa biso ba shonete na ba groumetes bato balataka.
ID_ISKCCH,Vanhu varipakati penhandare vanovavana vatatu vakapfeka mbatya dzine girini uye tema umwe akapfeka mbatya dzeyero varipedyo nemudhuri pakanyogwa kuti sim syber cit.
ID_MCYHND,Panzvimbo yekutengesera pane vanhu vakawanda pane mai vakabereka mwana nembereko tsvuku ine mutaro mutema uye madomwe madomwe pane murume akabata nharembozha mumaoko akamira parutivi pemaputi.
ID_PHABFK,Badza mudziyo unoshandiswa kuita mabasa akasiyana siyana vamwe vanoshandisa badza kutimbira mumunda kana kuchera makomba vamwe ndovanorishandisa panguva dzekusakura.
ID_EDVJNY,Panze pane sofa rakagadzikwa mhuvhu sofa iri rine ruvara rwakaita rutema pamusoro pesofa iri pakagadzikwa makusheni ane ruvara rwakati chenerukei.
ID_QDWOCD,Motuka oyo esalaka taxi ya langi ya pondu likolo eza na langi ya pembe likolo likolo logo na yango ya taxi eza nalangi ya mosaka na bakoma na langi ya mwindo mwindo na yango eza langi ya motane.
ID_YUBNIJ,Na bilili oyo nali komona na sani oyo namoni pondu namoni bakwanga namoni pe bamisuni ebele biloko ya kolia oyo eza ya kitoko.
ID_IUIMQR,Na bilili oyo nali komona awa eza bambuma ya kolia nde nali komona eza na balangi ya pondu pe eza ebele.
ID_KWGXEV,Masofa akagadzirwa nematanda ane matanda ane ruvara rutema neruvara rwakachenerukira nechepamusoro pawo ane ruvara ruchena masofa aya anoratidza kuti akanaka uye anoyevedza kuona akagadzirwa zvine unyanzvi.
ID_ZDNNEM,Awa balakisi ngai bana mibale mibale bafandi baza na kati ya ndako bana mibali.
ID_NJUTWH,Midhudhudhu iyi yakarongedzwa zvakanaka pamberi payo yakachengetedzwa necheni iyo yakapendwa zvitsvuku nezvichena.
ID_FVYBJQ,Besu reshiri rakareba rakatorwa mumiri weshiri usiri kuoneka rinoratidza kuti ndereshiri huru nekuti minhenga yacho yakakura ine ruvara rutema kuseri kwacho kune miti yegirini nemaruva.
ID_ARBIRT,Awa namoni balakisi biso mwa lipapa ya jaune ya konzuluka namoni eza lipapa oyo ya bana mibali batiango nase na kati ya ndako.
ID_AFAKEG,Foto elakisi pano publiciter ya aviation moko babengaka yango lengo espresse.
ID_MJSRCG,Awa nazomona bana mibali bake kosala sport balingi bakende kosala sport namoni balati bilamba ya sport bana mibali ba mosusu batelemi bamosusu bavandi.
ID_MFQGCD,Nazo komona buku buku yango il fat ezaka eza badessine ma ban na couveture na yangoeza batu misatu moko ya suki ya mosaka mousu nasoki ymoyindo mosusu aza na ba tredres.
ID_SWNBNQ,Miti yamarudzi akasiyana ine mashizha egirini pamberi pane ruzhowa rwefenzi uye pane mapango akamisikidzwa uye akatenderera.
ID_RSLMJI,Maruva akadzyvarwa kuti nzvimbo itaridzike zvakanaka akaitwa matatu matatu zvine unyanzvi mamwe ari mudendenedzwa ari egirini pakati pakaiswa anenge zvimuti akatumbuka maruva matsvuku.
ID_FTZRME,Na bilili oyo toali komona balakisi biso awa eza bato ebele bafandi pe na pembe na bango lupango wana na moni batie ba dessin misusu.
ID_CFSWOV,Tafura ine ruvara rutema yakawaridzwa zvuma zvemuruoko nendarera dzemuruoko dzirikutengeswa uye dzakawanda dzina mavara matsvuku mamwe aneruvara rutema mamwe ane ruvara ruchena mamwe ane ruvara rwebhuruu.
ID_IMQQQV,Photo eza liboso na biso namoni mwana mwasi ya kitoko pe ya pembe mwana mwasi oyo aza na basuki moko ya kitoko penza azolakisa biso ndenge bakangaiye suki na ye ya kitoko.
ID_GCKZBD,Mukati memotikari murikuonekwa mushina unoratidza kuti motikari iri kumhanya sei une zvitanda zvitsvuku zvakatenderera uye pakanyorwa nemavara machena.
ID_SZMOVM,Vakomana vaviri vari pakati pekurwa pamutambo wetsiva vakomana ava vakapfeka zvakasiyana umwe akapfeka zvichena umwe akapfeka zvebhuruu.
ID_WFSNBQ,Liboso na ngai nazomona moteur moko ya motuka.
ID_CNHGQK,Esika bana ba vandi awa namoni eza neti baza na classe namoni bazo koma na kati ya cahier bango nyonso balati ba elamba ya classe ba bengaka ba uniforme.
ID_FIVZJF,Awa pe esika na komi awa nazomona na misu na ngai bandeko eza obele panqarte eza panqarte moko ya monene ya monene mpenze eza na misu na ngai pancarte oyo eza mpona publisite ya kobunda na covid naomona awa eza ya publisite ya kobunda mpona covi disneuv eza pancuarte moko monene.
ID_PSPVUJ,Bhutsu yechikadzi imwe chete yakagadzikwa pasi ine ruvara rweorenji mukati ine ruvara rwakachena ine mabhande arikuonekwa anoshandiswa kuzosunga kumbo pasi apa pane ruvara rutema neruvara rwakachena rune madododo matema.
ID_ZTKFTF,Maruva akakadzirwa dzakanaka uye miti inoyevedza motokari yakamira nedzimwe motokari dziri nechekuri emiti mihombe.
ID_DAOMCB,Komichi yerudzi ruchena ine mubato mune derere riri mumvura riri mukati mekomichi iyi sipunu yakabatwa ikabudisa rimwe derere shoma mvura yederere inoshandiswa nevamwe pakomwa uye derere rinobikwa rodyiswa sadza.
ID_PDIVWS,Chitoro chinotengesa zvishongo zvemuhuro zvemunzeve zvemumaoko zvemumakumbo zvakasiyana siyana zvimwe marin'i emuchato zvakagadzirwa zvakasiyana siyana zviri mumasherefu zvakaiswa pamusika kuti vanhu vaone zvishonge dzeke zvimwe ndezvegoridhe zvimwe zvesirivha zvimwe zvestanle still.
ID_XXRGUZ,Muti une mashizha egirinhi akachenerukira nezvivana zvine ruvara rwebhurauni zvakawanda muti uri padivi pemudhuri mukati memudhuri mune zimuti zihombe rine mashizha egirinhi akawandisa pane mumwe muti une tumabazi twakaenda mativi tune mashizha tudiki twegirini panze pemudhuri pane tumaruva tune tumiti twegirinhi.
ID_DDOTPI,Bato mibale bafandi na kati ya ndako mwasi na mobali baza na katikati ya mafuta ya komipakola balasi mafuta ya nzoto na mafuta ya motu nyonso ya komipakola biloko ya nzoto.
ID_OLQQKH,Zvipembere zvakawanda zvinodarika zvitatu izvo zvakamira panenge parutivi pomugwagwa zvipembere izvi zvihombe uye zvinoratidza kuti zvava zvekare zvine ruvara rwedota muviri wese.
ID_CDRINL,Ruoko rwakabata goka nhema yakabatidzwa kuti ipe chaedza murima.
ID_OESMJN,Michero miviri yerudzi rwendimu rimwechete rakachekwa nechapakati richitaridzwa mukati maro umo makatsvukirira uyewo rakaibva rangomirira kushandiswa kana kudyiwa.
ID_YRXNJR,Motuka oyo ezali neti ya sika kasi ozomona ezali motuka neti eza kitoko pe makasi mingi yango eza na langi ya mwindu eza pe na langi ya mbwe.
ID_EOQIYP,Vasikana vanoita zvemutambo webhora remumaoko vaviri vakapfeka zvakafanana vaviri vakapfekawo zvakafanana vaviri vekuruboshwe vakapfeka hembe dzine ruvara rwebhuruu dzakanyorwa pamberi neruvara ruchena kwoitawo vamwe vaviri vakapfeka hembe dzine ruvara rwepingi yakachenerukira kumusoro yakanyorwa neruvara rwepingi nechiva mberi kuzasi vakapfeka zvikabudura zvine ruvara rutema.
ID_SEJVSP,Musha wakakomberedzwa nehwaya mukati memusha umu mune sora riri kubudira rinoratidza kuti rakatsvukuruka kana kuti tingati harina utano zvichibva zvaita kuti tifungidzira kuti rave nenguva risina kumbowana mwando pane dutu rezvigubhu zvakaunganidzwa kuratidza kuti zvinorashirwa ipapo nechekunze kwacho kurikubuda futi marara akangorashwa rashwa anoratidza kuti mapepa.
ID_FALXJI,Masofa akarongwa zvakanaka ayo anemitepfetepfe inogarirwa nevanhu munguva dzekutandara kuzorora kana kuitawo zvimwe zvinhu ane mapiro awo aneruvara rutsvuku nerwegireyi pakati pawo zvakare pane tafu.
ID_ZOIAKV,Milangi mibale ya savant mpona ko sokola nzoto milangi mibale ba savon ya mayi mpona kosokola na nzoto.
ID_EJXBUL,Etika oyo balakisi biso bato baza mingi mingiingi mpenza batelemi baanasoki baza kolanda nini toyebi te tomoni kaka batelemi tomoni batika mwa tapi moko ya langi ya bolulu na se soki balingi basa mbela soki balingi basala nini toyebi te bango mokonde bayebi kasi bato yango bazali mingi tomoni ngambo kuna ezali zamba ezali na banzete mingi ezali na bamatiti mingi soki bazali kosambela soki bazala kosala nini toyebi te bango mokonde bayebi.
ID_XYRMYH,Mitsvairo yakatsveta pasi yakaturikidzana yekutsvairisa panze uye mumba vamwe vanhu varikufamba vamwe vakagara motokari yakamira mumugwagwa.
ID_GTHNLE,Awa namoni toza na kati ya lopango moko ya monenee namoni na kati eza na mwa ndako moko ya kitoko makasi oyo bapakoli yango langi ya pembe liboso ya ndako namoni eza na ba sapatu oyo batiki libanda.
ID_XHJUVO,Bandeko eloko nazomona awa na misu na ngai naza obele na kati ya ndako mai ndako yamgonmoinaza na place oyo ba bengaka na monoko ya lopoto na sale ya manger a sale nay mange o namoni bato bazoliya bilei eza papa mama na mwana na ye baza na kati ya sale a mange baza na mesa bazolia biloko ya kolia.
ID_FCQYCF,Nzvimbo inotengeswa zvuma nemhete zvemhando yepamusoro zvimwe zvachona zvakarongedzwa nechepamukova kuti vanhu vaone senzira yekushambadza zvinhu izvo zvuma nemhete zviripo zvine ruvara rwegoridhe ruvara rwesirivheri namamwewo mavara.
ID_ERVOTT,Awa nali komona biloko oyo balambaka namoni babirai ba carotte baltungulu ba pomme ba mboma nyonso bato baliyaka mpona sante na bango.
ID_FDEPXL,Namoni eza esika basambelaka liboso na ngai namoni eza na balangi misato ya liboso eza langi ya bololo ya mibale eza langi ya pembe ya misato eza langi ya motane.
ID_QAFTFH,Katikati ya boutique ya cosmetique nazomona batekaka babiloko ya mafuta ya kopakala na nzoto nazomona pe basabon likide ya bapomade ya bana moke ya baslene babengaka yango familia.
ID_JWAFPP,Na foto oyo nazali bonzo komona loboko soki totoi molamu ndenge manzaka eza molayi ezali bongo loboko ya ndeko mwasi asimbi naloboko nae molangi ya muke pe bakomi na molangi yango ezali bongo mafuta ya basi ya koi pakola na nzoto.
ID_KCSMOL,Vanhu vari munhandare varikutamba mutambo webhora panoratidza kuti pane timu mbiri yevakapfeka zveyero kumusoro nevakapfeka zvebhuruu akapfeka zveyero anebhora raarikuda kuedza kuti amhanye naro kuenda kunomwisa asi pane mumwe akapfeka zvebhuruu arikuedzawo kumhanya kuti amuvharidzire pane vakagara varikuona zvirikuitika nechekumberi.
ID_INNLQH,Na elili oyo tozali komona muselekete azali kotambola na matiti ya lanti ya pondu eza muelekete.
ID_BVVWIJ,Nzvimbo ine miti uye huswa huswa hwacho hauna kunyanya kukura hurikuwanikwa kunze kwerusvingo runodzivirira imba huswa hwacho hwakatsvukuruka hurikuita sekuti hauna mvura mukati mune miti yakakura miti yacho ine ruvara rwegirini.
ID_IJZINK,Na katikati ya balabala ya monene bandako ya milai eza mingi eza na balilisa ya kitoko na se na yango mituka eza mingi etelemi ya mwindu ya langi ya mbwe bato batelemi na balabala yango banzete pe ezali nyonso eza esika moko.
ID_LCANJA,Buku ya banakelasi ya mitano ezolakisa bango kotanga pe kokoma.
ID_SMUHMR,Na bilili oyo nali komona balakisinga awa eza ba kopo ebele na kati ya bakopo oyo namoni biloko ya balangi ya moyindo pe bati ango likolo ya nsima ya ma karo ya pele.
ID_TJRFZC,Vatambi varikuserebhreta vakapfeka nhumbi dzeyuganda.
ID_UTRRNL,Vana vari munzvimbo inoitirwa mutambo vamwe varikufamba vamwe vakamira vakatarisa murairidzi wavo vakapfeka nhumbi dzine ruvara rwakasiyana vamwe vakapfeka zvitsvuku vamwe vakapfeka zvichena uye vamwe vakapfeka zvegirini nepingi.
ID_TGHGEF,Eleli oyo bazali kolakisa bato bazali kotanga pe bazali ebele bazali mpenza ebele basangani basi na mibali baza kotanga.
ID_EOGJIP,Vanhu vakapfeka nhumbi dzinoratidza kuti ihembe dzemutambo vakapfeka hembe dzine ruvara ruchena nemabhandi vamwe vane mabhande matema vamwe vane mabhande ebhurauni mumwe akapfeka chitema kumusoro nebhade neupasi kune zvichena vanhu ava varikuratidza kuti vanhu varikuita mutambo wekarati pane munhukadzi mumwechete werudzi rwechivanhu nemunhukadzi mumwechete werudzi rwechichena.
ID_ADOMPT,Shiri hombe yakachenuruka yakamhara padanda rakaoma rakapinda mumvura iri kuongorora mumvura kuona kana ingagona kuzviwanira hove yokudya.
ID_IHETUB,Awa eza na kati ya kompani basalaka biloko ya mabende ba ba machine oyao egumbaka ambe salamambu ebelei bosalaka biloko ya mabende babiloko ba kosala ba bato bkni bafungola bilaa bambu elekuaka ea biloko ya societte.
ID_TWOJWP,Vanhu varikufamba pamugwagwa unowanikwa mudhorobha reharare pane munhukadzi akaisa pendi tsvuku mumusoro make akapfeka hembe yeyero akaisa chivhara dzihwa arikufamba arikupesana neumwe akapfeka hembe ine ruvara ruchena kumusoro neimwe yepingi kuzasi pane miti irikuonekawo uye nzvimbo iyi inoratidza kuti inoitwa zvinhu zvakawanda nekuti pane vanhu vakawanda varipo pane umwe akagara pahidzo nemadziro akaisa zvihu zvake pasi zvekutengesa.
ID_BSBTOV,Pfoto eza liboso na ngai namoni mwa bilei likolo ya mesa pe na baa sani ya kitoko biloko oyo eza penza ya bandele oyo namoni eza ba misuni oyo basalaki yango na kati ya blette pe na kati ya bulette oyo namoni batie makue pe kuna namoni basaani mosusu ba salade eza na kati pe na ma kwanga na kati eza kitoko mpenza.
ID_GDGYJP,Awa tozali komona ezali ndako moko ya etage kasi tomoni ndako yo ezai ya sika tomoni bauti koto kotonga yango kala mingi te kasi tomoni eza na balangi oyo ezali langi yaya pembe na mwindo tozali komona na ngambu kuna tomoni chokola yango wana tozomona ndako yango ezali kitoko na balabala moko ezal liliboso nango esika bato balekaka na esika bamutuka etelemaka tomoni ezali kitoko mingi ndako yango.
ID_KTXNJJ,Awa nangai nazomona ndako moko ya matiti na kati na yango nazomona bato bafukami bazosambela.
ID_ZGAKHJ,Likolo ya carro ya pembe mapapa ya bilenge basi na langi ya moyindo moko emati likolo ya mosusu nyonso ezali obele pembe makomami na langi ya lilala.
ID_XMKMDY,Zvuma zvakarembedzwa kuti zvioneke hunaku hwazvo kune vanenge vachida kuzosvitenga.
ID_NUOSCF,Shiri ine ruvara ruchena muviri wese iri mudendere inoratidza kuti yakafuratira vana kana mazai ayo parutivi pana masora akasvibirira.
ID_TSWXQX,Foto eza liboso na nga awa na moni mwa logo moko ya kitoko logo oyo bakomi medi lie eza kitoko penza.
ID_SYIVJF,Munhurume arikufamba akapfeka bhachi dema rine hembe yakacheneruka mukati akapfekawo mudhebhe une ruvara rwedota uyewo akabata bhegi rine ruvara rwedota muruoko rwake rworudyi.
ID_YEIYDD,Na bilili oyo nali komona awa balakisi nga mayi ebele pe namoni ba mabanga na kati ya mayi oyo te namoni mesoki namoni malamu kunamoni banzete pe na ba ndako ya milai.
ID_ERPYFF,Mapoto ayo anoshandiswa pakubikira ane mizera yakasiyana siyana mamwe mahombe mamwe madiki ane mivharo yakagadzirwa negirazi uye mibato iyo yakagadzirwa zvivne ruvara rutsvuku.
ID_EALPPR,Amai vakamira vakabata mwana parutivi pavo nechekurudyi mwana ane hembe nezvebhuruu zvitema nezvitsvuku ivo vakabereka bhegi rine bhurauni parutivi pavo pane macheya atsvuku nemachena akagadzikirwa kireti yechingwa mberi kune varume vakabereka masechero uye vane makepesi vose.
ID_BEAXGU,Muti wakanatsokupfumvutira une mashizha akasvibira uyezve unoratidza kuti une mumvuri wakanaka muti uyu une mapazi akawandisa.
ID_MDCGJE,Liboso na ngai nazomona equipe ya rdc ezobeta ndembo.
ID_PHGEPM,Elili oyo tozali komona tozali komona ba mbuma pe tomoni bassin tomoni ba mbuma yai ek eza manga ma manga yano esi eteli batondi yo nase misuosu ba tieyango nakati ya bassin.
ID_AKEEIU,Munhukadzi akagadzira kumeso kwake akadhirowa tsiyo dzake akapenda muromo munzeve dzake muna mhete dzakarembera musoro wakarukwa namabhireidzi akasungwa padivi napadivi.
ID_ZFMADM,Na bilili oyo nali komona bandeko mibali baza bakonzi batelemi ba mosusu bajeune bafandi na se nte nali komona balakisi ba moko balati makulungulu.
ID_ZDVLXF,Photo namoni namoni eza photo ya sapato sapato balataka ya mwasi.
ID_MPUFTN,Na bilili oyo tozali komona awa ezali bongo kabati pe kabati yango tomoni ezali libanda pezaliboo nakati ya ndaku te pe tomoni esika ezali batiye yango likolo ya matiti.
ID_CXIQEJ,Shangu inopfekwa kurutivi rwekurudyi yakagadzikwa pasi ine ruvara rutsvuku uye imhando yematenesi kumberi kwayo kuchena payakagadzikwa pane mavara matema nepamwe pane madodzi uyewo shangu yakadai inopfekwa vanhu vachiita zvemutambo kana kuti kuchitonhora yakanakira kuti hainetsikufamba nayo sezvo ine chitsitsinho chipfupi.
ID_PKWEOW,Bana miney mibale ya mikolo mibale ya mike ya mike moko alati tolo polele alati jypon mosusu alati elamba likolo langi ya pembe ya mokulo alati elamba ya langi ya motani ya langi ya mosaka langi ya mpondu mosusu alati elamba likolo ya langi ya mpondo.
ID_ETGYHN,Panobuda chirimwa chebarwe chatobereka hupi yebarwe isati yasvika yabudisa rebvu namamwe mabarwe arimumunda anoratidza kuti akahondoroka.
ID_UEICYL,Nazomona na elili oyo bazolakisa biso esika babokolaka soso nazomona ezali lokola esia ya bobokolisoso.
ID_PEYHNZ,Bato mingi batelemi elongo bazo tala makambo motu oyo avandi na se azo teya bango.
ID_UCVURN,Bilili oyo nazali komona liboso nangaia pamoni ezali bongo nabalabala na balabala mutuka ya ndeko songolo ekufaki tomoni ndeko moko azal nase ya mutuka esali longoli pneu azali kobongisa yango.
ID_AFXWKR,Vanhu vechirume vakawanda vakamira panzvimbo inotambirwa mutambo wechirume webhora pane uswa hurikuonekwa hweruvara rwegirini kuita mitsetse yakadhirowewa pasi yeruvara ruchena nechekumusoro kune macheya panogara vanhu ene ruvara rwakachena nerudzvuku.
ID_CCJUEN,Ringi dzakapfekedzwa mumaoko maviri emunhukadzi rumwe ruoko rworuboshwe runoratidza kuti rwakapfekedzwa maringi maviri akandocheneruka anoratidza kuti ndeesirivheri uye rimwe ringi rakapfekedzwa kuchikumwe chekuruoko rworudyi.
ID_MWXPLB,Makanika arikusungasunga motokari aripasi payo achishandisa zvipanera zvekugadzira nazvo motokari.
ID_GYTAHY,Tireyi bin nemasherefu okutsvetera zvinhu kana kuti zvinyorwa kana kuti zvishandiswa muhofisi.
ID_OWIOED,Awa nazali komona camionete moko ezali na langi ya pembe tomoni mosusu ezali pembeni nayango nyonso etelemi omo ezali na langi ya bululu etelemi wana ezali eloko bapeni parkingg tomoni etelemi ezali kitoko.
ID_MYATCF,Varume nevakadzi vakapfeka hembe dzokudzanisa vakamira pasora rakasvibira rakachekererwa zvakanaka vane majakazi mumakumbo uye vakapfeka mbikiza nehembe tema pane mumwe ane rokwe jena akapfeka zvakasiyana nevamwe.
ID_PIRDKK,Nyama ya zamba oyo eza mibale nyama ya zamba yango eza na langi ya chokola na minoko ya liboso eza na langi ya mwndu nyama ya zamba yango eza na zamba eza na matiti ya mokuse eza na langi ya pondu.
ID_OZLILC,Awa nazomonanazo mona eloko ebengami sapatu sapato yango eza sapatu kombonayango puma puma ty sapato oyango eza yalangi ya langi ya moino eza ya langi ya moyindo.
ID_QMZGIX,Hofisi ine feni ichena mahwindo egirazi ane ruvara rutema mudhuri webhurauni une mutsara webhuruu.
ID_CTDWOV,Motokari hombe yerori regonyeti yakatakura mabhero ekotoni mukati motokari dzinoshandiswa kutakura zvinorema uye zvinhu zvizhinji zvakadai semabhero iwaya kubva kuminda kuenda kunzvimbo dzekunotengesera donje.
ID_LNPWHH,Bilenge mibali baza koyokola mecaniqui bilenge mibali baza.
ID_TGHZFK,Muchero wemhando yezvinanazi zvakatanhiwa zvimwe nezvidhongoti zvacho zvinoruvara rweorenji kumusoro zasi zvinoruvara rwuchakaita girini kutaridza kuti zvazvisati zvanyatsotsvuga nemazvo.
ID_TTMKHL,Eloko nazo mona awa eza obele biloko baliaka komona yango ezaezalaka to ezababiloko baa aubergin eza mbuma moko baliaka eza meskaka he eza dessin moko ya kitoko eza dessin moko ya kitoko batia kango na saladeo eza biloko moko ya kitoko toza mpona koliwa.
ID_NCTMCH,Awa na moni eza na kati ya ndako liboso na ngai nazomona saani moko ya pembe na motane na kati ya saani nazomona bambuma moko ya kitoko oyo na monoko ya poto babengaka papayie.
ID_ZWVNEU,Awa na moni eza na kati ya zamba liboso na ngai nazomona ba nyama mibale oyo babengaka na monoko ya lopoto seing.
ID_CUXBJJ,Ruoko rwemunhu rwakapfeka bhuresiketi nechuma dzine ruvara rwesirivha rwepepuu nerwebhuruu pane maruva arikuwonekwa esimbi ane ruvara rwebhuruu nerwesirivha pazasi pane mucheka uri kubudikira une mitsetse yeruvara rwakachena nezvitema.
ID_HGSMNI,Muchero wepopo wakaibva ndokuchitochekwana pakati kwava kubviswa makanda ndokubviswa mhodzi amheno zvazopakurirwa nechomukati imomo zvinenge mhodzi dzamatamba kana dzamakosvo kuti zvigoyiwa zvakasangana.
ID_HNLXNE,Mhete yakanaka inovaima yakanyorwa kuti riyana iri mubhokisi rinotefetera kunze kwaro kune ruvara rutsvuku iyo ndeye sirivhera.
ID_AATKGX,Pane ndege iri kumhara kana kuti kusimuka yakanzi car ndege iyi inotaridza mavhiri mana matema kozouya bapiro rimwechete rinoonekwa.
ID_JSLETR,Nzvimbo ine matombo-tombo nemiti miti iripo inoratidza kuti haina mashizha angori matanda akamira ane ruvara rwakachenerukira koita mazitombo akazara ane ruvara rutema neruvara rwakachenerukira.
ID_UBPBMQ,Bana baza na kelasi ya maternele bazotanga abuku ya madesin anime bana ba misato bazotanga buku bavandi na bakiti ya langi ya bleu bazotanga babuku na bango.
ID_ZJNTLH,Miti yakachekwa nechinoshandisa kuchekwa miti yacho inonzi so uye zvisimbi zvakasiyana.
ID_SRCDPP,Wanasikana wechidiki anotamba bhora ramaoko rinoti rimwe boka rine riri kurudyi rimwe riri kurutivi rweruboshwe.
ID_WPKARR,Vanhukadzi vakamira vakaita mutsetse vakabatana mumabendekete avo vakapfekawo nhumbi dzinoratidza kuti vatambi vemutambo wevhoribvo varikuratidza kuti vave kuda kunotanga mutambo wavo.
ID_CJZEYO,H nabilili oyo batieli biso molangi moko liboso na biso soki totali molangi yango batiye yango nase molangi yango namoni ezali bongo na langi ya pembe alangi pe ya bonzinga soki totali malemu oan oyo eko koza na molangi ya malasi.
ID_KZSWED,Chikoro chakakura zvikuru chine makirasi rumu akawanda zvikuru uye cchakavakwa chine ruvara rweyero ymidhuri yayo yakarongwa iri nemutsetse uyezve chikoro ichi chakapoteredzwa newara.
ID_OUMCAD,Varume vasere vari mukati menhandare yekutambira mutambo webhora umwe wevarume vasere ava urikubudikira chidimbu chimwechete umwe wavo wakapfeka nhumbi dzeyero vamwe vakapfeka nhumbi dzebhuruu umwe wavo akapfeka nhumbi dzitema.
ID_CKQPRT,Vanhu vari pakati pedhorobha vakarongereramo misika yavo pamakadhibhokisi vakawaridza jira rine ruvara rwebhuruu vamwe vakapfeka mabhibhi ane ruvara rwegirini.
ID_BOVFVV,Na bilili oyo nali komona ba lakisi nga eza ba tomate oyo bakati yango pe ebeli te eza kaka na ba langi ya pondu na kati namoni ba langi ya pembe.
ID_MQICOY,Chuma nemhete yemumaoko zvakapfekwa muruoko mhete dzemumaoko dziviri dzine ruvara ruchena koita chuma chemumaoko chine mufananidzo werudo wakarembera pauri mufananidzo uyu wakabva wanyorwa namavara matema chuma chemumaoko chine mabhora zvakare ane ruvara rwepingi nemabhora ane ruvara rwesirivheri.
ID_ZPQRJW,Kasi ezali suki bakangi mwasi oyo suki ya kitoko mingi ezali suki ya kolala kasi yango pe eza molai mingi te eza kaka mokuse yango eza kokanga ye kitoko mingi eza na langi ya mwindu boye.
ID_UVMLAT,Mureza wenyika une ruvara rutatu urikutanga ruvara rwebhuruu ruchiedika kuzasi poeera ruvara ruchena pobhedzira nerumwe ruvara rwebhuruu pane ruvara ruchena parikuonekwa chipepa chakapetika chakanyorwa neshiri yakamharapo.
ID_JHGCDD,Nzvimbo ina maruva akawanda ana mashizha akasvibirira muri kubudikira munhurume mumwe chete akapfeka hembe yebhuruu nemudhebhe wakasvibirira akabatawo ngowani nerumwe ruoko rwake ine ruvara rwakasvibirira.
ID_EPQEMO,Na bilili oyo nali komona ba lakisinga awa eza wenze namoni bazo tekisa biloko ya kolia ba tomate ba birai pe namoni ba milangi misusu kuna.
ID_AYSLAJ,Nzvimbo inoitwa zvekubika bika pane nyama yakawanda iyo irikugochwa pamazimbe ayo ane murazvu unoonekera kubva mumasimbi.
ID_UWBFTZ,Bana ba wewa ba motar.
ID_CGBLNL,Mukoma akapfeka shangu nhema akamira pamwechete nebhurukwa dema muhuro make mune chuma uye mumaziso make muna magirazi kuruoko rwake rweruboshwe kunewo chiringazuva icho chaakatarisa.
ID_TMTBFW,Bandeko esika na komi awa nazomona na omona mboka moko monene mboka moko etondi bandako ebele epi na liboso na nga pe naomona eloko oyo babengaka pancarte publicitaire ka pancarte moko boye ya monene eza eya likolo na misu na nga i.
ID_EJUKLB,Mureza wekunyika yejapan uyo wakasungirirwa padanda resimbi mudenga une ruvara ruchena rwakautenderedza pakati pawo pane chiratidzo chedenderedzwa chine ruvara rutsvuku.
ID_KVBDQL,Mwana mudiki wakabata sumburena yebhuruu kunze mukati ine ruvara rwesirivheri mumakumbo mwana uyu wakapfeka mapushi eruvara rwenhundurwa nechekumusoro wakapfeka hembe ina mavara mavara une chikabudura chebhuruu.
ID_OAGTZM,Musikana mumwe chete wechidiki arikufamba achidya muchero wechitema musikana uyu une rokwe refu rine ruvara rutsvuku nehembe ine ruvara ruchena akabata purasitiki rine ruvara rutema.
ID_KGNJCZ,Musoro wemunhukadzi une vhudzi rakasungwa zvakanaka vudzi iri ririkusungwa zvipundu zvipundu richibva kumberi richidzoka kumashure uye vhudzi racho rine ruvara rwebhurauni rurikuonekwa nechekure asi pasi paro pane ruvara rutema.
ID_FXNXBA,Shangu mbiri dzemwana mudiki dzakagadzikwa pasi pana mataira ane ruvara rwekirimu shangu idzi dzine ruvara ruchena uyezve dzine zvekunamisa pamusoro mukati madzo dzine ruvara rwebhuruu.
ID_ZCKRYZ,Bakonzi ya mapinga mibale bafandi na bure moko alati teni ezali na langi ya moyindo pe asimbi verre na maboko mosusu alati teni oyo ezali na langi ya pembe.
ID_HUUNAY,Na balabala mama moko azoleka amemi mwana na mokongo asimbi sac a me na maboko teante moko eza wana place ya koteka ba imite na mobali moko atelemi likolo ya moto na ye koto sima amemi bakese ya sikre.
ID_NBXFCB,A nazomonina balabala camion etelemi na balabala camion monene ya pembe na mopanzi kuna na komona eza ndako.
ID_SLTFUI,Foto oyo elakisi biso mwa mutuka na kati ya mutuka wana emoni kamwa sodaalati kitoko baza na ba maduki na boko moni mosusu atelemi aza na manduki moko ya monene ezotala na liboso na ye emonani bato oyo bakei na kati ya bitumba.
ID_WTRVXN,Liboso awa nazali komona ezali bongo foto bakangi ndako pe ndako yango eza ndaku ya kovanda te eza esika ya mosala po namoni bakomi likolo na monoko ya bopoto agence.
ID_REPXZM,Kanyama ya moke na moni eza kanyama ya moke.
ID_HNSQWM,Mubhedha une hedhibhodhi nemasaidhibhodhi zvebhuruu zvakaisvonaka.
ID_HNTJIA,Chuma chine muchinjiko uyezve chirikuratidza kuti chakagadzirwa nesimbi yakasimba uyezve chiri mukara yegoridhe uyezve chakagadzikwa pamusoro pechinhu chinogara dzvuma chiri mukara yererdhi.
ID_ZFITUP,Na pfoto oyo nali komona balakisinga eza na kati ya lopango ya langi ya motani pe namoni bandako mibale moko eza na ba lange ya moyindo na mosaka mosusu eza na balangi ya pembe pe namoni biloko libanda babasin na balipapa.
ID_OYPRHA,Mudzimai mutsvuku ari kunyemwerera zvekuti mazino ake epamusoro ari kunyatsooneka akagerwa musoro achibvisa bvhudzi rose akapfekawo zvekuti muviri wake wekumusoro unosara uri pachena.
ID_WUBYWS,Chibhodhi chinonyorerwa nevana vadiki chine ruvara ruchena nerwebhuruu kunze chine chinyoreso chakatsvetwa pamusoro chakaputirwa nepepa repurasitiki jena.
ID_VMCOFZ,Mbozhanhare yerudzi rweaifon yakagadzikwa pamusoro pegumbeze ine kamufananidzo katema kehapuro risina kukwana.
ID_UHJNPI,Chigubhu chine chimwiwa checoca- cola chine ruvara rwakasvibira chigumbhu ichi chakavharwa nechivharo chine ruvara ruchena uye padumbu pechigubhu pane bepa rine ruvara rutsvuku rakananyerwa nemavhara machena.
ID_BODVLJ,Awa namoni eza na bana mibali moko oyo batelemi liboso ya stade namoni pe eza na ba misusu oyo bafukami na moni eza bana mibali oyo babetaka ndembo ya maboko.
ID_HGSVJW,Oyo namoni awa eza neti filtro yyrl zamutuka munene neti camion nde yangooyo bazolakisa bso awa.
ID_CJZHQR,Pachiteshi chamabhazi pane makombi maviri akamira ane mavara akasiyana parutivi pawo pane bhaziwo rimwe chete rakamira rinoratidza kumberi kwaro kuchena nechemberi kune rimwe bhazi rakamira reyero.
ID_QPGYFR,Motokari inoshandiswa pamakwikwi okumhanyirana ine manyerekete machena namatema pana mavhiri akaunganidzwa kuitira kudzivirira ukuvara kwevanotekenya motokari idzi kune ma hurikuonekwa kubva mumotokari idzi.
ID_IGVBWB,Imba inoratidza kuti yakavakwa kare ikaiswa marata uyewo ine mudhuri wesemende hainawo kuzoiswa ruvara.
ID_HZRRCJ,Li oyo tbazali kolakisa biso motu ya mwana mobali elenge mobali oyo basilisi kokata yesuki tomoni bakati kitoko modele bakati suki na ye ezali kitoko kasi tomoni suki na ye ezali ya mwindo kasi ezali itoko kitoko na ndenge basali yango.
ID_DCUADZ,Shangu dzechidzimai dzinonzi mabamusi dine dzitema uye dzine mukati muchena dzakanyorwa nezvichena mukati.
ID_JPKLRV,Esika nazali komona awa nazomona eza balabala bato ebele bazali koleka na balabala yango pe nazomona eza lokola balabala yango epanzana nazomona basalite nazomona banzete kwei nazomona balabala yangoekutu koloba te eza nzela moko mwa mawa mpenza.
ID_HINBMW,Elili oyo nazomona liboso na nga namoni mesa moko ya kitoko likolo na mesa oyo namoni mwa saani ya pembe ya kitoko mpe na kati namoni mwasupe ya kitoko pe na moni bamwa ndunda na bamwa misuni pe na mwa pimet ya kitoko mpenza.
ID_RGNNZN,Mayi ya leziba eza pembeni ya libanga fololo pe eza wana pembeni fololo yango eza na langi ya mayi ya pondu.
ID_TKXQLV,Na elili oyo tozali komona zali komona bandeko mibali liboso na bango ndene alaki kozala eza arbitre pe sima eza batuyo babetaka ndembo ya makolo.
ID_XZETLA,Bazokomisa mtn awa.
ID_KQDYTS,Mudzimai arikufamba mumugwagwa wakapfeka hembe ine maoko marefu hembe yake ine ruvara rweyero neruvara ruchena neruvara rutema mumaoko akapendekera bhegi rine ruvara rutema mumusoro ane dhugu rine ruvara rutema zvakare.
ID_QSHFNI,Nzvimbo ine zvivakwa zvakawanda zvimwe zvine zvitinha zvitema poitawo zvimwe zvivakwa zvakaiswa ruvara ruchena pane vanhu vakawanda vakabereka mabhegi varikuenda nokubva panzvimbo iyi inoratidzika sechikoro.
ID_GRLGGS,Foto eza liboso na ngai namoni eza place oyo basalaka baa bambla ya kitoko penza bamokuse neyo ya milayi pe namoni simango ndako kykitoko penza.
ID_ADUOVN,Madomasi akawanda akatsvuka rikuratidzirwa arikutengeswa kuti avo vanoda kuwana zvekurungisa usavi vazvitengere vonobika kudzimba dzavo.
ID_STNWGU,Miti iri mugomo yakawanda iri mugomo mune matutombo miti iyi ine ruvara rwegirini imwe yacho yakaita zvekusvibira pane mimwe miti iri nechepazasi mukati medzimba dzine ruvara rweyero nematenga ebhurauni miti iyi ine mashizha akasangana egirini ane kahuyero.
ID_BHMOUC,Awa abolakisi biso foto oyo bana misatu bazo seka nmoko amonani te mibale bazo seka.
ID_FKEVFH,Miti yakawanda kwazvo uye iri mupfupi inoratidza kuti yakaungana panzvimbo imwechete ine mashizha akanyatsosvibira zvinoratidza kuti irikuwana mvura nekudya kwakakwana.
ID_VCTYHQ,Baba varikufamba vakafuratira kuchikoro kwavari kubva vakatakura chikwama chavo chegoridhe vakapfeka hembe dzakasvibirira neshangu dzine ruvara rwebhuruu.
ID_ILSQAM,Mapepa anoshandiswa navarairidzi nevana vechikoro anoshandiswa kuita zvakasiyana-siyana pana manira anoshandisa kunyorerwa zvimwe zvinhu kana kuisa kumadziro.
ID_QOYCEF,Elilio ezolakisa biso matiti yakotiya bilengi na bii ezalimatiti eza nakati ya katini esalemi na nzete ya bokoko matiti yango na monoko ya lopoto na bengaka yango feulle de lorier eza matiti batiyaka na biloko ya kolia po epesa bilengi epesae syaooele.
ID_NTYPHW,Bana mine baza place moko mibale bavandi na kiti moko mibale batelemi mwana moko alati elamba ya likolo ya pembe akangi maboko ye aza mwana mwasi na nsima na bango ba matiti ya langi ya mai ya pondu.
ID_DNJYJQ,Ba soda ba soda batelemi balati elamba na bango ya kitoko mpenza elamba ya kisoda balati pe ba sapato ya moindo balati pe ba mikaba ezali na langi ya chokola pe na ekoti ezali na langi ya motane ba mosusu baza na ekoti ya langi ya pondu mosusu moko ezali na ekoti ya langi ya moindo.
ID_ANHQMY,Esika na komi awa nazomona eza pembeni ya balabala na balbala yango nazomona bamituka bamituka ndenge na ndenge namoni koza bamituka mibale ya mike ya bavoiture eza nalangi ya vert epuis pembeni na yango namoni koza camion moko ya pembe ya carrisserie ya bleue pa vrame liboso nango namoni pe oaa ndako moko ya etage ya kitoko ndako ya monene.
ID_IVGGPA,Imba yakavakwa yakaita dendenedzwe ikapfurirwa neuswa dzimba idzi dzinowzokuwanikwa kumusha dziri dzimba dzekubikira pamusuwo pazho pane munhu akamira nechokune rumwe rutivi rwemba iyi kurikubuda motokari diki yakamira.
ID_EJKPKL,Na elili oo nazomona bazolakisa biso mutu azopusa pusu esika eza na babidon ebele mabidon ya velitre eza lokola azokende koluka koluka mayi.
ID_WDPIDY,Oo bakiti ya salon bakiti ya salolo babengaa ba divin eza pe na bakupsana yango ezana bakosa na yango mibale ekokani ya chokola na ba mwindu mosusu eza chokola kaka.
ID_BVRWJF,Zvuma zvakapfekedzwa pazvidhori zvitema zvuma izvi zvakafanana mhando asi zvinozosiyana ruvara zvimwe zvuma zvine ruvara rwebhuru namavara mavara zvimwewo zvuma ndozvine ruvara rweyero namavara-mavara zvimwewo zvine ruvara ruchena namavara mavara.
ID_JCQMTM,Dzimba idzi dzine marata matsvuku dzimba idzi dzakachengetedzwa nemudhuri midhuri iyu ndeye kirimu kumberi kwedzimba kune gungwa.
ID_XJNTHO,Oyo eza logo ya republique du congo brazzavilla logo yango ezalaka unite travai progrets ezala na disinoetlion asimi moto na ba ilefant mibolo po sassoungesoi alogo na ezaa ba lefon.
ID_JCUBGG,Na elili oyo nazomona bazolakisa biso etaleli ya libanda esika bazolakisa biso folofololo na kati ya ekolo esalema na nsima.
ID_RBRMRJ,Oyo ezali eloko nazali komona ezlire ya kotanga eza histware histoie okozaa istiare ya pharmea.
ID_PIWSSK,Miti miviri irikubudikira uri mudhuze una mashizha akasvibirira poita umwe uri nechekumberi womurara una mashizha akasvibirira panewo tambo dzamagetsi dzirikubudikira dziri kuvhungana nemiti idzi.
ID_XUVOLK,Muti yakamira pamberi pamusoro pedombo reruware regirenahiha.
ID_VMOBST,Bileibilei na kati ya rrestaurant soso nyarmape na bandunda na mbala bilokoepayi mipai pe na baloso.
ID_NKKWME,Motokari dziri mumugwagwa dzimwe dzakatakura vanhu dzakazara dzakavhurwa mabhutu dzimwe dzakavharwa asi dzirikufamba nemarori namagonyeti namamotabhaiki zvose zvivirikufamba zvakatakura vanhu.
ID_EHELCY,Na elili tozomona esika bazo lakisa biso tracteur motuka monene esungaka ko bongisa nzela nazo mona esika bazo lakisa biso tracteu ezali ko bongisa nzela.
ID_BBQWLS,Elilio eza liboso na ngai na moni mwa voiture ya kitoko etelemi pe eza na se ya nzete moko ya kitoko na balabala pe na moni mutuka mosusu ezo tambola ya mwindo.
ID_UZCUNE,Milangi oyo eza na eleko na kati kasi misato nde ezomonana malamu biloko ya kati eza ya komela.
ID_RGUARG,Imba yakavakwa zvakanaka ikapendewa neruvara rwekirimu pavhurandi pakaiswa zvithinha zvitsvuku imba iyi yakapoteredzwa nejurahoro rine ruvara rwekirimu pane gedhe pamba apa uye pane muti wekuti vanhu vanogara kana vari panze vachitandara zvavo.
ID_UGYTQG,Na bilili oyo nazali komona balakisi biso awa eza bambuma ya kolia ba nana bapapaya pe na biloko mosusu oy ezalaka na vitamine pona nazoto ya motu.
ID_WZDBDJ,Miti mapo uye tambo dzemagetsi jurawolo mugwagwa une tara dzimba nehuswa hudoko hwakaoma.
ID_ZHLJBD,Ruva rakadharirwa muchinhu chinenge vhiri remapuranga chivhiri ichi chakatsigirwa nedombo kune rimwe rutivi kuseri kweruva iri kune matombo nezvimwe zvinhu zvakadonha pasi uye kune chitsiga chemuti.
ID_LCVUBW,Na bilili oyo tali komona awa balabala moni ndeko moko azotambola na balabala oyo amoni ba mituka namoni ba nzete ya molayi namoni pe ba ndako moko ya molai ya kitoko.
ID_MUWHHA,Awa namoni eza esika basalelaka politikue liboso na ngai nazomona mokonzi moko atelemi sima na ye koza ba mbila mibale oyo bazokengela ye.
ID_IBOQSR,Muchero unowanikwa munda nguva yekunaya muchero uyu unokura zvisingaite unodzi nwiwa nwiva iri rine ruvara rwegirini kunze mukati maro rine ruvara rutsvuku nemhodzi dzichena nedzimwe dzakanoita dzitema.
ID_VKRKCQ,Bete ramabhachi ritema namapapiro makuru rakamhara padombo ririkutsvaka zvokudya.
ID_HCWVMP,Biloko ya kolia na sani likolo ya mesa eza bongo na soso ya kokalinga ezali bongo na boudin ya kokalinga pe pembeni ezali na ndunda na sani ya mwindu.
ID_XEKFYB,Bangomba pe bisobe ya matiti eza na bandako bato bavandaka matiti mosusu ya kokauka mosusu eza no ya mobeso ya langi ya pondu mosika na na bandako nazomona manzanza na bango.
ID_DQKDOH,Motokari inotakura zvinhu zvinorema pane mavhiri ari kuoneka akakura ane ruvara rutema motokari yacho ine ruvara ruchena ruri kubudirira kumberi musoro wacho hausi kunyatsa kuoneka.
ID_RHZZCB,Awa nazomona kamwa carton ya moke ya kisi eza carton moko ya moke ba kisi eza na kati kisi nango kombona yango artefhane na pembeni wana nazomona tomwa mabanga moko boye ya pembe.
ID_HGGJZI,Fulu na kati ya mai eza na basalite ebele na bamilangi ya copal babwaki yango na mai plasi mai ezoleka matiti pe eboti na bandako kuna na suka fulu etondi pembeni ya mai na balabala.
ID_KNYOLJ,Ezali alimanta sioki te ba tekisaka ba biloko ya kolia.
ID_OMIOGO,Basakosi ya ba mama bamemaka na maboko eza ya sika eza na zando eza tekisama basakosi yango eza ya moke na o ya monene etongami na mayaka eza na balangi esangani pe ekeseni basakusi moko eza na langi ya shokola mosusu eza na langi ya mosakamosusu eza na langi ya mwindo asakosi ya moke eza na mayaka etongami na mayaka eza na langi ya longondo esangani na pembe.
ID_STHTYS,Vatambi vebhora vari munhandare vachitamba bhora.
ID_AYAUMX,Midziyo yekubatanidza mapepa inodanwa nezita rekuti sitepura yakasiyana siyana imwe ihombe imwe mudiki pamuhombe pane une ruvara rutema iri nechekumusoro koita dzidiki dzine mavara machena koita imwe ine ruvara ruchena yoita ruvara rutema nechepamusoro.
ID_JLJRGG,Panzvimbo pane mishina inoshandiswa kugadzira migwagwa ine ruvara rweyero pane dzimba dzakapfurirwa nematenga matsvuku uye nzvimbo iyi yakakomberedzwa nemudhuri wakavakwa zvakasimba.
ID_IJLJDF,Elenge ya mobali azotambola azo kende wapi azokende wapi elenge ya mobaliyamii.
ID_GAWUMM,Miti dzakakura nedzipfupi dzina mashizha akawanda akasvibira ane ruvara rwegirini.
ID_VFDVNQ,Awa namoni eza esika batekaka ba buku ya bana na likolo ya buku yango na moni dessin ya nyama moko babengaka yango ngungi.
ID_RNMXPP,Mureza wenyika yemaudhivhisi une ruvara rutsvuku negirini neruchena pakati une mufananidzo wemwedzi.
ID_XQUAPC,Ekeko ya moto eza likolo motonga aza molai atelemi azotaa na ngambo kuna alati kazaka ya molai ya molai ekomi na makolo ba telemisi ekeki yango likolo ya beton moko boye ya langi ya mbwe.
ID_LWTHMI,Ndiro chena yebhonzo yakagara pamucheka une ruvara rwegireyi uri patafura yedanda mundiro mune sadza jena uye mune muriwo une matomatisi nehanyanisi.
ID_NJZYRN,Na elili oyo nazomona bazolakisa biso bato ya mibali ebele balati bango nyonso ndenge moko bazokende.
ID_PYSGDM,Sapato ya mokie ya bana mibali.
ID_IRJYBB,Elili oyo ezali kolakisa biso bileyi kitoko biso bwa congolais toliyaka ezali fumbwa ooezal fubwa batie na kati mwamba na pilipilipebeni don ezali bileyi kitoko ba bengi fumbwa.
ID_HPCUNS,Ezali batata kasi moko afandi aza pembeni ya tata soda oyo mosusu pembeni azali kolakisa lisapi na ye boye soki bazolanda nini koyeba te eloko bazosala balati bango nyonso bilamba ya mwindu.
ID_EPSMXE,Furegi iri rakagadzirwa nemavara anoti kudenga kwekutanga kune ruvara rutema ruchitevedzerwa nekamutsara kane ruvara ruchena kuchiteverwa nerumwe ruvara rutsvuku rune tiraianguru yebhuruu mukati pachiteverwa zvekare kamukaraini kana kuti kamutsara kachena kachiteverwa zvekare neruvara rekupedzesera runova ruvara rwegirini.
ID_UJQPMH,Patapata regirini rine mabhande aneruvara rwegoridhe kagadzwa pamusoro pejira jena iro rinopfekwa nemunhukadzi kana manhurume kana kuckuchipisa kana kushandisa pakugezesa.
ID_CXBMDD,Tambo irikuonekwa yemagetsi yakagadzikwa pasi pamatairasi arikukwakwamuka ane ruvara rutsvuku neruvara rwebhurauni nemitsetse nechekumberi tambo yakabatanidzwa nemudziyo uneruvara ruchena.
ID_OIEWKO,Elengi mobali atelemi liboso ya elembo ya irtl elembo yango eza na langi ya motane na pembe ye moko alati elamba ya langi ya mosaka.
ID_TOSHMK,Na bilili oyo nali komona molangi moko batiango likolo ya mesa ya kitoko namoni pe bakiti bakiti wana eza na balangi ya longondo nde namoni balakisi nga awa.
ID_SOQAUT,Na elili oyo tozali komona biloko ebele te eloko tomoni eza nakati ndako nase tozomona ndaku oyango ya monene mengi naba carroa ya munene nase.
ID_VNQOPK,Awa naakomona eza ateli bamashine ezali wana ya mashine ya konika fufu ekonika masangu ekonikanguba biloko nyonso naa komona eza bamashine amashine esika batekisaka bamashine pe bakosala pe mamashine.
ID_TDKZJK,Crayon ya malangi pake ya liboso eza na langi ya bozinga mosueza na langi ya chokola crayo mosusu eza na langi ya pondu mosusu eza na langi ya bozinga ya mapata mosusu eza na langi ya pondu mosusa na langi ya rosemosusu eza na langi ya longondo mosusuw na langi ya mosaka mosueza langi ya lilala.
ID_GWDPBR,Awa namoni toza na kati ya kilasi namoni bana ya kilasi nyonso awa bafandi na se e moko aza liboso azokoma na molakisi na bango pe afandi pembeni namoni bango nyoso balati ba biloko na mutu.
ID_SAHAQF,Mushina wamagetsi wakakwadaburwa kuita zvipisi zvipisi uye tambo dzinobatanidza moto dzangoti nyeche kose kose.
ID_LBUPDF,Bandeko esika tokomi awa esika tokomi awa naomona baolakisa nga na miso na ngai eza esika oyo batekisaka babiloko ebengami na monoko ya lingala bambabola nao mona awa eza babola oyo babongisaka yango na bamanzanza.
ID_LIOGPY,Ba mapapa ya sika oyo ya banabasi na moni eza na ba langi ekeseni na moni eza oyo eza na langi ya mosaka mosusu eza na langi ya pembe mosusu eza na langi ya moyindo na mosusu pe eza na langi ya chokola eza esika oyo bazotekisa yango.
ID_TPVSMA,Tafura yakagadzikwa zvinhu zvinoshandiswa mumahofisi muzvikoro kana mune dzimwewo nzvimbo dzakasiyana siyana zvakaita samapenzura ayo anoshandiswa kunyora kana kudhirowa zvigero zvinoshandiswa kucheka namabhuku anoshandiswawo kunyorerwa.
ID_ZXGTRS,Eloko nazomona awa na misu na nga bandeko namoni keza na katikati ya lopango lopango oyo namoni eza na mwa porte mokoya ya langi ya motane pembeni ya porte wana namoni koza mmwa nzete moko boye ya monene epi.
ID_JHHVQW,Musasa wekutengesera wakapfurirwa nemapurasitiki matema uri parutivi pemugwagwa wetara mumugwagwa mune munhu arikufamba uye pane tambo dzemagetsi dzirikufamba dzichitevera mugwagwa.
ID_WSBTTM,Buku ya banakelasi ya motoba ekolakisa bango lolenge ya kotanga pe kokoma portographe.
ID_YUELGH,Awa nazomona logo bakomi lixiu byty land.
ID_BEBWRK,Tsangamidzi yakagadzikwa patafura yakachekwa mapisi chimwe chidimbu chakasiiwa chakadaro inogona kudyiwa yakadaro kana kuita zvekubikwa.
ID_KCUAHT,Awa namoni bolakisi biso bato oyo bazosala sport ya volley baza bana masi balati kilote.
ID_RBHTCP,Bendela oyo eza liboso na nga eza bendena moko ya kitoko bendela oyo eza na balangi ebele ya motane ya bozinga ya pembe pe na oyo ya mosaka.
ID_ODGKGY,Makolo mibale ya sapatu pona mibali eza bongo na langi ya mo.
ID_RHZQWU,Awa tozali ko mona ezali bendelebendele yango tomoni ezali na balangi oyo ya bululu ya pembe ya motane tomoni ezali na minzoto oyo ba bengi ba etoile ezali na langi ya mosaka soki ezali ya mboka nini toyebi te.
ID_WIBEDZ,Foto oyo elakisi biso mwa buku eza buku oyo ya troissiem ctrimair buku oyo eza buku ya istoire na geographie emonani eza ya kitoko penza.
ID_MGDHTX,Elili oyo ekolakisa nzela ya monene ya gudron na kati ya zamba nzela eza na milongo ya langi ya pembe bato baza na loboko ya mwasi ba koleka na loboko pe ya mobali bato baza koleka na kati ya zamba monene.
ID_XVWCUU,Awa tozali komona bato mingi tozomona ba elenge mibali batelemi oyo bazali kosala makambo ya miziki ya kobina baza na tolo pamba balati eloko te na likolo kasi na se balati biloko ya langi ya mosaka tomoni na basi mibale pe baza na kati na bangomosala na bango ezali kobina koyemba yango wana baza olakisa biso.
ID_PNORCR,Na bilili oyo toli komona eza moto nali komona eza na ba moteure ebele pe ya kitoko moto oyo eza na balangi ya bozinga.
ID_ISSMME,Awa namoni eza esika basambelaka liboso na ngai nazomona mesa likolo ya mesa nazomona chapelet moko ya molayi ya kitoko mingi.
ID_JTAVKT,Bato ebele bazali esika matanga ezali sanduku ya moto akufi ezali wana liboso moto moko azoyeba asimbi micro na maboko oyo ematisaka mongongo ya moto.
ID_JKWHQU,Vanhu varikufamba mupevhu meti uye juraworo miti yakareba mashizha emujakaranda akadonhera pasi zvigubhu zvakadonhera zvakare pasi.
ID_KXHRFU,Na foto oyo namoni balakisinga awa eza ba joueur batelemi na kati ya terrain bali ko kanga bango foto pe balati bilamba ekokane ma libso oy alati bilamba ya langi ya mosaka.
ID_ALYEKY,Rokesheni rune dzimba dzakawanda pane iri padivi ine denga rine matayira matema pamberi payo pane motokari chena imwe ine denga rine marata egirini parutivi pedzimba pane marambi omumugwagwa.
ID_KJKKHS,Awa namoni bato ebele batelemi na ndako pembeni ya motuka nayebi te bazosala nini.
ID_GKEQRS,Liboso na ngai nazomona balabala moko ya monene likolo na yango nazomona bato ebele batelemi bamosusu bazotambola.
ID_YPRMZQ,Chirimwa chemaepuro chine kara tsvuku mashizha egirini mutanda wacho webhurauni nemashizha mamwe eredhi.
ID_JGYBLF,Mapushi erudzi rwepfumbu maviri rimwe rakatsika rimwe erudzi rwepfuma arikuratidza kusakara asi akachena zvawo akagara pasi perudzi rwepfumbu nemitsetse mitema.
ID_UKNAIE,Liboso na nga awa namoni toza na kati ya ndako pe tomoni bati bakiti ya kitoko ba divin na kamwa mesa na kati ya ndako nde yango baolakisa biso.
ID_ETBDET,Vakomana vari munhandare inotambirwa bhora.
ID_SXHEXC,Na foto oyo nali komona za logo ya equipe wana balobaka yango atheletiqo madrid de nali komona balakisi nga awa.
ID_NQRVCV,Elili oyo eza elili ya sango namoni na nse bakomi pawas catolique ce jean poul deux eza ndako ya nzambe oyo ya bakatolique.
ID_QQBRNC,Shiri yemhando neshiri dzinowanikwa pedo pakawanda mvura ina makumbo marefu nehuro yakareba irikufamba ichiita seiri kuda kubhururuka kana seichangomhara yakasimudza mapapiro ayo ine ruvara rwebhurauni ruchena nerutema.
ID_GRNIBG,Foto eza liboso na biso namoni mwa saani moko ya kitoko mpenza eza likolo ya mesa na moni na kati bamwa ndunda moko ya kitoko mpenza pe na mwa pilipili oyo ya langi ya ma ya pondu eza nano mobeso pe ezalaka kitoko mpenza pe pesaka mwa solo ya kitoko na kati ya bilei.
ID_WHTMGC,Shangu tsvuku mbiri idzi dzinoshandiswa pamujaho kana pakumhanya uye shangu idzi dzinosungwa pamusoro kuitira kuti choka inyatsobata zvakanaka.
ID_SAJIZD,Namoni photo oyo bolakisi biso eza mobali atelemi aza n bane nakati ya maboko naye na batu mususu bavandi na sima naye.
ID_CBWTCL,Awa nazokomona ba flocon ya mafuta ya kopakola eza mine yango moko ezyango nyonso eza marke moko texerile eza mafuta ya kopakola.
ID_MJORJS,Na elili oyo elili ezali kolakisa biso etaleli ya mosika ya libanda aesika ya botekisi na esika yango nazomona ezali na bilembo bilembo ya botekisi esika bakomi na monoko na lokota ya bopya wewe.
ID_JXEBBV,Temberi imwe chete ine mudhuri mutsvuku pamusoro pawo pane chikwangwani chakanyorwa chichena chine mavara matema pamusoro pane denga remarata.
ID_OYEAHK,Foto oyo na moni liboso na ngai na moni loboko oyo esimbi mwa molangi ya mafuta ya basi mafuta oyo ezalaka kitoko pona nzoto yabasi basi soki bapakali yango bazalaka kitoko mpenza pe na nzoto ya sembi sembe.
ID_XLNHAF,Na elili oyo tozo mona esika bazolakisa biso moto ya loposo ya mondele azoli koloba liboso na ye ezali na mikro ya molai liboso naye ezali na eloko esika bakomi na monoko ya lopoto secretery genero.
ID_PUOAUM,Midziyo yekuchengetedza hanzu zvakanaka zvinoita kuti dzisaunyane asi dzikugara dzakarembera dzakakochekerwa kumuti.
ID_XBHYWJ,Vakomana vanoita zvemutambo wetsiva vari pakati pemutambo wavo kune mumwe wakapfeka hembe ine ruvara rwebhuruu kuzasi hembe iyi yakanyorwa nemavara machena kunzi twins spetial koitawo mumwe wakapfeka hembe ine ruvara rutsvuku nechikabudura chine ruvara rutema neruvara ruchena.
ID_QNVSXY,Liboso nangai awa namonih mutuka eza pem ya lupango pe eza na balaabala yaya mabele nde balakisi biso awa.
ID_JRCNAR,Musoro wemunhukadzi wakarukwa uchishandiswa vhudzi rake rokuzvarwa naro rine ruvara rutema rareba zvokurembera kugotsi akarukwa achivhurwa mitsara mitsara ichirukwa kubva kuhuma ichidzokera kumashure ichindosiwa yakarembera.
ID_BNABME,Na bilili oyo nali komona balakisi nga awa eza sapato moko ya bana basi batie likolo ya mesa sapato oyo eza na balangi mibale ya motani pe ya mosaka.
ID_PRBMHZ,Awa tozo komona baza koteka ba coi ebele bati ango a likolo atya ngolikoo ya banzete baza koteka yami baza ko espose yango.
ID_KYRBIL,Foto oyo elakisi biso nakati ya ndako moko ndako oyo eza yakitoko peza pe eza ya pembe na ndako yo namoni mwana mwasi ya moke avandi likolo ya mesa pe pembena yango asimbi matelevizion mok ya monene.
ID_RLYSVG,Shangu tema idzo dzakasonwa pamusoro padzo hadzishandiswe tambo kana munhu achinge ava kupfeka dzakaiswa pasi.
ID_CXDLKZ,Awa nazomona polisiens nazomona polisie na ye awa alati elamba naye ya mosala alati elabaa ya mosala na ekoti na ya mosala namoni pe bapolisien mosusu bazokende bazokende baza ebele.
ID_VENALY,Bandeko awa pe esika na komi awa eza esika na kati ya ndako me na ndako oyo babengi yango eza obele place balambelaka biloko ya kolia awa nazo mona koza ba frit ndenge na ndenge bazobongisa yango bao bongisa yango mpo na batiyango na mesa.
ID_GXWURJ,Mureza une ruvara rwenhundurwa ruchena rutsvuku rwebhuruu uyezve unechiratidzo chetiraiengo chiri nechekuruboshwe chine ruvara rwegirini.
ID_WLATQT,Panovezwa simbi panogadzirwa mahwindo furemu nemadhofuremu ayo matema paine dhiramu komana jenereta uye chikwangwani marara pasi.
ID_AJXJQK,Eewa awa ezali buku oyo bakomi jebukine tomoni bakomi evenement seigner de zano yango wana bakomi baza kolakisa biso awa so kokoti na kati okotangay okoyeba biloko nini bazali koloba na kati kuna.
ID_UZQPIE,No esika tokomi awa bandeko na ngai na omona eza ebele buku eza buku moko ya kitoko mpenza buku oyo ya kosalisa bana na kelasi namoni nakomi nlikolo na ango buku ya francais ya buku moko ya kitoko mingi.
ID_NCTBDJ,Pazasi pezambuko apa pazere miti yemujatirofa mujatirofa unomera pane mvura pane mapepa akawanda ayo akasvibisa nharaunda.
ID_WNDDQC,Motuka oyo etelemi eza neti etelemi esika ba sukolaka mituka na moni bato mibale wana batelemi bazo tala yango.
ID_EUQEQC,Elili oyo bali kolakisa biso awa tomoni ezali bongo na kati ya ndako songolo na kati ya ndako yango tozo mona lokolo moko ya sapatu ya ba ndeko mibali bati yango na se.
ID_WNPCLK,Makicheni yuniti arikutengeswa aneruvara ruchena makicheni yuniti aya ane madhirowa matatu nemadhoo matatu uyezve akagara pasi pane mapuranga kuna masofa zvakare anoratidza kuti arikutengeswa muchitoro ichi.
ID_LRTXFY,Kambuyu katema karikudya mashizha egirinhi kane makumbo mana arikuoneka.
ID_CUPYSP,Na esika oyo nazomona ba nkumu bazo siner naba buku ya leta pe tomoni eza batu misatu mibali mibale na ndeko mwasi moko.
ID_BVLOQR,Mapushi aneruvara rwakasiyana runoti yero tema nechena eebhurauni neekirimu anopfekwa nevanhukadzi akagadzirwa nemachira pamusoro akasimba.
ID_GGLQZP,Na bilili oyo nali komona balakisinga awa za batu ebele ba mama pe bamobali bafandi namoni papa moko atelemi azoloba na bango pe balati ba cache nez.
ID_AGTPRM,Awa toza komona mesa na bakiti mibale tozomona batie yango esika moko bazolakisa biso ndenge zali kitoko tomoni likoloy mesakopo moko ezali ezali kitoko peza ezalikitoko ndenge baza kolakisa biso ya awa.
ID_LYKQXB,Ba joueu ya oyo mibale bazali na kati ya terrain balati bilamba ya kokokana pe eza na langi ya mayi ya pondu ezali pe na langi ya mosaka baza bajoueu.
ID_TAAQQG,Zingizi rine musoro mutema nemuviri mutema une mitaro yeruvara rwegoridhe nemapapiro ane ruvara rwepfumbu rakamira pamusoro pechirimwa chine ruvara rwegoridhe rinoratidza kuti ririkudya mukati meruva nechekumashure kunoratidza kuti maruva aya eruvara rwegoridhe akawanda achienda.
ID_LTOEWY,Oyo eza lokolo asapato ya mwana mwasi batiango na abele ezali sapato ya kitoko penza batiyango na mabee na kati na yango ezali bululu na likolo eza na ba langi ebele mwaa ba biloko batie na likolo ya montane ya pembe ya moyindo eza likolo ya sapatu ya mwana mwasi eza penza kitoko kitoko kitoko mingi.
ID_BRRHVM,Esika tokomi awa bandeko eza na kati ya balabala na balabala oyo namoni eza mwa muamutuka ya langi ya mai ya pondu epelibana mutuka oyo nazo mona eza mwa mama moko aotekisa bamikate.
ID_NXAUAF,Awa to zali ko mona elenge mobali a telemi abetaka ndembo ya mokolo tomoni alati ba uniforme na ye oyo ezali ya mayi ya pondu to moni atelei a telemi na terrain.
ID_DNOWAN,Awa tozali komona baza kolakisa biso elamba moko ezali monene ezali lokola kitenge moko ya monene kasi ezali kitoko eza na balange ya bululu na mai ya pondu tozali komona ezali kitoko.
ID_AEYASK,Esika tokomi awa nazomona na mison balakisi ngai ba mabanga mabanga ya monene mpenza baba minene minenepe na nsima mabanga minene minene oyo naomona bato ebele ba oyotala bamabangwana.
ID_TJWMHI,Derere rechipudzi rakabatwa mumaoko rimwe riri pasi muchibhasikiti derere rine mhumhu mupfupi uye rakakora derere rinonaka kwazvo kudyisa nesadza.
ID_DCXYVX,Photo oyo na moni liboso nanga ea pooo babengaka na monoko ya moto lologo wana eza bakomi chicdeqhue batiment adrise telephonique awa bato basalaka wa batongaka ba ndako nde namoni liboso na ngai awa.
ID_OGFYLY,Dhekodha riri pasi dhekodha iri rine ruvara rutema rakanyorwa namavara machena namavara matema kuti canau bokisi rinoratidza kuti rakabatidzwa uye rakanaka.
ID_GHLRHR,Komichi yegirazi ine ruvara rwegirini yakagadzikwa mundiro yegirazi ine mavara machena neebhuru parutivi pane ndiro dzedhaga.
ID_JKLYVJ,Zvishongo zvemumaoko zvakasungirirwa pamucheka pane wachi yakakura ine pamusoro pegoridhe yakashongedzwa mukati nechinhu chinenge rize nechimwewo chiri kurutivi rwerudyi ine bhandi rebhurauni poita chimwe chishongedzo chitema chine pamwe pegoridhe zvishongedzo zvakanaka nekuti zvinowedzera vadzimai kunaka uyewo zvinoenderana nebhutsu kana mabhegi avanenge vakapakatira.
ID_VCINKB,Murume ari pakati pekugadzira injini yemotokari injini iyi ine mavara mavara nechemukati ine ruvara rutema kunze yoita ruvara rwesirivheri nechepamusoro ine maburi maburi uyezve inoti simbi simbi zvakangobatana batana.
ID_PYLEZL,Ihara ifoko imbezo ibadza tinoshandisa kurima midziyo iyi midziyo inoshandiswa pamba.
ID_HVVTQF,Eh awa namoni toza likolo ya ngomba moko ya monene namoni eza na mwana mwasi moko oyo azoleka na nzela moko na kati ya zamba wana e namoni pe pembeni na ye eza na bamwa matiti ebele.
ID_JDBNBJ,Musikana wakamira kumusoro wakapfeka hembe ina mavara akarerekera kuruvara rwechisoja ina mavara matema mavara akarerekera kugirini namavara machena kuzasi wakapfeka mutirauzi wakabvaruka mumabvi mutirauzi uyu une ruvara rutema kumakumbo wakapfeka shangu mapatapata ane ruvara rutema nechepamusoro necheparutivi une kasimbi kane ruvara rwesirivheri.
ID_CUHHNH,Okoza na kati ya ndako esika babongisi yango guien mpona koya mbabaa ya pona kofanda yango salo esika ya kopema.
ID_QYYXVJ,Motuka ya monene efandami liboso ya ndako motuka oyo ekoki komema biloko ya ndenge na ndenge ezali motuka ya monene oyo tokoki kobenga wipie to pe sipie ememaka biloko ya makasi monene makasi.
ID_ABXLTD,Na mama kasi azotambola na mwana na ye mama wana alati elamba ya milai kasi yango eza na langi ya pembe eza na kasi na langi ya mbwe pe na langi ya mwindu kasi azosimba mwana na ye na loboko ko atambola.
ID_MACGWC,Zvivakwa zviri mukati medhorobha uye mune motokari dzirikufamba mumugwagwa dzimwe dzakamiswa padivi pemugwagwa imwe ine ruvara rutsvuku imwe ine ruvara ruchena uye imwe ine ruvara rwebhuruu.
ID_ODFKRY,Awa namoni ba lakisi nga likolo ya meza oyo batie sani ya kitoko na kati ya sani oyo namoni biloko ya kolia pilipili ba misuni pe na ba legume.
ID_KQOSNA,Batanaimo inzvimbo ine zvitoro zvakawanda zviri mairi chimwe chezvitoro chiripo itvisees pane motokari mbiri chena nenhema dzakamira pamberi pechivakwa ichi.
ID_EYKBKF,Na balabala oyo namoni motuka moko ezoleka eza na langi ya mbwe eeza na bato baza na kati motu mosusu afandi na nsima alati bilamba ya bonzinga namoni mpe eza na motuka mosusu yango pe ezoleka na bala bala na mopanzi kuna na moni eza na lopango moko ya mosaka liboso na ngo eza na banzete ebele.
ID_DECRKT,Varume navakadzi vakamira vatatu vakachonjomara pasi vose vakapfeka zvakafanana vakapfeka zvichena kumusoro nemasiketi ejira rine mavara akasiyana anoti bhuruu namatsvuku varume vakaisa machira muhuro.
ID_BNWLVQ,Tomoni papa na bana na ye aza kokata mwana na ye suki pembeni na bango eza bana mibale baza kosakana toza komona kuna mosika baza neti baza na pissine.
ID_KITUNQ,Motokari irikufamba iri mumugwagwa mukuru uyezve yadarika nepane bhiriji rihombesa rine marambi akawanda machena neepepuru.
ID_AJLYXZ,Mberi kwemba kune frenchi dho ine mabhara machena uye mahwindo arikuoneka mukati mune masofa eoranji nemeti iri padhoo yekaki ine zvitema panze pefurenchi dho pane mataire aripasi.
ID_XYSGOD,Umu muchitoro munoita zvekutengesa midziyo yekubikira mimwe midziyo ine mibato mitema mimwe midziyo ine mibato yeruvara rwegoridhe.
ID_XXFOBP,Awa namoni eza milangi mingi nakati ya milangi namoni eza ba savons ya likide ya ko sokola maboko nde nazomona awa moko eza na couleur ya vert na mususu eza na couleur ya rouge nde nazomonaa.
ID_HQEFTR,Oyo namoni eza sandale ya mibali soki olingi oopema makolo ebema kolataka ka ba sandale oyo ezalaka kitoko so mutu alati yango ayokaka malamu makolo ezalaka bien nde omona batu nyonso balingaka basandale oyo.
ID_KYQFZI,Ba carton ya bakaye ya bafarde balate ba bik ya koteka mpona bana ya kelasi.
ID_UFHMFI,Mudhuri wakapendewa urikuratidza ruvara rwebhuruu une mifananidzo yevanhu vakagerewa misoro nezvigero nemapanga nemaoko nechemukati pane muti wemubhanana unevara mashizha neruvara rwebhuruu wegirini.
ID_ZSCIPF,Vatambi vesipoti yecricket vari munhandare yavo yekutambira ciriket nevamwe vakapfeka nhumbi dzakafanana dzinobvira kumusoro dzichidzira zasi uyee vakapfeka mabhurugwa matema nemasinika akasimba.
ID_YBFFUC,Chidyiwa chinonzi tsangamidzi chinomerera muvhu chinonzi chinorapa zvirwere zvakasiyana kusanganisira mudumbu nedzihwa nezvikosoro inovava imwe iri apo yakachekwa.
ID_RRJHAQ,Murume uyu ari kuchengetedza chivanhu muruoko rwake akabata mukondo akapfeka matehwe nechepadumbu pake ane nyanga yaakasungira nedhende dzvuku mumaokwe ake mune matehwe.
ID_GUMKQC,Oyo baza kolakisa biso ndako tomoni ndako oyo batongi kitoko de bazali kolakisa biso awa tomoni ezali na banzete kuna na kati na ajardin moko kazali libanda.
ID_DFSMMS,Liboso na biso tomoni awa baolakisa biso eza manequn balatisi ye baliputa baolakisa motindo nini liputa oyo batongaki yango.
ID_VMYHSN,Shangu mbiri imwe yakagara pamusoro peimwe dzine ruvara rutema dzinoratidza kuti shangu dzerudzi rwesanduru dzakavhurika kumberi dzine ruvara rutema mukati dzakanyorwa neruvara rwegoridhe asi pamusoro dzine ruvara ruchena neruvara rutema dzakagara pasi paneruvara rwepfumbu neruvara rutema.
ID_OFMRHS,Miti dzakawanda dzemarudzi akasiyana siyana umwe une maruva epepuro ndewe mujakaranda pamberi pane bhusita remasaisai rakagadzirwa namasimbi akareba uye ane mavara matsvuku namachena.
ID_WBZRLQ,Ba lakisi biso awa he mutu ya mwana mwasi ba kangi yesukie nde ao bolakisa biso motindo nini bakangaki suki yango.
ID_JCDLVE,Awa tozali komona bazali kolakisa biso ndako moko ya etage ezali na langi oyo ezali ya mosaka na pembe kasi tomoni ekuki na yango oyo babengi portaile ezali ya mwindo kasi na cloture ezali ya pembe tomoni na bafololo ezali pembeni nango.
ID_JEKZXG,Awa na moni balakisi biso ba saani oyo babombaka biloko na kati na mesa.
ID_KTMEGI,E namoni awa eza na stade ya baskete namoni bana mibale bazobeta basket.
ID_SEZFBH,Bana kelasi batelemi awa na balakisi bamemi babukulu maboko.
ID_KXVLRC,Na elili oyo nazomona esika bazolakisa biso motuka eza na langi ya mobeso bafongoli na nsima esika nazomona eza na masaki ya kitungu ibale.
ID_NEMBWZ,Varume vanoratidza kuti ndevemutambo vakapfeka nguwo dzakafanana dzine ruvara rumwechete ruchena nezvitema vakapfeka shangu dzakasiyana siyana vamwe vakamira vamwe vakakotamira.
ID_DVUHKU,Awa tozali komona ebale tozali komona ebale ekoki kozala riva congo tomoni na kati tomoni babwato babwato etelemi na kati ya mai tomoni ebale yango kuna na kati tomoni mwa ba matiti ezali na kati ya ebale na kati kati ya ebale tomoni ba ma matiti yango wana tomoni ezali ebale zali ebale ekoki kozala congo riva.
ID_XOSHIU,Awa tozali komona ezali na kati ya nzela tomoni ba lakisi biso mbisi moko ya monene mpenza ezali na langi oyo ya pembe kasi ezali ko kende na pembeni nayango tomoni bato bazali koleka bazali ko kende esika sangolo.
ID_TBHFHI,Mwasi moko alati kitoko baliputa ya kitoko liput yango eza na langi ya bosaka pe na langi ya bozinga mwasi yango akangi suki naye bien alati matalatala azosala aza liboso ya masini na ye na mikanda na ye na maboko.
ID_YOANOW,Ndiro ine ruvara rutsvuku ine chikafu yakagadzikwa pamusoro petafura rine ruvara rwebhurauni ndiro iyi yakapakurirwa sadza sadza rine ruvara ruchena uye mune nyama yakakangwa zvinomwisa mvura ine ruvara rwebhurauni padivi pane girazi rine chinwiwa chine ruvara rweorenji.
ID_PUXKZB,Vasikana vanotamba bhora vakamira vakaisa maoko kumashure vakatarisa mberi vakapfeka shangu masokisi uye mabhurukwa nruvara rutsvuku nehembe dzeruvara rwegirini.
ID_BNBXHO,Vana vaviri varikuratidzwa mufananidzo uyu vari kuita sevarikuda kutenga zvinhu pamusika vana ava vakapfeka nhumbi dzechikoro uyezve vana ava vakabereka mabhegi emabhuku mutengesi ari pamusika uyu akagara pachigubhu cheyero.
ID_BMAMTU,Shangu imwe chete yomunhukadzi yekurutivi rweruboshwe yakavhurika ine pekukochekera inezvitambo ine ruvara rwebhurauni pamusoro nepingi kumativi.
ID_XBNVDS,Shangu dzekutambisa mutambo vazhinji vanotambisa shangu idzi mutambo wenhabvu shangu idzi dzine ruvara rwakada kurerekera kuruvara rwenhundurwa pamusoro murutivi dzine ruvara ruchena nechekumashure dzine ruvara rutema.
ID_JDMXJQ,Mapundo akamera akawanda chaizvo anoratidza kuti ndeeruvara rwemumhudza uye ndeerudzi rumwe tete panoonekera sekuti pane panga pachisakurwa pachibviswa mapundo iwaya asi kuti achoakawanda aripo asati abviswa.
ID_LLFEAD,Tsuro dzakati wandei dziri muchirugu chakagadzirwa nemapuranga uye nefenzi muchirugu umu mune mauswa pasi kuitira kuti tsuro dzigarepo uye dzisabaiwa nematanda ari pasi.
ID_CIXTAN,Kapuka kadiki kakamhara pasi kapuka kacho kakaita senyuci kane musoro wakakura uyewo kane mapapiro kapuka kacho kanogona kubhururuka.
ID_RYIGAJ,Zvinowedzeredza runako zvinopfekwa mumaoko zvakapfekwa zviine mavara mavara akawanda zvakapfekwa nemunhu tema muruoko rwake.
ID_NRYMLU,Balabala ya kitoko mpenza pe na balabalao namoni bato mibale namoni baza likolo ya mwa moto bato yoo emonani baza bamwa polisie na moni balati baelamba na bango pe sima naango namoni motuka oyo baza kokende oyo benyango minibus e na moni pembeni ya balabala oyo bamw parapluie na mwa biloko bato baza koteksa yango eza mwa balabalaya kitoko penza.
ID_NIXPQE,Mbeto batandi ba dra ya pembe pe na ba cossin na tapis ya langi ya motani esangani na langi ya chokolat fololo na mesa ya libosowa pe na mopanzi kuna fololo na ngolomai na nsima ya mbeto yango na langi ya mosaka ba tie pe bilei na plateau ebiloko bazwaka ya kolia na ntongo.
ID_SSZFJO,Awa namoni eza esika batekiselaka bakiti liboso na ngai nazomona kiti moko ya kitoko mingi eza na balangi misato langi ya liboso ezali pembe langi ya mibali ezali ya mwindo ya misato ezali ya mosaka.
ID_WOPOVQ,Esika na komi awa bandeko na omona baolakisa ngai na mpepoa pepo oyo namoni baolakisangai eloko babengi na monoko ya lopoto eza ebele helicoptere ezo tambola na pepo.
ID_HVDLMN,Muti webhurauni une makwande nemutanda muhombe pasi pawo pane mumvuri wawo nesora rakaoma rikake uye jecha dzvuku necheparutivi pane mugwagwa wetara mberi kune jurahoro ine mapanero mukati mayo mune muti wemujakaranda une maruva epepuro neimwe yemapaini.
ID_SXNTQP,Muriwo uri mundiro muriwo uyu wakabikwa zvakanaka zvinomwisa mvura une ruvara rwegirini uye yakaiswa hudoidobi hune ruvara rutsvuku uye yero.
ID_SVEIZO,Shiri ine makumbo marefu iri tema nemutsipa wakareba nemuromo wakareba yakatakura vana vayo kumusana vane ruvara rwebhurauni shiri iyi iri pane masora ane ruvara rwegirini.
ID_MVWCPO,Mvuwu mbiri dzirimumvura imwe inoratidza kuti ndiyo mai imwe imwana nokuti iduku dzine ganda rine mavara ebhurauni nematema.
ID_NNEJUC,Vanhurume vana vakabatana maoko vakamira vakapfeka nhumbi dzekutambisa mutambo vakapfeka shangu nemasokisi zvakasiyana vakamira vakasanganisisa maoko avo pamwechete vakabatana varikuratidza kuti vari kutorwa mufananidzo nechekurudivi kune miti yakawanda iriko nezvivakwa zviri nechekumasure pavakamira pane uswa hwakaoma.
ID_SPPKTX,Pamberi pezvitoro zvakapfurirwa nemarata pane vanhu vakawanda vamwe varikufamba vachitevedza mugwagwa vamwe varikudimbura mugwagwa pane murume akapfeka shati yebhuruu netirauzi dema mukadzi akapfeka shati chena netirauzi dzvuku mai vakapfeka siketi chena nebhurauzi reyero.
ID_JIWBNE,Awa namoni eza ba sapato ya basi ba sapato mingi eza kitoko penza namoni eza na ba langi mingi ba langi ya mosaka pe ba langi ya moyindo nde namoni yango.
ID_BSCHXE,Liboso na nga namoni mwana mwasi mwana muasi kitoko ya pembe naloboko naye namoni azoi o babengaka a munoko yapoto saka mai alati pantalon ya bonzinga pnamoni batongi ye suki naye malamu a suki naye eza naba langi ya motani nde namoni liboso nanga awa.
ID_ATIDGP,Kapuka kasiri kunyatsooneka kumashure kwacho kapuka kacho kane ruvara rwegirini makumbo maviri arikuoneka matete asi anezvekubatira kumberi panewo kamwe kakada kuita kunge kahuswa kakareba kane ruvara rutema kakakwira mudenga kachibva pachipuka chacho.
ID_UZPOHC,Shiri imwe chete iri mudendere yaro riri mumuti mukuru une mashizha egirini ine mavara ebhurauni namachena.
ID_ZZXYLS,Na esika oyo tomoni bazo kolakisa biso eleko babengi trombon frantaisie dekli zai nakati ezali ba biloko oyo ya balangi mingi na kati wa tozali komona ez ba bic nde ezali na kati.
ID_HRTYFL,Murume akamira padivi pejurahoro remapanera akajoinedzwa joinedzwa pane miti yemijakaranda ine mashizha nemaruva epepuru pakamira murume padivi akatarisana nematombo padivi pemugwagwa wetara akapfeka mutirauzi mitema ne hembe bhuruu kumusoro.
ID_SUQHVC,Mbudzi nhanhatu dzine ruvara ruchena nemisoro yakandotsvukuruka mbiri dzirikufamba mumugwagwa pasi dzimwe ina dziri padhuze nemudhuri wemba.
ID_WLVCIE,Shangu imwechete yakagadzikwa pasi pane ruvara ruchena shangu iyi itenesi ine ruvara rutema yoita madododo eruvara rwegireyi nechemukati ine ruvara rutema yoita netambo dzine ruvara rutema.
ID_FOKRFJ,A elili oyo nazali bongo komona loboko ya muto asimbi lopete azolakisa biso lopete lopete oyo ndenge namoni eza lopete oyo balataka pona libalat te to e songolo pei azali bongo na kati ya ndaku.
ID_YQXMBU,Awa tomoni ndako moko esili tesengeli babongisa yango ekomi ya paka ekomi esali mikolo ebele esengeli basal eko babengi ronovation po esi ebebi esi ekomi ya kala.
ID_LHDEEV,Nhundurwa dzine mavara ezerere netuchena hadzina kuibva dzimwe dzacho dzakachekwa kuitwa madenderedzwa matatu.
ID_CUDWBK,Munhukadzi akachena akapfeka hembe ine ruvara ruchena runotsvedzerera muhuro make akapfeka mhete musoro wakagadzirwa zvinonwisa mvura mumaoko mune mhete muzvigunwe mune mhetewo zvakare.
ID_ARVDNP,Poyo elakisi biso mwa loboko esimbi mwa kisi kisi oyo eza kisi ya kitoko kisi oyo ebumaka bamwa nyama oyo ezalaka na libumu ya bato oyo etindaka bato babeli na mwa libumu pe bayoki mpasi kisi oyo ekombo na nango qenn to nazol ketanool oyo ezalaka makasi pen.
ID_EROPVG,Miti yemijakaranda mihombe ine trangi yakakura ine makwande ebhurauni nestiriti raiti ririkuoneka rakanamirwa mapostai mberi kune juraho nemiti yemipaini uye yejakaranda ine maruva epepuro pasi pane chigubhu chakadonha nehuswa hwakaoma nejechi.
ID_VYRCXO,Awa eza esika bakonzi batelemelaka makambo ya kelasi ndako ya kitoko.
ID_HYKQPA,Chimushini chakasvetwa pasi paivhu chine ruvara rutsvuku rutema ruchena chine mavhiri marefu neanotenderera chine mibato mitema negirazi nechepamusoro.
