ID,Target
ID_QNYPTX,bandeko awa na miso na ngai nazomona obele bana basi mibale ya kitoko vrema bakangi suki na bango ya kitoko mwasi yango alati chemise ya jaune na moko na ye amipakoli ba.
ID_CLCVQW,eloko nazomona awa na moni eza obele mama moko boye mama ya kokola vrema telemi awa liboso na ngai na moni mama yango alati bubu eza moko ya kitoko atelemi nakati ya ndako na ye.
ID_INJFRV,ishangu mbiri dzemativi ose emakumbo dzine ruvara rutema dzakatsvetwa pasi dzose dzine tambo dzekusungisa dzakakochekerwa pamusoro padzo.
ID_XKFXQJ,motuka esali mikolo ebele ezali kufa liboso ya lopango ya polise toza komona ba tole na ba fenetre ebele.
ID_TYVXWN,miti midiki yakati rebei ine matanda matete nemashizha mazhinji eruvara rwebumhudza yakasvibira imba irikuwonekwa nechechinhambwe kubva pane muti.
ID_TLYNLJ,shiri yakamira pachitsiga chemuti ineruvara ruchena neruvara rwebhurauni neruvara rutema zvakasangana iyi ine muchochororo murefu yakamira iri pachitsiga chine ruvara ruchena neruvara rwebhurawuni zvakada kusangane.
ID_DHVQIV,nzvimbo iri muguta reharare iyo ine migwagwa yakawanda mikuru ine dzimotokari dzirikufamba munewo vanhu vakawanda vamwe vakagara vamwe varikufamba vachienda vakatsaukana.
ID_CNAAPA,vatambi vebhora vaviri vakamira vachiratidza kuti vagadzirira kutorwa mufananidzo mumwe mupfupi mumwe murefu zvakare vane bvudzi rakachekererwa zvakanaka kwazvo.
ID_RVJKZK,vanhu vakati wandei varikufamba parutivi rwemugwagwa zvimwe vari kuenda uko vachawana zvekufambisa kuti vagodzokera zvakare kudzimba dzavo sezvo vapedza zvavanga vawira muguta.
ID_OZSILI,vanhu vakagara vari kukurukura pane akamira neche pangoro munhu uyu akapfeka hembe inemaoko mapfupi ine ruvara rwebhuruu neruvara ruchena kuzasi wakapfeka mutirauzi une ruvara rwebhuruu koita vamwe vakagara pasi mumwe ane hembe ine ruvara ruchena akapfeka ngowani yake ine ruvara ruchena zvakare kuzasi ane mutirauzi uneruvara rutema.
ID_IOLJWF,nzvimbo ine miti huswa nemazitombo pane mazitombo ane ruvara rutema neruvara ruchena kwoita miti ine mashizha ane ruvara rwegirini huswa rune ruvara rwakachenerukira.
ID_SQYKGE,mureza une makara maviri rumwe ruvara rutsvuku ndorine nzvimbo yakakura ruvara rwebhuruu ruri nechekumusoro nechepakona.
ID_URHPQJ,na elili oyo nazo mona esika bazo lakisa biso bana kelasi ya mbula mikie na kati ya ndako ya kelasi bavandi nazo mona elili ya mwana kelasi ya mobali alati litala ya masu azo tala liboso.
ID_NDMSAY,shangu mbiri dzakanaka kwazvo dzine ruvara rutema dzakavhurika mberi nekushure uye dzine tambo yakakora pamberi kuitira kubata gumbo dzinopfekwa nevanhukadzi kana vanhurume.
ID_ZNLWNB,na elili oyo eza liboso na ngai awa naye komona motuka motuka moko ya monene motuka oyo eza motuka oyo ememaka bato oyo na monoko ya lopoto babengi bus pe bus yango ezali bongo nalangi ya pembe.
ID_ZUCSAV,chitoro chakaiswa mataira anopenya machena pane marokwe nehembe dzechikadzi dziri kubudikira dziri kutengeswa nechekumberi kunewo zvakaita semabhachi nemasutu ayo akaiswa mumapepa ari kutengeswa.
ID_PFEHBE,nzvimbo yakakomberedzwa nerusvingo uye simbi nzvimbo yacho iyi ine huswa husina kunyatsokusvibira huswa hwacho hauna kukura panewo muti wakaita zvokusimwanechemukati nerusvingo rwakavakwa nezvidhinha kune miti mihombe iri kubudira.
ID_ECTELE,mudhorobha mune migwagwa ine tara pane vanhu varikufamba vamwe vari kudarika mugwagwa panewo motokari dzirimo dzakaita semakombiemarori nemota diki zvakare mune midhuri yakavakwa ichienda mudenga.
ID_LBOBOR,mayi eza pene pene ya zamba na kati ya mayi eza na ba nzete na matiti ba nzete yango eza na bakasa eza na langi ya pondu matiti yango eza na bakasa eza na langi ya pondu matiti moko eza ya ko kauka matiti mosusu eza ya mobesu na loboko ya mwasi ya mayi eza na zamba.
ID_OQBYLS,mukuratidza zvimafurmaketi zvinotengesa bhutsu arikuratidza kuti ane mapushi masendi mapushi zveruvara akasiyana siyana yero waiti bhuruu madzimai achifamba achidarika vanhu vakasiyana siyana uye akatobata mwana ari kufamba ari kudarika achiona kuratidza kuti arikuda kutenga zvirimo mumashopu imo.
ID_JVWWXY,mhando yenyoka inonzi anaconda yakazvimonerera pamuti iri pedyo nemvura nyoka yacho ine madododo matema asi ine ruvara rweyero.
ID_MVMHDG,pamufananidzo pane midziyo yakasiyana siyana yokushandisa muimba yekubikira midziyo mizhinji ine mubato ndirikuona banga mugoti wekubikisa sadza mugoti okubikisa muriwo neimwe midziyo ine mibato yepuranga.
ID_IAQVWH,ba soda ba telemi na ba polisi ba soda bazali ba mikonzi balati ba pete ebele na lipeka mosusu aza polisi etelemi pembeni na bango bazali pe na ba misusu na nsima biloko na bango ezomonana te.
ID_VZFEWT,vakomana vezera rechidiki vanofarira zvemutambo vakapfeka hembe dzavo dzakasununguka dzavanoshandisa kana vachida kutamba pane mumwe ari pamberi akatarisa pasi akabata bhora.
ID_ZFGUDY,sango hombe rine miti mizhinji yakasvibira uye rinoratidza kuva neivhu dzvuku rine sora rakaoma uye parikuonekwa chikomo chine miti mizhinji.
ID_WGDFIO,imba yakashongedzwa zvinonwisa mvura yekutandarira mune masofa matsvuku anoenderana netafura asi rine girazi pakaiswa maruva akashongedza imba iyi mune zvemudenga zvishongedzo zvakanaka uyezve kumberi kunoratidza kuti kuri kuenderera nemataira ebhurauni imba iyi inoratidza sehotera.
ID_FECWJL,logo ya lacoste logo ya lacoste ezaka na langi misato eza langi ya pembe langi ya vert na langi ya mwindu na lolemo ngandu ya motane.
ID_DYHFNJ,nharaunda munogara vanhu zvinoratidza kuti achangotanga kugara nekuti dzimwe dzimba dzichiri kuvakwa uyezve hadzisati dzapera sezvinoita kuti vanhu vange vachiwana mabasa akaita sekuvaka.
ID_FEQNNF,awa tozali komona ndako moko ya bakomi alalisi ndako yango ezali kitoko to moni imagination.
ID_WBXQTC,munhurume akapfeka nhumbi ine mavara mavara muhuro make akapfekawo chuma icho chine chiratidzo chemuchinjikwa nechepamberi pacho zvakare ane bvudzi rakapendewa rakachinjirwa kare.
ID_VSIQKV,mamwe maturusi anoshandiswa kuita mabasa emaoko akasiyana siyana pane sikurudhiraivha pinjisi nesipanerapinjisi ine mubato une ruvara rutema nemavara eyero pingi dzisi dzinoratidza kuti dzakarongwa nehukuru wadzo kunotanga doko uchinopesera hombe hombe zvipanera zvine ruvara rutema nemavara eyero zvakare.
ID_FLRZJY,munhukadzi akarukwa musoro wake magodi marefu akangomiramira.
ID_MQDJDC,ba mafuta oyo eza ebele awa eza ya kopakola mwasi oyo ateyaka yango na motu ba mosusu ya kopakola ba mosusu baparfums na milangi oyo.
ID_RFARPF,awa bazali kolakisa biso carton ekoki kozala carton ya jus ya manga pona ekomami mange neti.
ID_LIEJMC,hembe yechikadzi yakareba ine ruvara rutema nezvinoinya zveruvara rwakasiyana siyana irikutengeswa muchitoro nedzimwe hembe dzakananikwa pane mabhegi akananikwa nevhiri iri mota ririkuoneka mushure.
ID_ACXWNX,safu ya kotokisa na likayabu ya kotumba bokaboli sani ya mbele na pilipili ya pilipili batuta.
ID_VJNISQ,awa nazomona tondese ezali awa namoni mpe ba crayon pe ezali eza ba materiel oyo tosalelaka namoni mpe babike pe eza wana.
ID_HKJBKE,gedhi remba rine ruvara rutema riri kuratidza kuti riri mukati memiti neruzhowa rine ruvara ruchena panze pane miti yakawanda miti imwe ine ruvara rwegirini nemaruva inonhuwirira imwe miti haina maruva imwe miti inonzi mashirabhu nemimwe miti yakakura uye netumaruva tudiki tune isingakure zvinoenda mberi.
ID_OWPLHO,na bilili oyo tozali komona ezali ba sango oyo ntango ya colonisation babandaki ko colonie biso awa tomoni bazali basango balati makango na bango ya molai ya pembe tomoni bazali kopesa na mbote ya bandeko ya mboka.
ID_XPFQKJ,eloko balakisi nga awa bandeko na miso na ngai eza obele ndako moko mpenza ya kitoko ndako moko ya monene ndako oyo balobaka monoko ya etage eza ndako ya etage epi eza ndako moko eza langi ya pembe pembe epi ba vitre na yango eza langi ya mwindo.
ID_PRSUDQ,vatambi vemutambo wekiriketi vari muharare sports club umo mune nhandare yavo iyo ina masora akasvibirira pane vakapfeka zveyero poitawo vane zvegirinhi vari pakati pekutamba mutambo wavo.
ID_QYCETT,na esika tokomi awa bandeko na omona eza ba papa ebele na bamama ebele bafandi na sale moko ya monene baza pe na ba buku na bango liboso bazosala mwa eloko ba bengaka monoko ya lopoto mwa ranion.
ID_PAUVNP,zvivakwa zviri pedyo nemugwagwa zvinofana kunge zviri zvivako zvinoitirwa bhizinesi hazvina kukura nzvimbo yacho haina vanhu asi ine mugwagwa uri pedyo.
ID_YLGJGF,nekiresi nemhete zvakatsvetwa pachimudhuri chine ruvara ruchena zvine ruvara rwegoridhe zvakabatwa neruoko kutsigirwa zvakatsvetwa pasi pane ruvara rwegirini.
ID_NYOCNO,munhurume nekadzi vari kuteerana munhukadzi akabereka mwana kumusana netauro rine ruvara iri mitsetse richena nezvitsvuku pamberi akapfeka nhumbi ine maoko mapfupi yeruvara rwebhuruu neyekuzasi bhuruu rakareba rine ruvara rwebhuruu.
ID_RMLTDJ,mushina unoshanda namagetsi uri pasi pane ruvara rwebhurauni mushina uyu unoshandiswa muzvikoro muzvidzidzo kana mumahofisi pakunyora tsamba kana mamwe magwaro une ruvara rwesirivha uyezve pane mucherechedzo wehapuru pamusoro pemuchina uyu.
ID_ZOGMYL,ndege huru iri mudenga yakaburitsa mavhiri ayo kuratidza kuti inoda kumhara ichena uye yakanyorwa namavara matema parutivi payo.
ID_HGTFYG,awa tozomona ezali nyama babengi pante nde baza kolakisa biso awa tozali komona ezali buku oyo babengi image stock tomoni panthere nde ba lakisi awa soki okoti na kati oko yeba makambu panthere esalaka.
ID_DNCKDJ,liboso na ngai awa namoni mwana moko ya mobali atelemi amemi mwa eloko ya libende sima na ye na moni ba biloko ya satana kala.
ID_RIWQZN,chidhindo chinoshandiswa nevanhu kunyanya mumahofisi chinoratidzawo mvumo yekuita zvinhu pangava pabepa kana kuti pa pachingadakuiswa chinonyanya kushandiswa nevakuru venzvimbo.
ID_LUJEWA,na moni ezali mafuta ya kopakola baza koteka yango eza ba mafuta modele mingi ezali na kati o batekaka bamafuta.
ID_FKSFHH,shangu dzekurudyi nedzekuruboshwe dzine ruvara ruchena nerwebhuruu yakacheneruka pane kamufananidzo kenai akanyorwa nezvitema dzine tambo chena.
ID_SGJXRJ,chibhetibheti chine ruvara ruchena chinooneka zvakare ruvara rutsvuku zvinoratidza kuti hachina mambava akanyatsowanda chinogona chiri chimwana chechibetibheti nechekumberi chine nzeve dzakamira chobva chaita maziso matsvuku.
ID_USZRFW,munhurume akabereka bhegi neruoko rumwe chete unoratidza kuti wakatsikisira pane zvaari kuona pamaoko ake wakapfeka hembe dzinopfekwa nevarume echizvino zvino mumusoro make mune bhareta mumakumbo make mune mudhebhe kumusoro kwake kune nhumbi.
ID_MWGZPD,mashini oyo batie awa eza mashine oyo ebimisaka poussiere na ba biloko ya electronique soki neti biloko electronique ekoti poussiere eloko oyo esalaka po na ko pepula yango.
ID_CQDCXT,mombe ine musoro une ruvara rwebhurauni nepamuromo patema mombe iyi ine nyanga dzakaenda kumativi iri kuratidza kuti iri kutsenga nekuburitsa mazino akaenda padivi inekahuswapamuromo zvakare.
ID_MNKDTM,nzvimbo iri kutengeserwa mhando dzefoni dzakasiyana masitaifoni akanyorwa pazasi uyewo foni dzakarongedzerwa muzvinhu zvemagirazi kuti vaone kutengesa zvinhu zvakadai zvemhando dzakasiyana kwakanaka nekuti vanhu vanouya vachitsvaga zvavanoda chaizvo uye vanhu vari kutengesa vanotowana kurarama uyewo vari kutengesa ipapo vanowanawo mabasa vanowirwa nevaridzi vezvitoro.
ID_GPQJUU,shangu imwe chete yechidzimai yakavharika ndeye ganda uye ndeye kuruboshwe ndeyeruvara rwepingi yakagadzikwa pasi pane mataira machena nematema.
ID_FFIIOR,na elili oyo nazo mona bazo lakisa biso etaleli ya pembeni pembeni makasi penza ya bikeli ya mokili nazomona bazolakisa biso eli ezali lokola pungupungu ezandakisa ya pungupungu.
ID_PAKEML,nazomona mai ya ebale ebale bamabanga eza na batie na ba kantine misusu eza na babido bakata nazomona pe moto na mayi azo sokola maboko na mopanzi fulu ya salite bima na mayi eza na mopanzi wana.
ID_SQJWFH,bana mike ya basi batelemi bazo simba na loketo na bango moko akangi suki atie biloko ya pembe na kati mosusu pe akangi suki atie biloko ya pembe na kati moko alati bilamba ya langi ya bozinga mosusu pe alati bilamba yalangi ya pembe.
ID_XSCBVZ,chaja yerudzi rutema ine tambo refu yakamonerana muneranakumusoro kwayo kune tuzino tuviri twesimbi tunova tunobairirwa kumadziro kuti titore moto chichiiswa kuti tuchajamidziyo.
ID_YEGQGO,sadza rakapakurwa nemuriwo wakanaka pane sadza rine ruvara ruchena kwoita muriwo uneruvara rwegirini kobva kwaita mhashu mhashu dzinoratidza kuti dzakanyatsotskira uye dzinonaka.
ID_XXNSTV,elili oyo eko lakisa loboko ya mwana mwasi ekolakisa ebombeli ya kisi ya langi ya pembe pe elili ya mwana moke alati elamba ya mosaka akoseka kombo koma ezali na kombo pe ya kisi yango na bokono ya ko bikisa.
ID_DZSHEQ,logo ya benwa garnierazali spécialiste asalaka biloko ya mabaya ya nzete bazosala piblisite na ye po bato baya kotala ye baluka biloko a salaka basomba yango.
ID_GKZCUH,vasikana vana vari mukati menhandare yekutambira mutambo webhasiketi bho uye vakapfeka nhumbi dzine ruvara rwebhuruu vasikana ava ndeve chitema uyezve vane miviri iri pakati nepakati.
ID_VXVHZA,muti muhombe mitatu iri kumberi kwezvivakwa zvinobudikira zvine ruvara ruchena koita zvimwe zvimiti zvidiki zviri pasi pemuti mazimiti aya.
ID_PQWWAS,gwenzi kana kuti ruva rinoratidza kuti riri pane mvura yakawanda rine mashizha akasvibirira anemizera yakasiyana mamwe mashizha akareba koitawo mamwe mapfupi.
ID_XGTHZP,nzela esi ebebi bato bazolekana nzela wana ndenge wana.
ID_MRAIGA,na elili oyo ezali na kati ya ndako ya botangi bana kelasi bakotanga balati pe milato ya ndenge moko ya bozinga mokanda eza likolo ya mesa bakolandela ndenge bakosala na bisalisi na bango.
ID_TAJLWS,chigayo chakakura chigayo ichi chine ruvara rwesirivheri nechepakati pacho chine ruvara pane ruvara rwebhuruu muzasi munoratidza kuti makashama.
ID_NSIWDG,murume akagara mumotokari motokari yakamira kumberi kwacho kunemugwagwa.
ID_YOWFFV,nzvimbo yakaungana vanhu vamwe vari kuita zvekutengesa mbatya pane mudzimai wakabata mbatya dzaari kutengesa mudzimai arikutengesa mbatya dzine ruvara rwegirinhi dzimwe dzine ruvara rutsvuku dzimwewo ndidzo dzine ruvara rwebhuruu.
ID_LVPXZS,wachi yechikadzi yegold achindiona inowanzopiwa munhu seegiftikana kuti present kana kuti sechipo iri wachi yegodyechikadzi.
ID_YLFNDR,aya maruva maruva echirungu akatarisa panotoratidza kuti anodiridzwa uye ane hutano ukatarisa unototi atobereka michero yawo uye ukatarisa kutora kuti anoratidza kuti anobukira nepasi.
ID_TUTDTG,na bilili oyo nali komona ba lakisi nga eza ba mibali bazo sala ba sport oyo babengaka yango ba karate te nali komona ba mosusu batelemi pembeni ya bandako kuna bali kotala bango.
ID_YUFIOJ,awa na moni eza esika batekiselaka biloko mingi liboso na ngai nazo mona na kati ya etagere ba milangi ebele bazo zela bato baya kosomba.
ID_XTVWHW,awa nazomona lokolo moko ya sapatu ya basi ezaka lokolo moko yasapato ya basi.
ID_ZSRKOJ,tiri kuona mireza yenyika dzakasiyana siyana pane imba inoratidza kuti panosangana vanhu vachiita misangano vanobva kwakasiyana siyana kana kuti vemapato akasiyana siyana tichionomishina inoratidza kuti inogona kushandiswa kutumira nawo nezvivhitivhiti.
ID_ZCEOXY,ndako kasi eza ndako ya molai ya monene kasi ndako yango eza na lopango moko eza na lopango yango eza mwindu yango ndako yango eza neti mwa ya kala eza sika te eza esi esika bato bafandaka.
ID_WBDIEG,dhorobha rine midhuri yakareba umwe une ruvara rwebhurauni mahwindo akawanda miti ine mashizha egirinhi munhu ari pamotabhakiakapfeka nguwani yebhuruu motokari dzine ruvara ruchena.
ID_LBNNVO,elili oyo nazali komona awa nazali komona bakiti ya kitoko oyo batu balingaka mingi kotia na sima ndako to esika bato basololaka libanda tomoni pe esika yango akiti ezali ebele.
ID_SSVFHN,uyu mufananidzo unoratidza mureza mureza une ruvara rutsvuku kumusoro neruvara rutema pakati pakati pane ruvara muchina pobva paita nyeredzi mbiri ine ruvara rwegirini.
ID_EXRHDG,vana vechidiki vari mukati menhandare yekutambira mutambo yebhora uyezve nekumhanya vamwe vasikana vamwe vakomana vamwe vakagara pasi vamwe vakamira uyezve kudivi kune vamwewo vari kutamba vari kurwa.
ID_JBDFJJ,awa pe eza lokola eza na balabala nazomona motuka moko lokola netieza koleka nazomona pe na pancarte moko ya se.
ID_UQGGPU,awa na moni eza na kati ya ndako liboso na ngai nazomona ba escalier ya molayi ezomata ezo kende esika songolo.
ID_NKDDHC,na bala bala taxi bus na mopanzi na langi ya pembe pe na langi ya pondo awa ya mibali mibale ba kobenda pusu mobali ya liboso alati kaputula ya langi ya bozinga ya pete pe likolo motani na ekoti ya pembe esangani na bozinga mosusu alati mwindu mwindu pe na ekoti ya pembe liboso kuna pe mituka na mopanzi bandako.
ID_SACORM,awa namoni toza na kati ya terrain namoni eza na bana mibali na bana basi oyo batelemi pembeni ya terrain na nsima na bango pe namoni eza na mwa lopango moko oyo eza na mwa ndako moko ya monene ya pembe na ba matiti oyo eza liboso ya lupango.
ID_SBFDCO,midziyo inoshandiswa kuita mabasa amaoko pamusha midziyo iyi inosanganisira chigero foko nefoshoro foshoro nechekumusoro kwayo ine ruvara rutema nechekuzasi ine ruvara rwakachenerukira koita zvakare chigero chine ruvara rutema nechekumusoro kuzasi chine ruvara rwakachenerukira zvakare.
ID_OUJCUX,bandeko esika na komi awa nazomona bana basi bilenge bana basi awa balati babilamba ya biloko ya ba sportif bazosakana na bango baosakana football bazosakana sport oyo ya ndembo ya banabasi misato.
ID_PJWOTA,saki ya mokongo ya bana kelasi ya bana mike ezali ya bozinga ya makasi moto atomboli yango po alakisa yango ezali na ba poche mibale pe ezali na ba poche mpe pembeni.
ID_XFQJTD,awa tomoni sapato ya bana basi tozali komona ezali kitoko tomoni ezali na langi oyo ezali ya motane na mwindo na kati kasi ezali ya bana basi ezali kitoko kitoko mpo na kolata.
ID_MEYEQA,awa nazomona eza lopango sikoyo badekore yango nazomona pe ba fololo pe eza wana bafololo eza na lange ya ma ya pondo.
ID_ASIPKU,camion eza na kati ya wenze elingi koniata biloko na se camion eza na kati ya wenze tomoni bato baza na kati ya wenze oyo camion eza ko leka na kati ya wenze.
ID_NEFGZN,zvibhodhoro zvakawanda zviri pasi zvemizera yakasiyana pane zviduku poitawo zvihombe zvine ruvara rutema nemivharo michena ndezviya zvine mishonga inoshandiswa pamishina yakaita seye kudhinda mapepa kana imwewo michina inoshanda nemapepa.
ID_EGBJZM,awa nazali komona eza lokola na zamba nazo mona ba nzete mingi ndako moko to mibale nazomona pe ba ngomba moko milaimilai.
ID_NNNBWD,nzvimbo ine huswa nemarara ine zvimiti miti zvakangorara pasi zvimiti izvi zvineruvara rutema neruvara rwakachenerukira koita zvimarara zvakangorasika pesepese zvine ruvara ruchena huswa huripo umwe une ruvara rwegirini umwe une ruvara rwakachenerukira.
ID_PUGWCR,page oyo ba pe na langi ya mbwe eza na ba poto ya langi ya motani na langi ya pembe eza na poto mosusu eza na langi ya lilala esika mingi eza na milongo ya kotengama ya langi ya langi ya motane na langi ya pembe.
ID_SRQHVW,na bilili oyo tozali komona liboso nabiso awa ezali bongo na balabala tozomona ba ndeko bazali ko kende tomoni ba ndeko ya basi mibale bazali kokende na batu mosusu eza liboso na bango ebele.
ID_TVCMKS,awa esika na komi awa nazomona obele naza na balabala pe na pembeni ya balabala kuna nazo mona ndako moko ya kitoko mpenza eza ndako moko eza na langi ya grie nakati eza langi ya pembe eza ndako moko ya etage ya kitoko vrema pembeni kuna na pembeni ya etage wana naomona koza ba mwa jardin matiti matiti eza na se na kote ya parking nayango.
ID_SFDNNH,photo elakisi place oyo batekisaka bikeko namoni oyo eza biloko basi balataka pe na biloko batiaka na ba rideaux na ba hotel.
ID_HXGURG,awa namoni toza na kati ya ndako moko ya monene na moni eza na batata ebele oyo bafandi liboso na bango eza pe na ba tata misusu oyo bafandi bazosolola.
ID_OEWYCL,dzimba dzakavakwa dzakabatana dzimba idzi dzakasiyana mavakirwo dzaitwa dzimwe dzine ruvara rwakachenerukira uye dzidiki koita imwe iri kubudikira necheparutivi inoratidza kuti yakavakwa nezvidhinha zvinozivikanwa kuti zvidhinha vekubotswana zvidhinha izvi zvine ruvara rutsvuku neruvara ruchena.
ID_WXYBXH,awa pe nazomona bilei na komona kwanga na mopanzi mbongo na kati kati batie ba desina mopanzi na batie pilipili ya langi ya motane bongo na mopanzi kuna enyatami.
ID_JTZFPP,awa tozomona ezali loboko loboko yango ezo monana neti eza loboko ya mwasi pe mwasi yango aza mwasi ya libala mpo na misapi ya mibale alati lopete ezo lakisa ye te aza mwasi ya libala.
ID_CDDYTT,vatambi vemutambo wetsiva vakamira vachiratidza unyanzvi hwavo havana kupfeka hembe kumusoro kuzasi vakapfeka zvikadubura vese havana shangu.
ID_ISOCJR,k.
ID_JXFHBA,shangu yerudzi rwetenesi iri imwe chete ine ruvara rwebhuruu ruchena pamberi pacho yakasungwa netambo.
ID_DUCAYT,bato mingi bafandi mibale na basi basimbi mikanda bazokoma bazolanda bango nyoso makambo bazoteya bango.
ID_CNEWVO,mafuta ya kopakola yabana.
ID_EIDXID,liboso na ngai nazomona mesa moko ya kitoko likolo na yango nazomona bafololo mibale.
ID_SLVCBA,bhutsu dzinopfekwa nemadzimai dzakagadzikwa pasi bhutsu dzacho dzakagadzirwa zviri nyore uye dzine akaita mabhandi uye dzine ruvara rwebhuruu bhutsu dzacho ndedze vaya vanofarira zvemucheno.
ID_FWBYPB,nazomona na elili oyo bazolakisa biso milangi ebele eza ndako ya botekisi nazali lokola bisaleli ya ba mama na kosunga poso ya bana na monoko ya lopoto ba bengi poudre.
ID_MDBXFH,muchina unoshandiswa kusona hembe muchina uyu wakabatanidzwa netebhuru ine ruvara rwebhurauni kuzasi kune simbi dzine ruvara rutsvuku uye muchina wachona uneruvara ruchena neruvara rwebhuruu.
ID_OXFWCP,magiranadhira akawanda ndeeyero uye ane mavara egirini rimwe chete rakachekwa rikaburitswa zvimedu zviviri mukati maro mutsvuku uye rine mhodzi dzitema.
ID_KQXUZF,madzimai amwe ari kufamba vamwe vakagara pamusika vachitengesa jinja nezvimwe zvakasiyana izvo zvinoita kuti vawane mari vakwanise kuchengeta mhuri dzavo.
ID_ULNXEP,nyeredzi iri pamureza uyu ine ruvara ruchena kozotiwo kumusoro kwemureza kune ruvara rwegoridhe pakati nepakati pemureza pane ruvara rwemashizha kozotiwo kwekupedzisira pazasi pane ruvara rutsvuku.
ID_YAZDEC,foto elakisi biso mwa porte ya kitoko pe na se eza na mwa place ya kotia mwa biloko mosusu pe porte oyo eza na mwa mabaya moko ya kitoko pe langi moko ya kitoko mpenza pe na moni eza na mwa ba pine okoki ko déplacer yango.
ID_LMSRXP,buku na biso oyo ezomonana ke eza kote ya libanda monani parabolique nzela ngo pe eza ya kokauka oloni bato baza te bana ba kendeki classe.
ID_OQJLPT,awa esika na komi awa nazomona na miso na ngai eza ebele na wenze wenze oyo namoni bazotekisa ba biloko ndenge na ndenge na omona awa ba mafuta kopakola ba sabuni ba biloko ebele ebele vrema na omona eza na kati ya ba bassin oyo eza nakati ya wenze.
ID_CHAYJC,munhukadzi akarukwa madhiredzi madhiredzi aya ane ruvara rwebhurauni akapfeka nhumbi yekumusoro ine ruvara rwekirimu uye ruvara rutema.
ID_YGQLTC,liboso na nga awa na moni ba lakisi ngai na mesa ba mwa eteni ya citron na mwa asiete nde yango oyo tomoni wa.
ID_PMAOSQ,ichi chivakwa chine vhuranda chivakwa ichi chinogona kuva chiri chitoro tinoona chine simbi dzekuvhara kudzivirira kana kuva vachipinda zvisiri pamutemo pauranda racho tinoona paine maruva ekushongedza nzvimbo iyi mudenga tione akasungirirwawo tunhu wekushongedza tsvuku tuchena.
ID_AYEGYT,michero yakatemwa kubva mumuti ikaunganidzwa ine ruvara rwakaita rutsvuku uye imwe yakada kuita sepepuruyakawanda iri pasi ipapo imwe yacho ine tutanda twakabatira pairi tichiri girinhi michero inodyiwa nevanhu nekuti inobatsira kusimbisa miviri yavo zvekuti kana vazorwara havanetseki kukurumidza kupora.
ID_PZNPDS,dutu remaruva akasunganidzwa pamwechete ane ruvara ruchena kunze kwouya richinoita ruvara rwakanoita yero pakati mamwe haasati abudikira atumbuka ane ruvara rwegirini.
ID_PMRSSB,kamba iyo inoratidza kuti iri mumvura inoita makwati kunze kwayo pamusoro payo panewo data riripo rinoita zvekutonhuka kana richifamba rine ruvara rwegirinhi nemamwe mavara.
ID_CLUUGI,zvipanera zvakaturikwa kumadziro zvine mizera yakasiyana siyana zviri pamusoro zvakasvibirira nekucheneruka zviri pazasi zvakasvibirira zvose.
ID_KPHGHG,pole ezali na langi misato langi na likolo ezali na langi ya mosaka na kati kati ezali na langi ya pondu na se ezali na langi ya motane katikati ezali na minzoto moko ezali langi ya pembe.
ID_LEPTJM,bilenge mibali bazosaka na bale ya match na kati ya stade bato ebele bafandi na stade bazotala bango.
ID_QRTYMF,mafaira akawanda anoti mafuratifomu clever flesnemamwewo mafaira aya mamwe ari mumapurasitiki akaiswa pamusoro akarongedzwa pasherufu repamusoro mamwe ari pazasi anonzi mariva pashiri pakati pane mapepa anoiswa anozoita kuti kana uchinge waisa zvinhu mukati achinyora kuti uzokwanisa kutsvaka zvinhu zvauri kuda ane ruvara rwakasiyana siyana anoti bhuruu girini neyero nepingi nemamwewo matsvuku.
ID_YQCOJH,masamusa akawanda kwazvo aneruvara rweyero akatsvetwa chinhu chakafara uye akaiswa miriwo yakasiyana siyana yakachekwa chekwa pane madomasi bhurokorionyeni neremoni.
ID_IIDVMA,ba ngomba moko ya minene minene ba ngomba yango eza na banzete ebele na bamatiti ebele na katikati ya ba ngomba yango eza na mwa mai oyo eleki likolo ya mai wana batongi pon moko ya monene makasi eza na ba mituka oyo ezo leka likolo ya pon wana.
ID_LNYEZX,shangu imwe yekuruboshwe vana mudiki yakavhara kumberi nekumashure uye inoratidza kuti inopfekwa nguva dzechando nekuti inodziya.
ID_KHKIOB,tsoko shanu dziri kubudikira mujinga memuti une midzi yakabudikira yakakura zvikuru shoko idzi dzine ruvara rutema neruchena kumeso kwadzo nekumusana dziri mumahuswa egirinhi.
ID_YOMUYB,muti unenge mupopo uripedo zvikuru netambo dzemagetsi kana ukabatira kutambo idzi vazhinji vanobata mupopo uyu vanogwinwa pane shiri dzakamhara pamusoro petambo yapamusoro.
ID_KNAKMY,mafirizhongo chikafu chakabikwa nemutowo unoshamisa uye unoyemurika chinoti nyama magirinmambatatisi nezvimwe zvakawanda wanda zvakasanganiswa ipapo kudya namambo.
ID_LLASDQ,nzvimbo ine vanhu vakasiyana siyana vari kufamba vamwe vakapfeka hembe dzine ruvara ruchena koitawo vamwe vakapfeka hembe dzine ruvara rutsvuku nechekurutivi kunoratidza kuti kune zvitoro.
ID_GKZTUQ,munhurume akamira uyo akabatawo bhora kuruoko rwake rworudyi ruoko rweruboshwe akasimudza zvigunwe zviviri mudenga akapfeka nhumbi ine ruvara ruchena bhurukwa rineruvara rutema pamwe chete neshangu nhema.
ID_DRMIBV,na bilili oyo nali komona loboko ya ndeko moko asimbi ka mwa bido na kati eza mafuta ya motuka wana babengi yango toyota.
ID_SIAOXE,mudhorobha une midhuri yakawakwa ichienda mudenga munewo vanhu vakawanda vari kufambamo mune motokari dziri kufamba mumugwagwa une tara imwe motokari ndeyegireyi imwe ichena yakashama zvakare pane vanhu vanotengesa varikutengesa zvinwiwa.
ID_HQVEIS,ndunda ya mobesu eza na sani esilisami kosalema ndunda mobeso yango eza na balangi esangani eza na langi ya pondu langi ya motani langi ya longondo langi ya pembe.
ID_URXXAU,munhukadzi akapfeka mbatya dzake dzakanaka akamira akabata rimwe ruoko kurutivi rimwe rakarembedzwa.
ID_LBCZYP,eza kiti na zomona esika ya ba tuku nini ya koya kolekisa ngonga ntango basilisi zomi oyo bafandi omeli eza na ba kiti ba bongisi eza bakiti oyo basali yango ya mabaya eza na lange ya chokola.
ID_FOJOIW,gonye huru rine mavara akasiyana siyana inorarama nekudya maruva rakakora zvikuru uye ine makumbo mazhinji.
ID_VAHYZX,chidhori chineruvara ruchena chakapfekedzwa nhumbi yechikadzi riri rokwe rokwe iri riri kuonekwa rakareba asi nechekumusoro rine tambo harina maoko akarebenuka nechekumashure kuri kuonekwa chimwe chidhori zvichionekwa kuti zviri muchitoro chinotengesa mbatya idzi.
ID_XHGAJR,elembo ya mboka ezali bongo na langi ya pembe na makomi na langi ya shokola.
ID_IMDKXQ,tafura dzinoshandiswa mumahofisi kugara chigadzirwa kana uchiveswa ichena ine maraini anochinjika machena nematema akaenzana mberi nechitema pakati chinotaridzwa ndipo pakati payo ine cheya chena ine maoko matema kudivi kune kabati ine madhirowa.
ID_MHZXZI,kopo ya ju eza na lange ya motani.
ID_XYNEAZ,na esika to komi awa nazo mona eza obele papa moko boye papa oyo na monoko ya lopoto ba bengaka professeur oyo na moni azozwa biloko ba bengaka ba cris ata yango na kati ya ba karton.
ID_SYDXFF,takishopu ine zvinhu zvakawanda zviri kutengeswa zvimwiwa zvakare pane mukomana akapfeka chisikipa chitsvuku aripo panewo mudzimai ari kudarika akarukwa bhureidhi akabata bhegi dzvuku nechipepa chichena.
ID_PVJVYB,musoro wemunhukadzi wakarukwa vhudzi rinorembera richidzaka nemusana rakaonyana zvinonakidza kuona uye riri muruvara rutsvuku.
ID_GGDBGD,sango guru rine miti ine mashizha egirini rinewo huswa hwakawanda hwakaoma hwebhurauni pasi pane mumvuri wemunhu.
ID_DTWMNJ,hwiza inozivikanwa nezita rekuti mbuya mugogoda hwiza iyi ine ruvara rwakachenerukira nechepamberi payo paneruvara rutema mumaziso ine ruvara rweyero yoita makumbo arikumberi ane ruvara rweyero zvakare.
ID_CVLFSK,awa na moni eza sapatu ya bana mibale.
ID_KWONMZ,awa namoni eza na batata ebele oyo batelemi esika moko na kati ya kelasi namoni liboso na bango eza na mwa mesa oyo eza na ba buku na mwa molangi ya mai likolo namoni batata yango balati ndenge moko eza neti baza ba zuzi na mwana mobali moko oyo atelemi kati kati nabango.
ID_WWYFTZ,awa tomoni bana mike baza na kati ya kelasi bazo yekola azolakisa bango baza baza mingi nakati ya kelasi.
ID_JZOPGC,musikana wakarukwa zvakanaka zvinonwisa mvura nechemusazasi akarukwa madhiredhi achiti namanamanemusoro nechekugotsi anosvika chinoungana kuita hata anobva anorembera achienda kumashure.
ID_COKZFV,mbudzi mbiri dzakamira imwe iri hombe ine nyanga dzakatarisa kumusoro nechekumusana ine ruvara ruchena kumberi ine ruvara rwe mambava akatsvuka chimwana chayo chiri pazasi chine ruvara rwakafanana namai asi hachina anga.
ID_WDZCRL,kabhokisi kemapini anoshandiswa mumakambani kana muzvikoro kabhokisi aka kane ruvara rutsvuku neruvara ruchena kakanyorwa nemavara matsvuku nemavara matema mapini arimo anoratidza kuti mavara akasiyana siyana mamwe mapini ane ruvara rweyero mamwe ane ruvara rwebhuruu mamwe ane ruvara rwepingi.
ID_KVLQAJ,liboso na ngai nazomona eloko moko ya kitoko mingi likolo na yango namoni bakomi na monoko ya lopoto eko bapaya.
ID_TAVWGO,motikari chena ine chikwangwani cheyero chakanyorwa nezvitema yakamira parumwe parumwe pane mapundo egirini ane zvitsvuku.
ID_GGKGFR,foto oyo elakisi biso mwa terrain ya basket na kati ya terrain ya basket namoni ba mopeti baza ebele pe namoni mopeti moko a soki aza na bale na ye na maboko.
ID_IXDKJW,mucheka une ruvara rutema ruchena nerutsvuku unogona kushandiswa iwo kumiti ranyika.
ID_UHKXAN,na elili oyo nazomona bazolakisa biso kisi ya komela eza na efungeli esika bakomi filomeerplace eza kisi ya komela mpona kobikisa nkokoso ya malaria.
ID_NPRXQR,awa na moni ba lakisi biso mwa motuka moko ya monene makasi oyo etelemi esika moko na moni eza motuka oyo ememaka babiloko ebele na moni bafungoli yango bazo bimisa biloko nakati.
ID_LTFSXS,ba desine mobali alati linete bakomi fc eza logo.
ID_ORXUPM,mhuka inonzi garakuni garakuni racho rine manhenga machena rinewo makumbo maviri nechekumberi kune chinhu chakatsvuka kara kune racho riri munzvimbo yakaiswa fenzi.
ID_QWUCDJ,vana vakomana vechidiki vakagara zvavo vana ava vanoratidza kuti izera rimwe chete uye vakapfeka nhumbi dzechinyakare izvi zvinoonekwa zvavakapfeka muhuro mavo vana ava vana mai vavo padivi pavo.
ID_BVYDAO,kasora kanokura kachitambarara kanowanzotambarara pamusoro pemvura kane mashizha akanakisa akada kuita kakutenderera ane ruvara rwegirini nemamwe ane ruvara rwakaita kayero.
ID_ASBDUP,eloko nazali komona nazali komona milangi mibale to misato ezali milangi ekoki ya ba fruit ekoki kozala ba fruit nazali komona na molangi moko ba desinaki na ekoki kozala ba jus ya fruit ba jus ya ananas.
ID_GZANIC,vanhu vari mukereke pane vakapfeka mamasiki hembe chena nhema uye uwane magirazi.
ID_UFPBVD,mutambi wemutambo webhasiketibchete ari munhandare pedyo nenzvimbo yekumwisa akamira negumbo rimwe achiratidza kuruka kuti amise bhora akapfeka chipika cheruvara rwebumhudza nechimwe cheruvara rutsvuku mukati uye mudhebhe mutema neshangu nhema kune vamwe vanhu vari kunze kwenhandare varikuona achitamba.
ID_RBMMXG,musoro une bvudzi rakasvibira yakarukwa nebvudzi mitsara yakawanda uye musara wakaona mona nebvudzi rekutenga rine ruvara rutsvuku.
ID_MYSUOX,apa papati uyezve parikuratidza kuti pakarongwa macheya ane chivhitivhiti macheya aya akaiswa mucheka muchena uyezve pakarongwa kapeti pasi yegirinhi.
ID_KYSXGP,ndako oyo ezali na porte ya moyindo pe mwana moko atelemi liboso ya lopango oyo na kati ya ndako wana likolo bakomi makomi ezali na langi ya mayi ya pondu.
ID_BCOIMC,michina miviri inoshandiswa nevanoita zvekugadzira magetsi uyezve padivi pavo pane michina ine tambo inoshandiswa pamwe chete nemimwe michina iripo.
ID_KQOZUQ,awa namoni eza na ba ndako oyo eza pembeni ya balabala namoni ba eza na bamituka etelemi liboso ya ndako eza na kitoko.
ID_AAPBIE,chikwata chevanhurume vemutambo webhasiketibho chiri munhandare umo mune vanhu vakawanda vari kuona mutambo uyu vatambi ava vakapfeka hembe tsvuku vamwe zvichena pane bhora riri mudenga vose vari kurwira kuti vabate bhora iri.
ID_EBIVAA,motuka ya komema bato epai na epai etelemi pembeni ya balabal.
ID_COUUAA,zvigaro zvekugarira zvisina ekuzembera izvi zvakagadzirwa namapuranga uye zvine zvigariro zvazvo zvipfumbu zvakagadzirwa nepurasitiki.
ID_UCVSCL,na balabala ba motuka ezoleka kuna pembeni eza zando bato bazo teka na bato mosusu bazo ya kosomba mama moko azo katisa balabala mobali moko afandi likolo ya pusu pusu naye.
ID_ESDDEB,motokari huru inodanwa nezita rekuti iscavheta ine ruvara rweyero nemavhiri makuru ane ruvara rutema neyero kumberi kwayo ine fushuro yakasungirirwako yashakara ine ruvara rwebhurauni.
ID_MOIEXY,ba motuka minene oyo ekangi nzela te kasi kuna mosika antene ya molai eza nde tour de controle epi awa tomoni ba contenere etelemi pembeni ya motoko oyo.
ID_FXFVEC,ba ndunda oyo eza matembelabiloko ya kolamba pe kolia.
ID_XIPYIV,awa nazomona to mwa babolo moko boye oyo batiaka biloko ya kolia na kati otie na frigo babole yango sikoyo moko eza na coulere ya mosaka moko eza na coulere ya mai ya pondu mosusu eza na mosusu eza na culere ya motane boe mosusu eza na couler ya lilala.
ID_CBBJNH,vanhu vatatu varikufamba mumugwagwa unoita seuri mudhorobha pavanhu vatatu ava pane vakadzi vaviri nemurume mumwechete murume uyu akapfeka mudhebhe mutema uye hembe tsvuku nekepesi madzimai akapfeka hembe nhema.
ID_EORGOX,ka oyo batiye liboso na biso awa ka muke eza molangi ya malasi oyo batyaka na nzoto.
ID_MHRFHJ,varume nevakadzi vane mizera yakasiyana vakamira panzvimbo ine masimbi inoratidza kuti inogadzirwa zvinhu zvakasiyana zvinogadzirwa nesimbi zvinosanganisira magedhe pamajuraworo masimbi anoiswa pamafafitera kuti mbavha dzisapinda zvinyoro nezvingoro zvinotakurisa zvinhu mutauri.
ID_IIOLEC,poto ine ruvara rwesirivha rine goridhe iyi ine mubato yakavharwa nemuvharo une ruvara rwesirivha nemubato wegoridhe zvakare.
ID_PATITK,kunzvimbo ine mvura ine rwizi runoyerera makamera mazipundo akaita mashanga anomera mune mvura nemubhanana urikubudikira kudivi rwerudyi kuruboshwe pasi pane marara dutu anoratidza kuti panzvimbo panouya vanhu vachirasira marara asingabvumidzwe.
ID_NZNZDT,na awa na moni ba lakisi nga mayindieza na kati ya nzete na yango pe eza mandi ya kitoko eza na ba langi ya mosaka pe na ba pembe pembe na nzete na yango eza na ba langi ya pondu.
ID_XLFFGX,mumugwagwa unoratidzika kuti unofamba mota dzakawanda kumativi kwawo kune vanhu variko vanhu ava vanosanganisira varume vaviri kozoti mukadzi akamira akatakura bhegi.
ID_XQRCWT,likolo ya mesa ezali na sani ya pembe ya mbele kasi ozomona eza na lutu yango sani yango eza na kati eza loso na pondu na madesu kasi boye eza na mbisi ya ko kalinga yango nde babengaka mpiodi boye ozomona pe pili pili yango eza elengi.
ID_LSWZUO,mukomana ari mugiraundi rekutambira nhabvu akapfeka jezi repingi nemasokisi matsvuku neshangu dzekutambisa nhabvu dzebhureki dzine mitsara michena.
ID_BZCOAH,shangu mbiri chena dzakagaranadzine mukati mebhuruu pamusoro peshangu pane mabhande maviri.
ID_WHRRVY,namoni mwa ndako ya kitoko pe na se ndako oyo eza na kati ya lopango pe na kati ya lopango oyo mwa nzete ya monene pe namoni lopango yango eza na langi moko ya kitoko pe eza kongenga namoni liboso nango mwa matiti na mwa fololo ya kitoko peza.
ID_LFZTDM,bilili oyo bali kolakisa biso awa ezali bongo na se ya mayi bakamataki foto oyo na se ya mayi pe na se ya mai yango tozali komona koba koba oyo ezali nkoba ya mayi eza koba yazamba te.
ID_UGYUGB,liboso na ngai nazomona basi miney bazo seka pe bazo sepela na maboko na bango baza na ndembo.
ID_KUAFOJ,miti ine mapazi akawanda uye mashizha egirini pasi pane zvidhinha zvakakomberedza majecha machena akaunganidzwa ekuvakisa.
ID_TNMKEB,awa esika nazali komona eza esika moko ya kitoko esika ya kotambola esika ya kopema nazali komona ba nzete mayi eza esika moko ya munene.
ID_ZVCYRR,patapata rakaiswa pasi pane ruvara rwepfumbu iro patapata iri riri repurasitiki kune rimwe divi uyezve tambo yepamusoro iri yepurasitiki rimwe divi riri puranga patapata iri rinoratidza kuti rakapfekwa kwenguva yakareba.
ID_QBLCHX,elubu ya makayabu na ndunda na dongo dongo sani ya mbele ya langi ya pembe cuillère supusuka.
ID_BMRJMV,likolo ya mesa eza na eleko oyo bana kelasi basalisaka yango eza neti libende libende yango eza na langi ya bozinga esalisaka bana kelasi mpona kosalisa ango na kelasi na bango.
ID_QZWLVA,awa na moni mwa tere moko eza na bamatiti ebele na mosika nazomona batu ebele eza neti eza na zando naba mituka etelemi pembeni.
ID_GLIUNU,vanhu vakabata madhiramu uye mabhosvo vakapfeka mbatya dzebhuruu vachiridza pane maheti mumusoro ebhuruu mireza iri pedyo nevanhu vakagara.
ID_NOGIXK,na bilili oyo nazali komona balakisi ngai awa mwana mwasi aza kitoko pe aza na misu ya kitoko nali komona ndenge bakangi ye suki pe amemi saki na ye pembeni na ye na moni ka mwa ndako ya langi ya motane.
ID_CUNQQV,chipuka chakamhara pamusoro pematombo chinoratidza kunge gwavavarinemakumbo mana ekufambisa nemuswe wakareba uye rine musoro wakandotsvukuruka nemuviri uri muruvara rwakasvibiruka nemuswe wakatsvukuruka zvakafanana nemusoro rinoratidza kuti riri kudziya mushana riri pamusoro pematombo akakombwa ne bundo rakasvibira.
ID_NYWGFD,kasi bazo tekisa biloko oyo oyo bana basalisaka eza biloko ya bana kelasi okoyeba te ezali na langi ebele eza na langi ya bozinga eza na langi ya longondo eza na langi ya lilala eza na langi ya motani eza biloko ebele boye.
ID_NANEDK,pane shangu mbiri dzine ruvara rutema dzakaiswa masokisi ane mavara akasiyana siyana mukati madzo dzaka uye dzakatsvetwa mumba makaiswa ruware ruchena.
ID_OSQUUH,murume akabata bhora maoko ake akapfeka magirovhosi ane rudzi ruchena wakapfeka hembe ine ruvara rutsvuku nemaoko eyero unoratidza kuva mubati webhora pamutambo wenhabvu.
ID_SJPJUN,elili oyo nazomona liboso na ngai eza liboka oyo esalisaka bato kotuta na kati pondu pili pili nguba na biloko mosusu.
ID_OIZXCN,muchero wema richi wakaisa zvisingabviri zvino ose atsvuka kuratidza kuibva achirembura matavi emuti uyu ane mashizha akasvibira zvikuru achipenyerera mukupenya kwezuva.
ID_DDGBXH,motokari nhatu dzakamiswa pamberi pechivakwa uyezve dzakaiswa mukati nemumvuri unedenga rine ruvara rwebhuruu uyezve chivakwa chiripo chine ruvara rwemeruni nezvitinha uye ine ruvara rwekirimu.
ID_PAZHTC,mudhorobha mune zvivakwa zvakawanda zvine midhuri yakareba uye yakadurikidzana parutivi pazvo pane motokari dziduku dzakawanda dzinofamba mumugwagwa.
ID_IQYLWJ,buku ya kelasi a.
ID_ANZHBV,bilenge mibali ya mibale bazali bongo kobunda bazali bongo bato ya ndembo oyo ba betaka makofi ndembo na bango ezali ya ko bunda na makofi.
ID_ZJIPOW,parengi yakabatwa muruoko nemunhu ichiratidza nzara dzakachekwa zvakanaka rine ruvara rwesirivha nechekumusoro ine ruvara rwegoridhe kumashure kurikuonekwa nzvimbo yekurongedzera mabhuku neruvara rwebhuruu.
ID_CMWEOJ,munhurume nemunhukadzi arikufamba padivi pemugwagwa iri pasi pechivakwa chiri mudhorobha munhurume akapfeka mbatya ine ruvara rwebhuru maoko marefu nebhuresir rutema munhukadzi akapfeka siketi pfupi inosvika pavakataura nebhegi rechikadzi.
ID_XXGTFT,bana kelasi bazo sala masano bazosala epesi oyo moko asali bilamba ya langi ya bozinga mosusu bavnase balati bilamba ya langi ya pembe misusu balati bilamba ya langi ya mai ya pondu misusu balati bilamba ya mosusu balati bilamba ya motani bavile.
ID_KDCLWN,mopu imwe chete iri pasi ine ruvara rutsvuku negireyi ine mubato mutema.
ID_QRXFFJ,na elili oyo nazo mona esika bazo lakisa biso dalapo elembo ya dalapo esika nazo mona eza na molongo ya mwindu eza na langi ya mwindo langi ya motane na langi ya mobeso ezali na elembo ya.
ID_VOZSMW,singi yekugezera ine ruvara rwesirivha pane pombi yemvura yakakwira mudenga ndokuzobhendapanewo mishonga inoshandiswa kana uchida kugeza zvinhu.
ID_JRCNKZ,awa namoni eza drapeau drapeau wana eza na scouleurscouleur moko eza ya pembe na mosusu eza ya bleu na mosusu eza ya vert nde nazo mona eza drapeau ya pembe.
ID_HYHDGB,awa namoni balakisi biso kamwa étagere moko ya kitoko namoni basilisi kobongisa yango ba pakoli yango langi ya pembe namoni eza ba etagere oyo batiaka na ba ndaku esika oyo babongisaka suki.
ID_ONBGPT,awa tozali komona ba materiel bana esalaka biloko ebele ya ba construction ba electricité tozomona ba pince tozomona batournevise moko eza na balangi ya moyindo na motani e salaka biloko ebele.
ID_HRQBUU,chitoro chirikutengesa zvuma zvinopfekwa muhuro mhete dzinopfekwa munzeve maringi anopfekwa muzvigunwe uye mabhenguru anopfekwa mumaoko izvi zvinhu zvakagadzirwa nemhando yezvinhu zvakasiyana siyana.
ID_UFMNXZ,elakisi biso mwa eloko oyo babengaka yango na monoko ya lopoto le lecteur oyo eza mwa eloko otiaka na television pe elakisi bamwa foto oyo olingi omona pe elakisi bamwa bilili misusu ya kitoko penza.
ID_QYNCYO,munhurume akarukwa musoro nemiswe yemadhoki uye wakareba kwazvo une ruvara rutema uye akaiswa mabhidzi parutivi.
ID_PUPCBF,mahuswa emushenjere nemamwewo maruva akamira akakombwa nematombo ane ruvara rwebhuruu nezvichena akanaka uye ndeye mhando dzakasiyana mamwe ane tushizha tutete mamwe ane mashizha akakura uyewo mamwe anokura achienda nepasi mamwe anokura achienda mudenga.
ID_WGTTAV,bato mibale bazotambola na nzela mobali azali liboso mwasi azali nsima mobali ya liboso asimbi katini ya pembe mwasi na sima asimbi saki na maboko.
ID_UKEIZM,ndako ya kitoko makasi eza na lopango yango na likolo ya lopango batie mabende moko ya pembe ndako yango pe eza na langi ya lilala na bala bala na moni eza na mwana moke moko ya mobali oyo azo leka pembeni ya lopango yango.
ID_ANCBYL,kisi ya ko eza kisi ya bokoko.
ID_MNHJZF,muti uri pakati pematombo makuru maviri rimwe riri parutivi une mashizha maduku egirinhi.
ID_YRDTWP,banzete ya milai na langi ya pondu.
ID_HZNFNO,mwana mobali oyo kitoko ye wana aza pembe kasi bakangi ye suki ya kitoko aza na suki ya milai ye aza na nzoto ya pembe kasi alati neti kazaka ya mwindu kasi suki na ye pe eza na langi ya chocolat pe neti mosaka.
ID_XYNGYT,mureza mumwechete mutsvuku pakati pawo pane denderedzwa guru richena mukati maro mune nyeredzi nemwedzi zvitsvuku.
ID_OMYCXL,murume arikusimbisa muviri wake akapfeka hembe yakasununguka kumusoro inosiya maoko ari pachena maoko ake akabatira simbi iri kumusoro nechekuzasi akapfeka chikabudura chakatsvuka.
ID_HDHFPP,ezali kati ya super marché esika batekaka babiloko ya kolia tozomona ezali parti batekaka ba biscuit babengaka yango coute parfum veni ezali ya marque ya belle france.
ID_YLLSZV,awa na moni eza buku moko boye likolo ya buku wana ba desine mwana mobali aza likolo ya mwa nyama ya mwana mwasi aza pembeni.
ID_AORESO,awa nazomona bana basi misatu eza neti oyo mwasi ya katikati nde mama na bango ba mibale baza bana na ye bakangi bango pe suki ya meshe ya kitoko baza basi kitoko a mama na bango.
ID_FATGBJ,logo na langi ya mosaka makomami moyindo mwasi alati elamba ya langi ya moyindo pembe rose pe langi ya lilala bongo pe na chokola na bozinga balalisi pe suki.
ID_MMIEEU,nazomona na elili oyo bazolakisa biso bileko ya bilei nazomona ezali lokola motekisiatie bileko ya bileyi ya koliya po bato baya kosomba.
ID_ESVWGG,awa na moni balakisi biso mwa carton moko oyo eza na kisi na kati kasi nayebi te soki eza kisi ya bokono nini batiayango likolo ya mesa.
ID_TCAKFV,na moni liboso na nga awa eza bakiti ya kekele eza mine eza na couleur ya bleu blanc jaune bleu na oyo yango ya monene yango pe eza na couleur wana.
ID_MVXHMA,awa tozali komona mwana basi mibale moko aza kokanga suki ya mosusu asalaki yango modele ya kitoko mpenza.
ID_TIXIKT,nkoba ya mwana nkoba ya mwana ezali bongo nalangi ya mosaka.
ID_CDKWBW,mwanasikana akamira akabata amburera yakavhurika kutsoka akapfeka mapata pata eruvara rweyero nebhurugwa pfupi nechekumusoro akapfeka hembe ine mavara mavara anoverengera yero ebhuruu nepingi isina maoko mumusoro make akarukwa netambo chena.
ID_DPCENG,musoro memunhu muduku mune bvudzi rakatsvukuruka iro rakati nyangarara mumativi makagerwa kusiya vhudzi rose rapera uyewo ganda richionekera.
ID_AYRYPF,liboso na nga awa nazo komona sapato moko sapato yango eza ya gatanga likolo ya kitambala moko ya bozenga.
ID_KHNWAX,ezali sapato ya mibali sapato yango eza na se yango kasi yango sapato yango eza na langi ya pembe eza pe na langi boye eza neti ya sika boye kasi sapato yango eza na mosika.
ID_PXMPIS,awa tozali komona pantoufle mibale batie na se to moni ezali ya kitoko ezali ya bana mibale tomoni ezali na langi misatu tomoni eza na langi ya mwindo tomoni ezali na langi ya mai ya pondu tomoni eza na langi ya pembe kasi ezali sapatu ya kitoko soki asombi yango oko regretter te.
ID_XDUUNH,oyo bato bazo sambela nakati ya eglise chrétienne bamoni kulusu kuna na sima toza na kati eglise bazo sambela merci.
ID_HCOKTE,varume vatatu vakamira vakapfeka nhumbi dzelatin kumusoro umwe kutsvuku vakapfeka chitsvuku vaviri ndezvegirinhi kuzasi vakapfeka zvebhureki.
ID_GDLJUS,awa namoni maman moko afandi na bana na ba eza lokola na balabala mayi moko eza liboso na ye wana mama yango alati elamba ya ba mama katolike akomi maria maria avandi na ban azotala na ye balabala bato bazolekana bango.
ID_BBUQAC,mureza une ruvara rwebhuruu une chiratidzo chiri kuruboshwe kwawo nechekumusoro chine ruvara rutsvuku uye ruchena zvakare kurudyi kuri nechekuzasi kune nyeredzi dzine ruvara ruchena.
ID_NSYLRD,awa nazomona mwasi moko boye nazomona mwasi moko boye azolakisa suki na ye nazomona suki na ye bakangi ye suki ya maboko bakangiye suki na ye ya naturele azotala na se.
ID_HYKBKK,awa na moni balakisi ngai bana basi eza bana basi mitano bazo sala biloko ya miniseri eza neti bazo tanga bazo tanga ba biloko ya menuiserie na ya couture eza bana basi bazo tanga biloko ya menuiserie na couture na kopakola balali.
ID_FBVFQS,awa pe namoni balakisi biso lisusu ba buku ebele na moni moko eza buku oyo ya bana mike bana ya kelasi ya ko desine nakati.
ID_FRPIJN,miti yakareba zvikuru inoonekwa ine mashizha mashoma inenge yave nguva yechirimo denga rine makore mashoma uye zuva richiripo ririkuoneka kuti nguva dzemasikati.
ID_PLXELZ,imba yokutandarira ine zvekugarira masofa machena mamwe aneruvara rwebhurauni nezvimapiro zvekutsamira mukati nechekumberi kuri kuonekwawo kicheni yokurongedzera zvinhu nefiriji yekuisa zvinhu kuti chitonhorere.
ID_CWTEDX,foto elakisi biso mwa zamba oyo eza zamba moko ya monene mpenza pe na kati ya zamba oyo namoni mwa mwasi avandi na ye emonani aza koluka ba mwa biteni ya nzete po akende kolamba bilei naye.
ID_VMYEXJ,na esika pe to komi awa na moni eza place koza matiti ebele songolo songolo na moni pe na kati ya ba matiti wana koza bato misato bazo sala sport na bango sport oyo babengaka na monoko ya lopoto sport oyo ya kara te.
ID_DRGIQX,poto inobika yakabairirwa kumagetsi uye yakavharwa pamusoro payo ndeye sirivheri uye ihuru ine mubato mutema.
ID_FDHAJW,munhukadzi arikufamba padivi perodhiakafuratira akapfeka rokwe refu rinosvika kumakumbo rine ruvara rwebhuruu neruvara rwebhurawuni ine maoko mapfupi akatakura bhegi rechikadzi rine ruvara rwebhurauni kumusoro akapfeka dhuku.
ID_MJJIBY,mudziyo unoshandiswa kana uchida kugeza mazino mudziyo wacho uyu wakanakira pakuti unogona kuisa bhatiri wotokwechamazino usingafambise.
ID_WLVUHQ,hembe ine ruvara rwebhuruu yerudzi rwe resiinamabhatani matema pamberi namaoko akafara yemunhukadzi iri kuratidza kuti iri kuratidzirwa iri kutengeswa.
ID_DVOOKJ,na bilili oyo nali komona ba lakisi nga awa eza kiti moko ya biro na mwa mesa nango kiti oyo eza na ba langi ya bozinga na mesa eza na langi ya moyindo pe namoni kamwa sachet nase ya langi ya bozinga.
ID_ZHXHFH,foto elakisi biso mwa motuka ya monene pe eza mutuka camion pe namoni likolo bato baza ebele ba bimi mwa voyage moko ya mboka pe namoni mutuka oyo kombo nango pense ezalaki motuka moko ya kitoko pe ezalaki motuka moko ya makasi mpo na ba voyage pe mpona ko mema biloko mingi.
ID_UWMENO,awa nazomona bandako mibale ezomonana malamu mosusu ezomonana malamu te ba ndako ya ndenge ya kala na place monene ya kotambolela eza lokola nzela kasi eza na mabele.
ID_OIRQQG,mushina werudzi rwemotokari yekutimba pasi inozikanwa nezita rekuti giredha ine mavhiri mahombe uye kumberi kwayo kune dhishi rakashama rine mazino pasi rinotakura mavhu rinocherwa mavhu nemazino acho rotutiramukati richinorasira kune imwe nzvimbo.
ID_ZGDMMV,zvidhori zvakawanda kwazvo zvakapfekedzwa zvuma kuitira kuti vanotenga vaone kutarisa uye zvindori zvakawaridzwa pasi zvichiitira kutengeswa.
ID_NSLCMX,awa na moni eza esika oyo bazotekisa ba mafuta ya ndenge na ndenge ya bana basi na ya bana mike.
ID_YBCTRD,murume muchena akagerwa ndokugadzirwa bvudzi rake zvakanaka murutivi rwemusoro make munoratidza kuti makagerwaudzi rakasiiwa raadokonechekumusoro bvudzi rakasiiwa rakakura ndokubva ratwasanudzwa richitarisa kumberi zvine unyanzvi.
ID_JADHES,ndiro ine zvekudya zvinosanganisira mupunga uye nyama yemombe yakatsvukira parutivi pane imwe ndiro yegomba.
ID_IILLRK,esika oyo ba tandelibiso pilipili ewuti na bilanga eza mofundi eza na ba langi ebele toza na langi ya motane toza na pilipili ya langi ya pondu toza na pilipili ya langi ya lilala toza pe na pili pili ya langi ya mosaka.
ID_VOZGMM,bandeko awa pe nazomona eza bilei eza na kati ya nzungu bao lamba nanu yango eza obele mbisi epi likolo ya mbisi oyo naomona ba tomate na matungulu na ba poivron moto azo lamba bilei oyo ekozala bamingi oza kitoko mpenza.
ID_GQPKUB,elili oyo ekolakisa esika batandi makemba yango ya mobeso nano ya langi ya pondu.
ID_UYZIDF,na bilili oyo nali komona balakisinga awa balabala pe bamituka na balabala namoni pe bato batelemi elamukaka na kati ba mama basi na bamemi basaki na bango na mokongo na angola.
ID_HUPTLA,bandiko remuriwo wekabichi rakabatwa muruoko rakaratidzirwa richine mashizha akasvibirira uyewo rinoratidza kuti richakanaka rakamirira kubikwa.
ID_DRQDHR,awa nazomona bisi ezomema bato ya bisi ya monene ya transport kasi kuna nazomona nzete ya munene ezali na matiti mingi.
ID_VZPHOL,nzvimbo inoratidza kuti parutivi pemugwagwa wedzimotokari namabhazi pane kamba kaduku angangova kari kwemagetsi kana kuti kenharembozhakakanamirwa mapepa akawanda vaimbi nevanoita zvemutengo yenyika.
ID_ZABUUU,mureza wenyika yemuafrica une ruvara rutsvuku kurudyi neruvara rweyero kubva kumusoro kuri kuruboshwe ichiteverwa negirinhi.
ID_XKEGLX,zvinwiwa zvedoro rechirungu mumabhodhoro rebhureki label riri mumabhodhoro ane bepa rine zvitsvuku ari mufiriji yegirazi inoonekwa zviri mukati kuti atonhorere ari kutengesewa akazara mufiriji.
ID_TYRTLE,mabhaudhi akaiswa pauriri huchena matatu maviri acho ane zvinenge zvimutsetse zvakatenderedza kouya chimwe chisina chakagara chega chiri kurudyi chinoshanda kusungisa mabhaudhi ari kurutivi rwekuruboshwe.
ID_KTZGRZ,nzvimbo inodzidza vanhu nezve kuchaira motokari pane madhiramu aripo akarongwa uye pane mota chena iri kuratidza kuti ine munhu mukati madhiramu aya anoshandiswa kuti vanhu vadzidze kupinda akamanikana vasinga kwesheraniinevamwe uyewo pane imwe mota nhema inotori pakati pamadhiramu chena iri kuratidza kuti yabuda mumadhiramu.
ID_YTBYDD,boye ezali balabala ozomona mituka na bato pe baza pembeni ya mituka yango ya monene yango eza na langi ya pembe kasi ndako yango eza molai kasi eza neti ya kobetela boye yango eza neti ya kala eza na langi ya mbwe.
ID_NDLOUL,oyo likolo moto asimbi sani eza na biloko ya kolia eza pe sueza nyama basangisi na ndunda batie pe bapilipili ba pili mibale eza na langi ya mosaka na nyama yango pe eza ya kotokisa basangisi yango na ndunda eza elenge boye.
ID_MVOEEV,foto oyo nazomona awa na miso na ngai eza obele koza mwa ndako moko ndako oyo eza ndako moko ya monene mpenza bandeko epi nsima na yango pembeni ya ndako oyo nazo mona eza obele nzete moko eza pembeni aa.
ID_LDWRZZ,mukati mechitoro mune zvigubhu zvemizera yakasiyana zvakadurikidzana zvezvinwiwa zvakasiyana siyana parutivi pane munhurume mumwe chete akamira akazembera pachidziro.
ID_OOXOVZ,masitirobheri matsvuku mukati memudziyo ekuchengetera mutsvuku sezvo nguva yekukohwa yasvika uye anotengeswa obva atengeswa mamwe achidyiwa.
ID_OQHYVU,vanhu varikufamba panzvimbo inotengeswa zvinhu zvakasiyana pane munhukadzi akabereka mwana wake kumusana mwana uyu akasiya maoko ake ari kunze poitawo munhurume ari kufamba akapfeka mujivha webhurauni neheti mumusoro varikufamba vakananga kunotengeswa zvinhu zvakawanda zvakasiyana siyana.
ID_ORDZHU,mureza une mavara maviri ari kunyatsoonekwa nechekumusoro kune ruvara ruchena asi munewo makada kusvibira kuzasi kwacho kune ruvara rutsvuku hapana kamwe kamufananidzo kari pamureza uyu.
ID_THPHQM,mudhorobha mune zvivakwa zvakawanda chimwe chakavakwa nezvidhinha chisina kupendwa dhoo regirazi ine ruvara rwegireyi vanhu varikufamba umwe munhurume akapfeka tirauzi rakasvibira hembe chena nengowani motokari dzakamira mudhudhudhu mumwe chete.
ID_GCYPCZ,vanhu vari kufamba mukati meguta padivi pavo pane motokari dzakamira dzakatevedza guta poita chingoro chinotengeserwa zvikafu zvinwiwa zveti iri bhodhi.
ID_IFDPXA,na elili oyo nazo mona esika bazo lakisa biso armoir esalemi na ndenge na yango moko ekeseni na misusu esalemi na libaya ya elengi ya bien na marafiaezali na etaleli ya elengi ya kosepelisa miso esika bazo lakisa biso elengi na yango.
ID_ATIYKD,na elili oyo bazali ko lakisa biso to moni ezali bongo na kati ya ndako soki na lobi na kati ya ndako po na se tomoni batandi tapis likolo ya tapi yango tomoni lokolo ya sapato moko ya bandeko mibali.
ID_UTOAQG,biloko ya kolia ebele likolo ya mesa ezali bongo maki ya kotokisa salade bayeti fredesoso ya ko kalinga na tomson ya kokalinga.
ID_NRKEFH,esika na komi awa bandeko nazomona liboso na ngai eza obele bendela bendela mibale eza awa bendela moko eza bendela ya union africaine mosusu eza bendela oyo ya mboka congo brazzaville.
ID_LPEIYY,mwanasikana wechidiki akapfeka rokwe rake refu neshangu dzake mbiri uye akamira pasi padhuze nechigaro.
ID_IAZYFG,na poto ndenge nazali komona eza foto bakangi foto place ba desinaki bato misato namoni eza ba ndeko misatu ya mibali moko akangi moninga na ye na lokolo oyo bakangi ye na lokolo pe tomoni na loketo naye ba kangi ye singa bazali kobenda.
ID_QSKAEW,zvivakwa zvakawanda zvinoratidza kuti panoitwa zvinhu zvakawanda zvimwe zvine ruvara ruchena imwe yacho kambani iripo inonzi emarayunivesitingi neafrica zvakanyorwa nerudzi ruchena pane ruvara rwebhuruu zvinongoreva kuti pane zviitwa panzvimbo iyi zvakawanda asi imwe kambani iripo ndeye mara.
ID_DAXLAS,kasi na liboso na nga nazomona eza mwasi mama ya mwasi alati ba materiele moko ondire babengaka tablier kasi ye mama yango alati table eza na langi ya bozinga asimbi mashine moko oyo mashine ya soudire.
ID_DMJNOW,shangu dzechikadzi mbiri dzakaita kogodzigere panzvimbo ine mataira machena imwe yacho yakagara pamusoro peimwe dzine mabhandi akasiyana akatenderedza shangu.
ID_QELUFU,mhete muhuro yakasimudzwa iri muruoko rwemunhu kuti anyatsoongorora kuti yakamira sei mhete iyi ine ruvara rwe sirivheri uye yakareba.
ID_ZOCOTL,motuka ya monene pene na yango etoboka etelemi liboso ya esika oyo eza na bendele bendele yango ya langi ya mpondu ya mosaka na ya motane motuka yango eza ya langi ya mosaka liboso na za na nzete ya mbila.
ID_MWZVRV,zvinyoreso zvemavara zviri pasherufu zvakadurikidzana zvine mavara anoti yero pingi girini neorenji.
ID_KDXEAT,elili oyo ekolakisa elili na kati ya bendela bilili na kati ya bendela bendela ya balangi ya mosaka na mosaka na likolo nzela ya pembe eleki nzela ya mwindu na se pe mosaka na kati ezali elili ya maboko mibale ya motane esimbi maseke na bikoti ya motane mosaka.
ID_DFEGFZ,nzvimbo inoratidzika kuti mudhorobha parutivi pane misika umo mune vanhu vakawanda vari kuita mabasa avo ekutengesa panewo munhurume mumwe chete ari pachingoro chake meno zvaari kubata bata mumabhokisi ake.
ID_DGRVJT,shangu dzine ruvara rwebhuruu dzakagadzirwa nejira rejini dzine hiri yegireyi dzinopfekwa nevanhukadzi kana vanhurume dzakagadzikwa pamusoro pemataera ekirimu.
ID_YGOOHY,shangu dzemunhurue dzakapfekwa dzeruvara rusvipa uye dzakavharika kumberi kumashure kwakavhurika dzakanaka kwazvo.
ID_AOHRVC,awa nazomona liboso na ngai mwana mwasi atelemi kitoko bauti kobongisa ye suki na kati ya salon de cuafire.
ID_QKDYKB,masuwa mibale ya moke mpe na ya monene na langi ya pembe pe na langi ya bozinga bendele likolo na langi ya pondu langi ya mosaka pe na langi ya motane na nzete likolo nayango na kati ya ebale.
ID_QVBRUU,elili oyo eza liboso na nga na moni eza bendela bendela oyo eza bendela ya pays moko boye eza na langi misato langi ya moindo langi ya mosaka lange pe ya motane.
ID_ZNCIGH,chitoro chinotengeswa hembe dzechimanjemanje nemabhegi echimanje manje pana mai vakatakura bhegi ravo ravakaisa kuruboshwe rakagadzirwa zvechimanje manje nejira pakati rikaiswa mufananidzo uripo wakanaka.
ID_RMYARZ,shangu dzakagadzikwa pasi imwe ndeye kuruboshwe imwe ndeye kurudyi shangu idzi dzine mavara machena namavara egireyi nechemurutivi dzinoratidza kuti dzine ruvara rutema.
ID_NUNSVE,midziyo yakasiyana siyana inoshandiswa muimba yokubikira yakaiswa mubhodhoro mune zvipunu mune mugwaku mune musika wakagadzirwa nesimbi yerudzi rwe sirivha mune mugoti zvakare.
ID_ATTFDF,boye kasi nde nazomona liboso na nga eza na ba bwati moko boye ba bwate yango eza en plastique kasi nazomona eza na langi moko ya mosaka mosusu pe eza na langi ya bozinga boye kasi nazomona eza na ba langi mosusu ya lilala pe na langi moko ya pondou.
ID_OUJOWD,na foto oyo nali komona ba lakisi nga bala bala pembe na balabala namoni lupango ya pembe na kati ya lupango oyo namoni ndako ya pembe pembeni yandako namoni banzete ya milai.
ID_CYCTUN,varume vari munhandare yebhora varikuratidza kuti vari pamutambo wavo webhora uye bhora rakatsvetwa pasi pachiratidza kuti pane mumwe ari kurikava vamwe varikuzama kurivharia kuti rinopinda mugedhi mavo vose vakapfeka zvikabudura.
ID_KVEFCF,liboso na nga awa na moni ba zwi ka mwa insecte nde baolakisa biso awa ba tika yango likolo ya tapis po tomonaka yango malamu.
ID_PEKFBS,eleko na omona awa bandeko na esika moko boye basalaka ba biloko balobaka na monoko ya lopoto eza place ba bongisaka ba con casser na omona eza mashine moko ya osala ba con casser eza ba manga mabanga oyo ya mike.
ID_XIZBQT,awa tozali komona bazali kolakisa biso baza kolakisa biso monima tomoni nsima monima ya nzete moko pe ezali wana kasi tomoni mutu moko atelemi na ngambo ya balabala azali kotala monima yango motu yango alati pembe na moindo na saki moko na mapeka naye.
ID_DTAXKI,zvishongedzo zvevanhukadzi zvakarongedzwa kuti zvitengeswe uyewo zvine ruvara rwesirivheri mareberowazvakaita anoratidza kuti zvinokwana mumaoko kwete muhuro uyewo zvine ruvara rwesirivheri zvine tubhora wakazvitenderedza tumwe tunosanganisira mavara ebhuruu zvakanaka uye zvinotora maziso.
ID_GVCCGR,na bilili oyo tozali bongo komona tozomona ba kopo mitano batiango esika moko soki totali malamu ba kopo yango eza na eleko moko na kati tokoyeba te soki eloko yango eza kolya to eza eloko nini.
ID_ABPNFQ,e awa namoni balakisi biso bana mibale mibale oyo batelemi na kati ya ndako namoni eza bana mibali oyo basalaka sport oyo ya karate.
ID_RPKIIV,muriwo uri mugadheni wakarimwa unoratidza kuti muriwo werugare uyezve muriwo uyu unoratidza kuti wanga wareba asi hauna mvura yakakwana zvakare hauna chikafu chakakwana une ruvara rwegirini asi uri kuratidza kusava.
ID_FIBLOU,shangu mbiri nhema dziri kuonekwa chikamu chepakati kumberi nekumashure kwakadzivirirwa mukati mutsvuku uye dzine tambo nhema dzine zvina.
ID_NWLPMF,na foto oyo nali komona ba lakisi nga eza carton ya kisi ya komela batiango likolo ya mesa pe nali komona balakisi nga awa.
ID_SSRXVC,tambo yemagetsi ineruvara rutema uye tambo iyi iri hobvu inoratidza kuti rimwe divi inonotora moto pamagetsi kune simbi isimbi mbiri dzakaita dzine ruvara rwesirivha rimwe divi inoratidza kuti inonoisa moto muchina.
ID_GHZNHD,mudhorobha iyi nzvimbo inowanikwa mudhorobha mudhorobha mune motokari dzakamira dzimwewo ndedzinofamba dzichifamba mumugwagwa une tara uye pamugwagwa apa pane marobhoti.
ID_ZSWMQN,eza ba manga ba manga yango eza etondi basi ba manga yango eteli eza ya kotela mosusu eza na se pembeni na basi ba manga yango kitoko makasi elengi e.
ID_ECOUKU,awa namoni eza na mibali mibale oyo bafandi na mwana mwasi moko oyo alati ba bilamba ya maputa namoni bafandi na kati ya ndako na nsima na bango namoni eza na ba biloko ya pema ebele oyo batie na mire.
ID_OCZFPU,chitoro chinotengesa nhumbi dzemukati dzemadzimai dzakaita sema bhurugwa nemabhuraupane zvidhori zvitatu zvakapfekedzwa zvimwe zvezvinhu izvi chimwe chidhori chakapfeka bhura nebhurugwa zvitsvuku.
ID_XBOTXS,na bilili oyo nali komona ba lakisi nga ka mwa nzete ya mokuse pe na moni eza pembeni ya libanga ya monene namoni sac pembeni nango a.
ID_LFETUG,na moni na kati ya ndako moko boye mwa mesa eza na bamwa biloko likolo na yango na moni bamwa biteni biteni ya bamwa mbala ya sukali na kati ya sani ya monene pe namoni ba pondu na basani ya monene pe na bamwa biloko oyo ebele ya kolia emonani baza ko zela bato baya kolia pe eza mwa eyenga mtu moko boye.
ID_LBPCDU,murume akazembera pasimbi ineruvara rweyero akapfeka hembe tema ne tirauzi rejini pamberi pake pane murume akagara akaisa masiki pamuromo akabata mari muruwoko rwerudyi ruoko rweruboshwe rune wachi uye ari kutengesa mamasiki.
ID_IVNORQ,michero yakasiyana siyana yakachekwa ikaiswa mubhodhoro mune mvura inodzivirira kuora kwawo kuti igozodyiwa munguva ichatevera.
ID_WHUXCU,mombe dziri mudanga uye mombe idzi dzine ruvara rwebhurauni dzimwe dzine nyanga panewo kamhuru kane ruvara rwebhurauni imwe mombe idzi iri kudya sauti ine ruvara ruchena.
ID_FEXOME,na foto oyo nali komona ba lakisi nga awa eza bilamba ya bana basi nali komona eza na ba langi ya bozinga ya longondo pe na ba langi misusu.
ID_SYGVYQ,baza ko tonga ndaku ya etage.
ID_JIMMLA,eya namoni ba tata mikolo ya mindele bafandi esika moko bazosolola.
ID_PLPFOQ,chirimwa chevisa icho chakachekwa chinoratidza kuti mukati macho mutsvuku kunze neruvara rwegirini yakachenuruka imwe ichi chinoratidza kuti chaibva chava kuda kudyiwa.
ID_XZTSMF,motokari dzirikufamba pane mugwagwa wakaiswa tara mugwagwa wacho uri pedyo nemiti yemijakaranda miti iyi haina mashizha akawanda uye ine maruva iri kudonhedza panewo rusvingo ruri kumberi rinodzivirira kuti vanhu vasaende kudzimba dzevanhu nepavanoda.
ID_CHDRNT,liboso na nga na moni mai pe na mayi wana namoni likolo nayango na nzela ya mabele eza babengaka bamituka mingi mituka ya pembe pe mituka ya moindo na bato mingi na matiti na penepene nango.
ID_WRJKBM,awa tozomona eloko esimbi eloko babengi singa ya charger oyo esalaka moto ekota na kati ya telefone yango wana bazo lakisa biso loboko esimbi yango ezali na langi ya pembe.
ID_NHJQMJ,chitoro chekutengesera hembe chine madziro egirazi anoonekwa zviri mukati mune zvidhori zvakapfekedzewa hembe dzavanhu chimwe chidhori chidiki chakapfeka dhirezi remwana repingi.
ID_ELYVBC,matomatisi akawanda achiri mumunda asi akura zvino uye aibva akatsvukirira asvika panguva yekuti achikowewa.
ID_KZOKGB,awa nazali komona biloko oyo basalelaka na bilanga ba bengaka yango kongo pe kuna na liboso na moni mwa bilanga baloni biloko lokola ba choux eza komonana kuna liboso.
ID_HXUZOB,esika bakundaka bato esi ekomi na zamba matiti ebele eboti eza ya mobeso eza na bakasa eza na langi ya pondu eza na kasa moko lipekapeka etelemi kasa yango eza ya mobeso eza na langi ya mayi ya pondu lipekapeka yango eza na langi ya chokola eza na bakasa mosusu ya ko kauka eza na langi ya shokola na langi ya mbwe.
ID_HOAJII,shangu dzechidzimai dziri pamwe chete shangu dzacho dzaanogadzikwa ishangu dziya dzisina tambo uye ishangu dzekuti munhu anogona kupfeka achida kuvhakacha shangu dzacho hadzidhuri kana uchida kudzitenga.
ID_YNKOQY,awa nazomona machini.
ID_DPORVV,na foto oyo nali komona ba lakisi nga eza sani ya pembe batie yango likolo ya mesa mosani oyo namoni mbisi namoni fufu pe na moni pondu namoni na pilipili.
ID_PCHJMX,mushini unoshandiswa pakuongorora zvirwere zviri mumuviri uye unobairirwa kumagetsi kuti uone kushanda mushure mekunge wabatidzwa padyo pane kamu inotwasanudzisa vhudzi.
ID_PVXWGL,mharadzano dzemigwagwa miviri yakapamhamha ine tara murikufamba motokari dzine mandudzi akasiyana nevanhu varikufamba mujinga vamwe vari kuratidza kuti vari kuda kubira mugwagwa vamwe vakagara vachiratidza kuti varikutengesa nechekumberi kwacho kurikubuda midhuri yakanaka zvinoratidza kuti nzvimbo iyi iri mukati medhorobha.
ID_HBRDXA,munhukadzi akarukwa mitsara yemadhireinoenda kumativi ichibva nechepakati madhiredhi ake matema uye marefu zvekudarika mazamu ake.
ID_SKVOBK,na bilili oyo nali komona ba lakisi nga eza frigo penza moko na kati ya ndako nali komona biloko na kati ba milangi pe na basani.
ID_BQTUGO,bhatafurai rakamhara pasi rinoratidza kuti rine mavara mavara nechekumusoro kwemapapiro aro rinoratidza kuti rine ruvara rutema robva raita ruvara ruchena nechemuzasi tichienda kumutumbi rinoratidza kuti rine ruvara rutsvuku kumutumbura waro rinoratidza kuti rine mavara machena nemavara matsvuku.
ID_GWQLRG,nzvimbo ine mugwagwa wevanhu vanenge vachifamba netsoka ine miti yakati pano neapo ine mashizha egirinhi hapana huswa hwakawanda vatiri kunyanya kuona.
ID_RHQGBX,boye nazomona eza bato baza ba sportif bafandi na terrain bazo sala ba entrainement na bango bazo sakana ezali batata bafandi na mwasi pe moko aza pembeni na ngo afandi.
ID_VUVJWI,muti une mashizha madiki mazhinji anopa mumvuri wakanaka uye mukuru kwazvo.
ID_PPVGVT,esika tokomi awa nazomona ndeko mobali moko atelemi awa alati ba bilamba ya maputa epi ndeko yango namoni azotala na maboko na ye telefone na ye po na abenga motu.
ID_XKPYUW,liboso na nga na moni eza kabati kabati namoni kabati oyo batiyaka ba buku ya kotanga nde na moni yango liboso na nga tuku kitoko mpenza oyo epesi posa ya kotanga.
ID_PBZOVJ,elili oyo ezolakisa biso etaleli ya nsima esika tozomona mwana mwasi akangi suki ya maboko ezali ndenge moko te na misusu koki na misusu nazomona bazo lakisa biso modele ya suki ya maboko ndenge ekangami.
ID_CEHWTB,motuka minene oyo ekumba essence kasi motuka moko pembeni eza na balabala.
ID_DQNKGM,na elili oyo nazomona bazolakisa biso moto na balabala azopusa brouette esika azo leka na balabala ezali na elili na mur bakomi soni la botani.
ID_XFMSIQ,awa na moni ba tongi ba mabanga ebele na kati batie kamwa ndako batie viergeemarie nde biloko namoni awa.
ID_TDFPVB,mureza wenyika yegatamaraunamavara ebhuruu wekutanga nekumucheto pakati pane ruvara ruchena panewo mucherechedzo weshiri nebepa uyewo nezvakaita zvirimwa.
ID_COIPSP,vatambi venhabvu vari munhandare yavo kutambira nhabvu vari vana vechikuru.
ID_FNKFXO,chikamu chenhandare nechedivi rekuno kune varume vakapfeka hembe dzinopfekwa nevatambi umwe akagara pachigaro chake kumberi kune vanhu vano asi kune zvimwe zvigaro zvisina kugarwa.
ID_DFKJAI,ivhu rine makomba akacherwa makombo acho haana kunyanya kudzama akacherwa achiitwa tumitsetse makomba aya anogona kushandiswa kusimiwa zvirimwa.
ID_YLLAAX,maruva akadyarwa ayo arikukura ane mashizha egirinhi mamwewo ari kubhuruma zvine ruvara rwepichi anonakisao nzvimbo pangava pamba kana papepa akadyarwa.
ID_FHZRBF,muchina uyo uri kugadzirwa une ruvara rwebhuruu neruvara rutema neruvara ruchena wakanyorwa parutivi pane gwapa jena nemavara matema.
ID_XFCXUL,musika uri kutengesa zvakasiyana siyana pane makotopeya zvinanasimabhanana mango nezvimwewo zvakadaro makotapeya ane ruvara rwegirinhi namavara mavara matema koitawo mabhanana aneruvara rweyero nemamwe aneruvara rwegirini akakangavira mango dzine ruvara rutsvuku.
ID_AAOODF,bato ya masano ya balibata ya basket baza kobeta basket na terain ya basket bayi bongo bilenge mibale balati bilamba na ba culote na basengle na langi ya lilala mosusu langi ya bonzinga.
ID_FUVYYY,michero yakaibva yakarembera padanda remuti ine ruvara rweyero uye kumativi kwayo kuri girini pairi hapana mashizha yakangomira yakarembera iri yega michero inodirwa nevanhu kuti ibatsire muviri kurwisana nezvirwere uye yakanaka kuti haina mafuta.
ID_SMXLEB,kasi boye koyeba te soki eza neti nini boye ezali moto batie na kati ya ebale ya moke neti rivière kasi batie na kati boye eza kosala ye bateme eza na ba tata mibale basimbi ye na maboko mibali.
ID_SMSMAM,mudhorobheni mune zvivakwa nemigwagwa motokari dzimwe dzakamira kumativi emugwagwa vanhu varikufamba vachienda kunzvimbo dzakasiyana siyana.
ID_MUYVGV,kisi eza na langi ya pembe motani pe mbwe na bozinga.
ID_BDLDQK,vatambi vebhora vakamira munhandare vakapfeka hanzu dzakafanana neshangu mumakumbo avo vakamira vakatarisa zvichiratidza kuti varikutorwa mupikicha zvakare vari kuimba nziyo yekusimudza mureza wenyika yavo.
ID_SZCLMK,huku dzakawanda dziri muchirugu ndedzemhando dzechibhoyidziya dzinochengeterwa mumisha dzina mavara akada kuenderana ebhurauni zvitema nezvichena.
ID_ARHAXW,awa nazomona ambalage ya kisi eza na kisi na kati kasi kisi yango eyebani te soki pe ebikisaka maladi nini nayebi té.
ID_ZUWDYE,na bilili oyo nali komona balabala ya moyindo namoni ba fleure pembeni ya balabala oyo pe namoni ndako ya molayi pe ya kitoko balakisinga awa.
ID_UROXOJ,tozali komona eza eleko oyo ya ba electronique tozo mona baza kolaksa biso ba baffle ba baffle ezali oyo soki oza ko beta misiki to ozali koloba na micro omona elekaka awa ebandi koloba makasi makasi po batu bayoka.
ID_CUSTOO,mhete idzi dzakasiyana siyana uye nengetani dzokuisa muhuro dzegoridhe dzimwe dzidiki dzimwe dzihombe dzimwe dzine mavara akasiyana dzakaiswa patafura yebhureki dzakawanda.
ID_LCIVIO,loboko ya motu esimbi carton ya kisi carton ya kisi yango eza na langi ya bozinga na makomi eza na langi ya mwindo na mosaka na motane namoni bakomi na kisi yango diclofenac eza kisi ya komela mpona ko swanye ya maladi.
ID_XTDFEU,elili oyo na moni liboso na nga na moni mwa nzete ya kitoko mpenza nzete oyo emonani eza nzete oyo ba bengaka yango na monoko ya lopoto pambu eza kitoko mpeza.
ID_EUGOLJ,chitoro chinotengesa nhumbi dzechidzimai nedzechirume uye mune mukadzi arimo ari kuona zvinhu akabata bhegi tsvuku nehembe dzakaiswa pazvidhori dzine maruva maruva nedzimwe dzisina maruva.
ID_CURVSX,na elili oyo nazo mona esika bazo lakisa biso motu asimbi ndambo ya bilei babengi choux.
ID_VINFUR,munhukadzi akabata shaya akapfeka hembe ine ruvara rutsvuku akaruka zvinhu zvakanamira musoro zvichienda kumashure zvichirembereramuromo wake une ruvara rwepingi netsiye dzisina kugadzirwa.
ID_FGBZEX,nyama yakabikwa zvakanaka yakasangana netumwe umurimo tunenge tumupunga twunoita kuti ikorerezvakanaka supu yacho uyewo nyama iyi kana munhu oda kudya anogona kuisa kana sadza parutivi chingwa mamakaroni nezvimwewo zvakadaro kuti nzara yacho ibva yanyatsopera.
ID_WZHDZH,liboso na nga awa na moni ba tata mibale moto na moto aza na bic na loboko pe ba signer likolo ya bapapier oyo.
ID_XGOOWY,liboso na ngai nazo mona ba matiti ebele likolo na yango nazomona balabala na kati na yango nazomona bamituka na bato ebele bazotambola.
ID_UTHIVY,vatambi varimunhandare vanomwe vatambi vari nechepamberi vakaita kuchonjomaravari kumashure vakaita zvekumira uye vamwe vacho vakabatana kumapfudzi mutambi ari pakati akapfeka zvakasiyana nevamwe.
ID_PWNRMS,vanhu vari kufamba vachienda kunzvimbo dzakasiyana vari pazvitoro mudhorobha vanosanganisira varume nevakadzi vamwe vari mumakombi apo vachienda kune imwe nzvimbo.
ID_BRZJGE,mukomana akamira pamberi pechidziro akabata bhati mumaoko make ane shangu dzekufambisa dzitema uye akapfeka hembe nhema imwe yakanzi nairi.
ID_QQXOPN,nhandare iri kuyevedza kutarisa nemhaka yekuti ine huswa hwegirini hwakanyatsochekererwapane chivako chiri kumashure nhandare iyi inogona kutambirwa mutambo wekiriketi.
ID_URTBTP,vanhu vakawanda varikuratidza kuti panzvimbo apa pane chiitiko changa chiripo vakapfeka hembe asi pane madzimai akapfeka hembe dzebhuruu zvekumusoro zvichena nesiketi yebhuruu uyezve nedhuku rakaita rebhuruu vanoratidza kuti madzimai echechi uyezve zvinoratidza kuti hembe dzavo dzinopfekwa kana paine ungano.
ID_TRPWAZ,zvirugu zvinoratidza kuti ndezve huku izvo zvakavakwa namasimbi newaya pakaiswa zvikamu zviviri pasi nekumusoro munewo midziyo inoshandiswa pakuisira mvura uye chikafu chehuku.
ID_HXTVSU,bilili oyo ezali komonisa biso book tozomona eza na madesi ya bana muke.
ID_SEHLEP,mafuta oyo mafuta ya kitoko ya kopakola ba bengi yango kokoa pite formule ezali mpona kopakola na nzoto ebombeli nango ezali na langi ya pembe na ezali na langi ya shokola ezali pe na langi ya bozinga ezali pe na langi ya motane moto asimbi yango na maboko.
ID_QTXJXV,girazi rakabatwa neruoko rwemunhu rine zvitaera taera girazi iri rinoshandiswa kunwa mvura kana zvinwiwa zvimwe zvakasiyana siyana.
ID_LBHOTH,nzvimbo ine zvitsvinapane vanhu vakamira nevamwe vakagara pane mumwe akazembera chingoro chakabheurwaparipane rori iripo ine ruvara ruchena nekamusarakatema padivi akanyorwa nemavara machena.
ID_LFOMIT,muguta reharare munhurume ari kufamba akaisa maoko muhomwe aine kepesi uye masiki motokari ichena motokari dzirikufamba mumugwagwa denga rine makore.
ID_CNMTHU,vanhu vakagara vari kutengesa mbatatisi mai vakapfeka zvichena nedhuku ine ruvara ruchena pane mbatatisi dzavarikutengesa mirwi nemirwi pamberi pane murume arikufamba zvakare ari kuratidza kuti ari kutsvaka mbatatisi kumberi kune vakawanda vari kuuya varikutsvaga zvekutenga uye pane mukomana ane chingoro akamirira vanhu vanotenga mbatatisi kuti agova batsira kuwisira mugoro achiperekedza kuenda kwavanoda inokwirira mabhazi.
ID_SNVZKP,pachehwe mana embada aine mavara machena tema uye ebhurauni akawaridzwa pane girini pasi.
ID_ZPCTZV,vatambi vange vachitamba mutambo varikuratidza kuti vakunda pamutambo uyu wapihwa masetifiketi uye vane menduro dzavari kuratidzira.
ID_FJHUKW,na bilili oyo nali komona balakisi nga logo pe eza na ba langi ya pembe na moyindo na kati te nali komona ba lakisi nga na logo oyo.
ID_HGBIRJ,kupusha chingoro chine mawashenibhasiketi migomo ine ruvara rwebhuruu nerutsvuku munhukadzi akapfeka hembe yeyero kumusoro tirauzi rakasvibira motokari imwe ine ruvara ruchena.
ID_JFEGKS,murume mutsvuku aripambozhanhare yake akapfeka chikabudura chitema uye shangu dzerudzi rwematenesi dzisina mushinda murume uyu arikufamba mumugwagwa achipesana nemota chena.
ID_NTGLVW,eloko nazomona awa liboso na ngai eza eloko oyo babengaka eza mafuta ya bana mike ya ba bebe ya kopakola na nzoto eza mafuta moko ya kitoko vrema mpona ba bebe sikoyo na molangi yango pe namoni koza foto ya bana mibale bato lovi balati eloko te likolo eza babebe.
ID_CSUPIY,nzvimbo ina maruva emhando dzakasiyana siyana ayo akaisirwa mavhu muzvipepa zvitema nzvimbo iyi ingangova inotengeswa maruva.
ID_SFFHJS,awa nazomona na miso na ngai photo ya bana ya bana bana mibale batelemi liboso eza bana mibale ya mibali batelemi liboso nangai awa bana mibale mibale.
ID_BWBLLL,na bilili oyo tozali komona liboso na biso tozali komona bongo ba sabuni soki totali makambo bakomi na ba carton ya ba sabuni yango ezali bongo yo mutu asokolaka yango nzoto.
ID_KXUYAU,mugwagwa usina tara uri mudhorobha mugwagwa uyu wakanangana nechitoro chinonzi forest kunze kwechitoro ichi kwakapakwa motokari zhinji dzine ruvara rwakasiyana.
ID_FUPBNF,mhuka yemusango iyo ine nyanga dzakakorerera ine maziso makuru yoitawo nzeve dzakakura ine ruvara rwebhurauni muviri wese pamberi panewo mavara mavara machena.
ID_FGIQHS,photo namoni balakisi awa namoni eza ndaku ndaku wana eza ndaku munene na ya mokuse awa namoni ba fenetre mingi mingi mingi ba fenetre eza ba couleur na ba veranda eza deja ba fenetres nde na moni awa.
ID_BPMRMX,zvuma zviri mukati mechitoro zvakaitwa mapoto mapoto zvimwe zvine ruvara rweyero zvimwe zvine ruvara ruchena neruvara rutsvuku neruvara rweyero uyezve nezvimwe zvine ruvara rwepepuro neruvara rwebhuruu.
ID_USSSXY,shangu mbiri dzemunhukadzi dzakaiswa mavara pamusoro uye dzine tambo yekubata gumbo dzakavhurika dzinoratidza kuti dzinopinza mhepo munguva yekupisa.
ID_KZHIEW,muti uri mudondo pane mahuswa nemukati une hunde mbiri zasi wakabatana kumusoro unemhanda dzakawanda wakatemwa mumatavi kukasara matete kuruboshwe padavi rakatemwa pane gomarara rakamera rine ruva dzvuku.
ID_UEKELA,bato basangani na mesa ba mibali kaka bazokoma likolo ya mesa na bango wana eza ba mayi na basukre.
ID_FASBOF,na foto oyo nali komona ba lakisi nga ba ndeko mibali baza ba joueur baza na kati ya bala bala bazali kosala sport pe balati bilamba ekokani de na moni balakisi nga.
ID_ACZEVJ,iyi mhando yehuku ine manhenga akawanda ebhurauni ane machena musoro wayo muduku kupfuura muviri wayo makumbo ayo akatsika pasi panoratidza kuti pane masora ebhurawuni matema maziso haasi kuoneka nekuda kwekufushirika nemambava akawanda muromo wayo wakanongedzwa kumberi kumashure kune fenzi yegireyi.
ID_KVDOAK,na bilili oyo tozali bongo komona foto ya libota libota tozomona ndeko ya mwasi ya mokolo oyo akoki kozala mama na bango asimbi mwana moko ya mwasi pe pembeni na ye tozomona mwana moko mobali ya muke.
ID_MCNTAD,oyo ezali drapau ya mboka.
ID_GVCKDT,foto elakisi biso mwa balabala ya molai na kati ya balabala na motuka eza moko te pe namoni ba ndako pembeni ya balabala na ba lampeyapublikeati ya balabala eza kopela eza balabala moko kitoko eza.
ID_OMVDDX,awa tozali komona eza eloko babengi bar et restaurant tozali komona na kati awa baza koteka masanga ezali esika pe batekaka na biloko ya kolia kasi tomoni ba lakisi biso ba kiti oyo ba foti ya kitoko na mesa ya kitoko kasi bato bazali te kasi na ndaku yango ezali kitoko mingi.
ID_FYISHL,chiruva chechimuti chakachekererwa pazasi kuita denderedzwa pamusoro zvakare chikachekererwa kuita denderedzwa nechepamusoro chimuti ichi chine mashizha egirinhi anekahuyero nemamwe ane kahubhurawuni nezvimiti zvinoita kunge zvaoma zvine ruvara rwebhurauni chiri padivi pechivakwa chine zvidhinha zvitema.
ID_KMVRGB,rusero rudiki rune makotopeya mana nemabhanana erudzi rwemadikinepaine apo yakasiiwa chekuromo chisina kubviswa zvakarongedzwa zvakanaka zviri patafura repuranga zvinoratidza kuti zvinhu izvi zvichiri fureshi kunze kwema bhanana aakuratidza kuda kusvava nekutsva pane mamwe mativi.
ID_QJKNRG,boye kasi nde nazomona ezali liboso na ngai eza ndako neti na nsima ya ndako boye nazomona eza na langi moko ya shokola boye pe na nsima ndako yango nazomona eza na langi moko ondire ya pembe me mpembe makasi te.
ID_UZNHDS,nyama yehuku yakanatsobikwa zvakanaka uyezve yakabikwa zviri zvidya zvoga zvoga pamusoro pakabva pagadzikwa madomasi uyezve nezvimashizha zvegirini kuwedzera kunakisa zvibikwa izvi.
ID_SIVQTY,awa namoni balakisi biso mwa buku namoni eza buku oyo eza na lisitwale ya mwana mobali moko oyo asimbi appareil ya foto na maboko na mwasi moko a fandi pembeni na ye.
ID_ECYWVS,awa na moni eza alimentation na kati ya alimentation namoni ba milangi ya masanga ebele bazo teka nde.
ID_FSMBVW,awa tozomona bato bazosala election soki ezali ya politique wana nayebi te nazomona journaliste moko azali na micro na ye ya langi ya bozinga azotunisa ye ba question moto moko ndenge amonaki élection wana.
ID_IZARIE,mureza wenyika inonzi dhominika mureza uyu une zvikamu zvina zvine ruvara rwegirini uyezve woita mitsara ine mivara yeyero mitema nemichena pakati pane denderedzwa ritsvuku rine nyeredzi dziri mukati dzine ruvara rwegirinhi neshiri.
ID_BYLITH,muchina wezvinwiwa une zvigaba pamusoro zvegirazi mukati mazvo mune zvinwiwa zvakasiyana chimwe chine chinwiwa chitsvuku chimwe chinwiwa cheyero.
ID_YCUAQR,photo nazo mona liboso na ngai nazo mona ndeko mwasi ya mokolo asi akoli asimbi mwana na maboko pe soki totali mwana malamu mwana yango azo bela eza na nzoto kolongono te.
ID_IQDIMJ,na bilili oyo nali komona ba lakisi nga awa eza na kati ya ndako wana ba melaka masanga namoni ndeko mobali moko ya monene atelemi pe asimbi telefone na ye namoni mama moko elati bilamba ya mikuse.
ID_MWLIFS,shangu yeruvara rwedenga rwakasvibira ine ruvara ruchena muzasi neruvara rwegoridhe kumasure rakanyora kuti pfuma uye ine tambo dzisina kusungwa dzakasimukira pamusoro peshangu.
ID_MJZITO,awa toza komona baza kolakisa biso tomoni esika moko ba nzete ezali mingi na ba fololo na esika baloni bafololo kasi kuna liboso kuna toza komona ndako moko ezali ya etage moko kasi ndako yango ezali mpenza kitoko mingi te ndenge ezali ndako moko babengi na lopoto ba bandone oyo bato batika bafandaka lisusu na kati te nde yango wana tozali komona.
ID_JFHUZS,pine mibale ya motuka etoboki.
ID_FBJMUD,pamusha apa pane miti yakasiyana pane mujakaranda uyu une mashizha akaregedzwanakozouya pedyo nechidziro pane miti mitatu ine mashizha akapfekana.
ID_YHBQZY,elenge mibali bilenge mibali bango wana baza na molongo kasi baza neti kobeta bale yango wana bazo bongisa mpona kobeta bale balati pe bilamba ya ko kokana ya pembe.
ID_AAYKBF,na foto oyo nali komona ba lakisi nga awa eza carton moko ya alma batiango likolo ya libanga moko ya monene carton oyo eza na ba langi ya motane ya pembe pe ya mosaka na moindo.
ID_GOJFMX,bandeko esika na komi awa nazomona na miso na ngai eza obele bana mike bana mike na monoko ya lopoto ba bengaka bana mike baza na kati ya kelasi eza bana ya gardiene ya maternel ya ecole maternel baza na kelasi na bango eza bana mitano bafandi na kiti bazo solola eza bana mike ya kelasi.
ID_XLPSXR,vhudzi refu rakasvibirira rakarukwa zvakati tsepete nemusoro nechepanongonya panewo madenderedzwa maraini ayo akanosungwazvevhudzi richinorembera poitawo imwe mitaro inobva nechepanongonya ichidzira musoro wese uchizoisa zvuma pekupedzisira.
ID_VGRHEU,dandemutande rine ruvara rwegirini ine ruvara rutema neruvara rwebhurauni akaita mitsetse inobva kumusoro ichidzika kumashure yakagara pasi pane mashizha akatumbuka mamwe ane ruvara rwepepuru mamwe ane ruvara rwakaita bhuruu mamwe aneruvara rwegirini dandemutande ritori neshinda dzayo pane ruva rine ruvara rwegirinhi.
ID_VYVYRL,mango dzine ruvara rwakasiyana nokuti yero girini dzimwe dziri pasi dzimwe dziri mudheka ritsvuku parutivi pacho pane mahuswa egirinhi.
ID_YHQRIM,kisi kombo nango doxycikline eza na bwate ya pembe na langi ya pondu eza ba kisi ya ko mela pona ko salisa bato baza na infection.
ID_BNYYWA,chainete ya kingo na ya loboko yawolo.
ID_OAGKDL,liboso na nga awa nazokomona eza papa moko bakomi nango scenario bakomi pe loso parfum.
ID_ANEMZF,moto aza na makolo azotambola na nzela liboso na ye nzete ya ebende ezali na nsima na ye motuka moko pe etelemi alati basapato ya pembe na likolo alati lamba eza na balangi mingi.
ID_PQWUBQ,mumunda mune mavhu akachekwa chekwa nemapundo mamwe akaoma nemamwewo manyoro nechekumhiri kune tumupunga kufuridzirwa nemavhu akachekwa chekwa avo.
ID_XIHAIR,awa na moni ba lakisi biso mwa mpuku moko ya monene makasi na moni eza mpuku oyo ezalaka na zamba na se ya mabelé.
ID_KJVWAL,uyu mudziyo uyu tinoshandisa kutesta zvinhu zvedu zvese zvemagetsi uyezve uri mukara yeredhi uyezve une manhamba aripo pauri mudziyo uyu.
ID_AVMULW,motuka ya kitoko ya mwindo mpona bakonzi to pe libota.
ID_IMABFP,motokari chena yakamira kumashure kwayo kune rori iri kutevera irikufamba kumashure kwerori kune imwe motokari diki nhema iri kutevera kurutivi rweruboshwe rwerori kune mota tsvuku iri zvakare.
ID_WSMAWR,bendele eza na langi ya bozinga likolo ya monene na ligne moko ya langi ya pembe na katikati mosusu na katikati langi ya motani na se nango lisusu molongo ya langi lisusu ya pembe na se lisusu langi ya bozinga na kati kati eza na minzoto esali cercle na lange ya mosaka.
ID_AWJYKX,awa namoni tata moko alati kitoko aza na suki ya pembe aza na kati ya ndako bazo solola makambo ya politike.
ID_YSXZVS,mutuka moko ya monene etelemi eza na langi ya motane eza pe na milongo ya langi ya mosaka na nsima na yango eza na langi ya pembe eza na ba pneu ya minene na se na yango mpe za na langi ya pembe.
ID_MEVBOM,eloko nazomona awa bandeko eza obele bendela ya bendela moko mpenza ya monene mingi bendela oyo namoni eza na balangi balangi minei ekeseni bendela oyo eza mpenza ya bendela moko yakitoko mingi.
ID_BZZNTU,nhandare yemutambo wekunzananemasimba kana kuti wetsiva mune ruvara rwebhuruu pasi ine ruvara rwakaita bhurauni mune zvigaro zvine ruvara rweyero rwegirinhi nerutsvuku mune maraiti anofutapamusoro pane vanhu vakagara nevakamira.
ID_IMGJFD,awa tozali kotala batu ba bilenge mibali oyo bazali bakonzi tomoni balati kitoko ba lati ba kazaka ya kitoko tomoni balati ba cravate tomoni balati na ba chemise na kati tomoni bazali kosala eloko babengi masano to moni bavandi na bakiti bango nyonso bazali ko koma bazali bato ya politiki.
ID_GESZQP,bvudzi rekuwedzera rakarukwa pamudzimai uye rakasanganiswa pakati ndobva rareba richikwira mudenga uye rine ruvara rutema tema.
ID_HCAQMQ,liboso na nga awa namoni mwana mwasi oyo bapesi coupe ye abetaka basket.
ID_CAEBSB,liboso na nga awa nazo komona photo ya sapato sapato yango ndenge ezomonana eza na bosoto mingi pe sapatu yango batie yango likolo ya tapi cote eza ba tapis.
ID_UOPBUE,zvivakwa zvakakura zvakawanda zviri panzvimbo iyi zvivakwa nezvitinha zvine ruvara rwebhurauni zvikapendwa neruvara ruchena pakati pezvivakwa izvi pane miti mihombe ine mashizha ane ruvara rwegirini.
ID_IYXUVC,maruva akasiyana siyana uyezve nemurume akabata hwahwa hwake wezve akapfeka yebhuruu nejini ruva epepuri.
ID_FRPCWP,awa na zali ko mona bana mibali ba zali ko beta eloko ba bengaka basket bazali kosakana ba mosusu balati elamba ya mosaka na mosusu balati pe elamba ya bozinga.
ID_PGCLNI,mukadzi akarukwa mabhazi akanaka akarukwa neshinda nhema ari makuva akavhurwa mitsetse yakanyatsonaka nekuti ganda remusoro irikuonekwa kuchena kuti weti uye akatarisa nechekurutivi mumabhazi akaitwa hata yakanaka nechepakati achienda kumberi.
ID_KJPMTZ,awa tozali komona ezali esika oyo mabele ekweyi ebukani esika oyo babengaka erosion tomoni bato mingi bazali wana bazali kotala ndenge nini mabele ebukani bazali ko kamwa bazali ko kamwa mingi.
ID_QQNNCC,awa tozali komona ezali camion moko oyo ezali ya monene tomoni ezali camion te ezali bus oyo ya monene nde tomoni etelemi pembeni ya balabala tomoni ezali na langi oyo ezali na langi ya mwindo tomoni na oyo ya motane ezali na kati tomoni etelemi na balabala yango tozali komona awa tomoni ngambu kuna ba ndako oyo ya etage ezali na langi ya pembe nde tozali komona awa kasi na balabala ba mutuka eza koleka te.
ID_NMFAKL,na kati ya sale bato ebele basangani ba camera mpona kolanda formation moko pona bo bakutani.
ID_FOIWOL,eloko bazo lakisa biso awa na moni eza sapatu yango eza ya bana basi nde bati likolo ya tapi baolakisa biso awa na miso nabiso.
ID_KRJRRI,munhu akabata banga neruoko rwake rwerudyi rweruboshwe rwakabata domatisi rwakarisigira kuti risadonhachiricheka cheka neruoko rwake rwerudyi zvichiva zvinoita kuti tifungidzire kuti pane zvaari kubika uye ari muimba yekubikira.
ID_YXYKJA,na esika tokomi awa na moni bazolakisa nga ba ndeko eza obele esika bazo tekisa ba biloko oyo ba yango na kati ya kelasi oyo ba bengaka yango ba crea bakreya ndenge na ndenge ya balangi ya pembe ya motane.
ID_WVPTRD,na liboso na ngai namoni eza na monument likolo ya monument namoni bikeko mibale eza na maboko te namoni mabele na lisusu alati te kuna ya rome wana namoni ndako ya monene.
ID_IOSAJP,mureza unomiririra imwe nyika wakagadzirwa nemavara akasiyana anosanganisira matema yero ruvara ruchena rutsvuku neruvara rwakafanana nedenga risina makore rwakasvibiruka pakati pawo.
ID_MKIPOE,bhora rakagadzikwa panzvimbo ine huswa huneruvara rwegirinhi nemavhu andakawandisa pane mashizha emubanana akaoma akadonhera pabhora iri bhora iri rine ruvara rweyero neruvara rwepepuru.
ID_EAXNCQ,bhutsu tsvuku kana kuti ine ruvara rweredhi yegumbo rwokurudyi iri yechikadzi.
ID_IVVGIB,awa na moni eza na bato ebele oyo batelemi esika moko na kati ya ndako liboso na bango eza na mwa mesa ya monene na ordinatere eza na mesa na mwa kopo ya ko mela mayi.
ID_INGTEI,awa namoni balakisi biso tata moko oyo azoleka liboso ya ndako na moni tata yango alati kitoko makasi pembeni na moni eza na mwa ndako moko oyo bapakoli yango langi ya pembe.
ID_UYYZRT,bilanga esili ko bimisa ba mbuma nango oyo ezali fruit ba bengaka paka paka eza na langi ya lilala pe na mwa langi ya pondu muke.
ID_KAXPYS,bilili oyo nali komono awa nazo mona ezali bongo mesa likolo ya mesa yango nazomona ba sani sani moko ezali bongo na mbisi ya mayi sani mosusu na moni ezali na ndunda pe sani mosusu kuna namoni pe ba tie mapa nakati.
ID_NTGXTG,elili oyo namoni liboso na ngai namoni basi mibale batelemi balati kitoko pe balati bamwa biloko ya matoi oyo babengaka yango na monoko ya lopoto ba bijou pe namoni moko aza na mwa sac a main na loboko pe ba robe na bango eza na balangi oyo ya bozinga batelemi mpe kitoko penza.
ID_IODZNG,vanhu vakawanda varikufamba mumugwagwa vamwe varikufamba vakatakura zvinhu zvavari kutengesa kumativi kwemugwagwa kune misika yakarongwa iri kutengesa muriwo matimati nehanyanisi.
ID_EZCCJG,vanhu vari munhandare yebhora vakapfeka hembe dzemutambo pane bhora riri muchadenga mumwe akamira arikuratidza kuti ane chekuita nebhora iroro kuti rakandirwa mudenga pane vakagara kuzvigaro varikuyeva zviri kuitika munhandare nevarume vaviri mumwe ari kune rimwe divi varikuona zvirikuitika vari kuita se marefu emutambo uyu.
ID_MLEGVG,awa namoni toza na kati ya sale monene namoni eza na bato oyo ba simbi ba mbonda na makolo bazo beta eza na bana basi na mibali mosusu azo beta lindanda bango o balati ndenge moko.
ID_BRLAKJ,awa ezali lisanga ya bakonzi ezali na reunion kosola makambo ya mboka.
ID_ZPDKPY,shangu idzi dzitema uyezve dzinoratidza kuti dzakasonea nechekumashure kwadzo dzinoratidza kuti dzakuperera pasi nekufamba.
ID_ILZBDG,lipa boule batie na kati maki ya kokalinga na musuni pembeni nango frite ezali pe eza na ndunda mobesu na pembeni na yango.
ID_BUPBKJ,loboko esimbi nzeta fufu.
ID_AMCCBI,simbi inodaidzwa kuti shoko iyo inoshandiswa pamotokari yakagadzirwa nesimbi inoita basa rekuti motokari isanzwika mabhambikana ichifamba.
ID_AKEKCT,awa namoni eza na kati ya bilanga liboso na ngai nazomona mbuma ya kitoko pe ya elengi mini.
ID_JODRQI,bendele bendele yango ezali bendele eza na langi boye ya bozinga eza pe na langi ya motane kasi yango bendele oyo ezali bendele ya mboka oyo na yebi te.
ID_JNBDOP,sango rine sora rakaoma nemiti yakasvibira ine mashizha egirinhi rakakomberedzewa newaya ine mapouro esimbi machena uye miti midiki.
ID_VJUJUD,mugwagwa miviri une tara neusina motokari miti ine mashizha egirinhi nemaruva epepo huswa hwakaoma.
ID_RQNSVH,munhukadzi wakarukwa musoro wakasonererwakudzi risiri rake pamusoro rakanaka kuma rakakura kugotsi ipfupi kudivi rwekurudyi mberi rakandonamirwa paganda rake rakamonyana monyanawakapfeka magirazi achisekerera.
ID_SLVYIM,balabala ya molai na kati ya zamba banzete eza ebele kasi namoni mutuka na kati ya balabala oyo te nde ba lakisi biso na foto oyo.
ID_NXLUAE,bhiri rekuisa pamotokari rakagadzikwa riri rega rine ruvara rutema nesirivheri pakati uye rakanyorwa nezvichena rakagadzikwa pamusoro pechinhu chine ruvara rutema nesirivheri uye pasi paro pane mataira akatsinhana zvakanaka.
ID_MRGPUB,vanhu vakawanda vakamira mumutsara vari pamagirosa mumwe wavo munhukadzi wechikuru umwechete akagara pasi pamberi pake pane bhaketi richena.
ID_QWDAYZ,chanza chemunhu chirikubudikira chakabata mashizha emuti mashizha emuti aya mamwe ane girini yakasvibira mamwe ane girini yakanochenerukira mukati mechikwenziimu mune kopisi tsvuku yakaturika.
ID_IWEWTQ,logo ya pembe pe makomi na yango eza na langi ya bozenga basangani na kati ya ba societe na ba entreprise.
ID_JVFLIH,mukati memotokari inoratidza kuti itsva ine zvigaro zvine mavara matema ne egireyi mune mabhandi anochengetedza vanhu kubva munjodzi parutivi payo pane ruva guru rine mashizha egirini.
ID_IABFQG,bana basi misato bazobeta bale ya volleybol ba oyo ya ngambo oyo balati pembe pembe ba oyo ya kuna balati mosaka bazobeta bale yango na mabele.
ID_SOGDSX,mumba yekurarira mune mubhedha wakakura chaizvo mubhedha uyu wakawaridzwa jira rinemitsetse uyezve mapiro ane mitsetse pedyo nemubhedha uyu pane chiwoniso chiri parutivi.
ID_ETCPAZ,nzvimbo inowanikwa muguta ine motikari dzakanaka inewo zvipangwari zvinoshandiswa nevanhu vaya vanoda kushambadza pane migwagwa yakaiswa tara kumberi kuri kubudira zvivako zvakakwira mudenga.
ID_YSXMAC,na esika na komi awa bandeko nazomona eza na mwa nzela moko ya mabele pembeni ya nzela na mabele na moni eza obele ba mituka mibale etelemi wana ba mituka oyo eza na lange ya mai ya pondu.
ID_WUIHHV,michero yakasiyana siyana inodyiwa navanhu imwe yacho iri kuoneka mhodzi dzayo dzvuku uye imwe yacho yakacheneruka michero iyi ine imwe mitsvuku irikuwonekwa ine mambava.
ID_OPDKDJ,bala bala ya kokufa mpo na mai ya mbula mai ya mbula ebeti etondi wana bato bazoleka na mopanzi moto moko alati elamba ya langi ya pembe na likolo langi ya bozinga na se na sima ezali azoyoka alati liputa na lange ya mosaka.
ID_UGAAJY,liboso na nga awa namoni balakisi nga mwa bwate pe na kati ya bwate oyo eza na bakisi na kati likolo ya bwate bakomi talo pa nde yango oyo eza kisi ne eza na kati.
ID_ZSWGRX,michero inopa hutano uye inodzivirira kubva kuzvirwere inoti maranjisi mabhanana tsangamidzi uye makerotsi.
ID_CCMSCC,motuka oyo eza motuka ba bengaka camion eza camion eza motuka oyo ememaka babiloko ememaka bazelo ememaka ba mabanga ntango bato bazo tonga ba balabala ntango bato bazo tonga ba ndako mituka oyo nde ememaka ba zelo po bato ba tonga eza na langi ya pembe na ba pine ya langi ya moindo na pembeni wana eza na lange ya motani.
ID_FKVEEO,shangu mbiri dzakavharika dzine ruvara rutema dzinopfekwa kazhinji nevanhurume.
ID_SWVGWH,shandisa kukoma zvipikiri masimbi nemapuranga.
ID_GQDNFR,awa na moni eza esika ya bisengo liboso na ngai nazomona bilenge ya mibali na ya basi bango nyonso balati bilamba oyo ya langi ya fololo na pembe.
ID_FUVCDX,musoro wakarukwa bvudzi namabhureidhimarefu ane kuzasi kwe anoperera kwakatesvera akakora anorukwa achibva divi rekuruboshwe achienda kurudyi achidzokera kumashure nekuseri kwenzeve musikana wakamarukwa wakapfeka dhirezi dzvuku risina ma.
ID_UXUXQS,karote oyo eza mibale mibale mibale ndenge moko kasi nyonso eza na bandunda.
ID_AICQQG,na moni kisi oyo esungaka mpo na malali ya libumu na kati na ndaku na yango.
ID_ITMCTW,maruva ari kuratidza kusvava uyezve mamwe akatumbuka asezvatumbukwa zvacho zvasvavazvaoma pane mashizha akaoma ane ruvara rwebhurauni mamwe ava neruvara ruchena aratidza kuti ari kudonha kubva pamashizha eruva iri.
ID_ZVIXHA,imba yekurarira ine mubhedha wakaiswa zvekufuka jira rakadhizainwa zvakanaka nemaruva akasiyana siyana kune ma kabhodzi kumadziro yekurongedzera mbatya nezvimwewo zvinhu kune rumwe rutivi kune fafitera nemakete.
ID_QVBLES,majirafutumarefurefu.
ID_MYASSN,foto elakisi biso na kati ya ndako moko boye na ndako oyo namoni mobali moko atelemi na ye likolo ya eloko pe aza kopakola mwa langi na ndako yo pe alati mwa single.
ID_QTCLHN,masora akawanda ari pasi ane mashizha ane mizera yakasiyana egirinhi parutivi pane matombo.
ID_QFAWQN,misoro yezvidhori miviri yose yakasungwa madhugu ane mavara mavara miromo yazvo yakapendewa zvitsvuku.
ID_OPOHQH,vanhu vari panzvimbo inopiwa zvidzidzo pane vanhu varikuratidza kuti vapedza zvidzidzo akavakupiwa mapepa avo vakapfeka magawuni kuratidza kuti vagirajuweta panewo vari kucherechedza vari pamberi.
ID_JCXYBZ,mukomana akapfeka hembe chena nemudhebhe webhuruu neshangu chena akabata bepa dema arikufamba achienda nekune mvura akafuratira chivakwa chine ruvara rwebhuruu nemukomana akamira akapfeka tisheti ine ruvara rwebhuruu ine maoko mapfupi pane munhu akagara pasi ane hembe ine ruvara rutsvuku.
ID_YTIZJS,gonye rine ruvara rwebhurauni rakasimudza musoro uye rine dumbu rinoratidza kuti rakaguta uye rakaiswa panotefetera pane ruvara ruchena.
ID_CCEJUY,awa namoni liboso na ngai balakisi ngai eza bijouterie esika batekaka ba bijou nde yango bao lakisa biso ba chenete na bague bato balataka.
ID_ISKCCH,vanhu vari pakati penhandare vanova vana vatatu vakapfeka mbatya dzine girini uye tema umwe wakapfeka mbatya dzeyero vari pedyo nemudhuri pakanyorwa kuti simbiti.
ID_MCYHND,panzvimbo yekutengesera pane vanhu vakawanda pane mai vakabereka mwana nembereko tsvuku ine mutaro mutema uye madonhwe madonhwe pane murume akabata nhare mbozha mumaoko akamira parutivi pemaputi.
ID_PHABFK,badza mudziyo unoshandiswa kuita mabasa akasiyana siyana vamwe vanoshandisa badza kutimbiramumunda kana kuchera makomba vamwe ndovanoshandisa panguva dzekusakura.
ID_EDVJNY,panze pane sofa rakagadzikwa muvhu sofa iri rine ruvara rwakaita rutema pamusoro pesofa iri pakagadzikwa makusheni ane ruvara rwakati chenerukei.
ID_QDWOCD,motuka oyo esalaka taxi ya langi ya pondu likolo eza na langi ya pembe likolo logo na yango ya taxi eza na langi ya mosaka na ba koma na langi ya mwindo mwinda na yango eza na lange ya motani.
ID_YUBNIJ,na bilili oyo nali komona na sani oyo namoni pondu namoni ba kwanga namoni pe ba misuni ebele biloko ya ko lia oyo eza ya kitoko.
ID_IUIMQR,na bilili oyo nali komona awa eza ba mbuma ya kolia nde nali komona eza na ba langi ya pondu mpe eza ebele.
ID_KWGXEV,masofa akagadzirwa nematanda ane matanda ane ruvara rutema neruvara rwakachenerukira nechepamusoro pawo ane ruvara ruchena masofa aya anoratidza kuti akanaka uye anoyevedza kuona akagadzirwa zvine hunyanzvi.
ID_ZDNNEM,awa balakisi ngai bana mibali mibale bafandi baza na kati ya ndako ya bana mibali.
ID_NJUTWH,midhudhudhu iyi yakarongedzwa zvakanaka pamberi payo yakachengetedzwa necheni iyo yakapendwa zvitsvuku nezvichena.
ID_FVYBJQ,besu reshiri rakareba yakatorwa muviri weshiri usiri kuoneka rinoratidza kuti ndere shiri huru nekuti minhenga yacho yakakura ine ruvara rutema kuseri kwacho kune miti yegirini nemaruva.
ID_ARBIRT,e awa namoni balakisi biso mwa lipapa ya jaune ya ko nzuluka na moni eza lipapa oyo ya bana mibali batiango na se na kati na ndako.
ID_AFAKEG,foto elakisi pano publicitaire ya aviation moko babengaka yango lengo expresse.
ID_MJSRCG,awa nazomona bana mibale bakeyi kosala sport bakende kosala sport namoni balati bilamba ya sport bana mibali ba mosusu batelemi bamosusu bavandi.
ID_MFQGCD,naza komona buku buku yango il faut ezala eza ya bande dessinée na cloture na yango eza bato misato moko ya suki ya mosaka na suki ya moyindo mosusu aza na ba traitre.
ID_SWNBNQ,miti yamarudzi akasiyana ine mashizha egirinhi pamberi pane ruzhowa rwefenzi uye pane mapango akamisikidzwa uye akatenderera.
ID_RSLMJI,maruva akadzvarwa kuti nzvimbo itaridzike zvakanaka akaitwa matatu matatu zvine hunyanzvi mamwe ari mudendenedzwa ari egirini pakati pakaiswa anenge zvimiti akatumbuka maruva matsvuku.
ID_FTZRME,na bilili oyo toali komona balakisi biso awa eza bato ebele bafandi pe na pembeni na bango lopango wana batie ba des misusu.
ID_CFSWOV,tafura iya ine ruvara rutema yakawaridzwa zvuma zvemuruoko nendarira dzemuruoko dzirikutengeswa uye dzakawanda dzine mavara matsvuku mamwe aneruvara rutema vamwe ane ruvara ruchena mamwe ane ruvara rwebhuru.
ID_IMQQQV,photo eza liboso na biso namoni mwana mwasi ya kitoko pe ya pembe mwana mwasi oyo aza na basuki moko ya kitoko mpenza azo lakisa biso ndenge ba kangaki ye suki na ye ya kitoko.
ID_GCKZBD,mukati memotikari muri kuonekwa mushina unoratidza kuti motokari iri kumhanya sei une zvitanda zvitsvuku vakatengerera uye pakanyorwa nemavara machena.
ID_SZMOVM,vakomana vaviri vari pakati pekurwa pamutambo wetsiva vakomana ava vakapfeka zvakasiyana mumwe akapfeka zvichena mumwe akapfeka zvebhuruu.
ID_WFSNBQ,liboso na ngai nazo mona moteur moko ya mutuka.
ID_CNHGQK,esika bana bavandi awa namoni eza neti baza na classe na moni bazo koma na kati ya cahier bango nyonso balati ba elamba ya classe babengaka uniforme.
ID_FIVZJF,awa pe esika na komi awa nazomona na miso na ngai bandeko eza obele pancarte eza pancarte moko ya monene ya monene mpenza eza na misu na ngai pancarte oyo eza pona piblisite ya kobunda na covid nazomona awa eza ya piblisite ya kobunda mpo na covid eza pancarte moko monene.
ID_PSPVUJ,bhutsu yechikadzi imwechete yakagadzikwa pasi ine ruvara rweorenji mukati ine ruvara rwakachena ine mabhandi arikuonekwa anoshandiswa kuzosunga kumbo pasi apa pane ruvara rutema neruvara rwakachena rwune madododo matema.
ID_ZTKFTF,maruva akagadzirwa pakanaka uye miti inoyevedza motokari akamira dzimwe motokari dziri nechekure nemiti mihombe.
ID_DAOMCB,komichi yerudzi ruchena ine mubato une derere riri mumvura ari mukati makomichi iyi sipunu yakabatwa ikabudisa rimwe derere shoma mvura yederere inoshandiswa nevamwe pakona uye derere rinobikwa rudyi sesadza.
ID_PDIVWS,chitoro chinotengesa zvishongo zvemuhuro zvemunzeve zvemumaoko zvemumakumbo zvakasiyana siyana zvimwe maringi emuchato zvakagadzirwa zvakasiyana siyana zviri mumasherefu zvakaiswa pamusika kuti vanhu vaone zvishongedzeke zvimwe ndezve goridhe zvimwe zvesirivha zvimwe zve stands.
ID_XXRGUZ,muti une mashizha egirinhi akachenerukiranezvivana zvine ruvara rwebhurauni zvakawanda muti uri padivi pemudhuri mukati memudhuri mune zimuti zihombe rine mashizha egirinhi akawandisa pane mumwe muti une tumabazi takaenda mativi tune mashizha tudiki twegirinhi panze pemudhuri pane tumaruva tune twumiti twegirini.
ID_DDOTPI,bato mibale bavandi na kati ya ndako mwasi na mobali baza na katikati ya mafuta ya komipakola malasi mafuta ya nzoto na mafuta ya motu nyonso ya komi pakola biloko yanzoto.
ID_OLQQKH,zvipembere zvakawanda zvinodarika zvitatu izvo zvakamira panenge parutivi pemugwagwa zvipembere izvi zvihombe uye zvinoratidza kuti zvave zvakare zvine ruvara rwedota muviri wese.
ID_CDRINL,ruoko rwakabata goka nhema yakabatidzwa kuti ipe chaedza murima.
ID_OESMJN,michero miviri yerudzi rwe ndimo rimwe chete rakachekwa nechepakati tichitaridzwa mukati maro umo makatsvukirira uyewo rakaibva rangomirira kushandiswa kana kudyiwa.
ID_YRXNJR,motuka oyo ezali neti ya sika kasi ozomona ezali motuka neti eza kitoko pe makasi mingi yango eza na langi ya mwindu eza pe na langi ya mbwe.
ID_EOQIYP,vasikana vanoita zvemutambo we bhora ramaoko vaviri vakapfeka zvakafanana vaviri vakapfeka zvakafanana vaviri vekuruboshwe vakapfeka hembe dzine ruvara rwebhuruu dzakanyorwa pamberi neruvara ruchena koitawo vamwe vaviri vakapfeka hembe dzine ruvara rwepingi yakachenerukira kumusoro yakanyorwa neruvara rwepingi nechepamberi kuzasi vakapfeka zvikabudura zvine ruvara rutema.
ID_SEJVSP,musha wakakomberedzwa newaya mukati memusha mune sora ririkubudira rinoratidza kuti rakatsvukuruka kana kuti tingati harina utano zvichibva zvaita kuti fungidziravanenguva risina kumbowana mwando pane dutu re zvigubhu zvakaunganidzwa kuratidza kuti zvinorasirwa ipapo nechekunze kwacho kurikubuda marara akangoraswarashwa anoratidza kuti mapepa.
ID_FALXJI,masofa akarongwa zvakanaka ayo ane mutepfetepfe inogarirwa nevanhu munguva dzekutandara kuzorora kana kuitawo zvimwe zvinhu ane mapiro awo ane ruvara rutsvuku rwegireyi pakati pawo zvakare panetafu.
ID_ZOIAKV,milangi mibale ya savon pona ko sokola nzoto milangi mibale ya savon ya mayi po na ko sokola nzoto.
ID_EJXBUL,esika oyo balakisi biso bato baza mingi mingi mingi mpenza batelemi baza kolanda soki baza kolanda nini toyebi te tomoni kaka batelemi tomoni batie mwa tapi moko ya langi ya bululu na se soki balingi basambela soki balingi basala nini toyebi te bango moko nde bayebi kasi bato yango bazali mingi tomoni ngambo kuna ezali zamba ezali na nzete mingi ezali na ba matiti mingi soki bazali kosambela soki bazali kosala nini toyebi ete bango moko nde bayebi.
ID_XYRMYH,mitsvairo yakatsveta pasi yakaturikidzana yekutsvairisa panze uye mumba vamwe vanhu varikufamba vamwe vakagara motokari yakamira mugwagwa.
ID_GTHNLE,awa namoni toza na kati ya lopango moko ya monene namoni na kati eza na mwa ndako moko ya kitoko makasi oyo ba pakoli yango langi ya pembe liboso ya ndako namoni eza na basapatu oyo batiki libanda.
ID_XHJUVO,bandeko eloko nazomona awa na misu na ngai naza obele na kati ya ndako e ndako yango namoni aza na place oyo babengaka na monoko ya lopoto na salle a mange na salle a manger oyo namoni bato bazo lia bilei eza papa mama na mwana na ye baza na kati ya sale a manger baza na mesa ba zo lia biloko ya kolia.
ID_FCQYCF,nzvimbo inotengeswa zvuma nemhete zvemhando yepamusoro zvimwe zvachona zvakarongedzwa nechepamukova kuti vanhu vaone senzira yekushambadza zvinhu izvo zvuma nemhete zviripo zvine ruvara rwegoridhe ruvara rwesirivheri nemamwewo mavara.
ID_ERVOTT,awa nali komona biloko oyo balambaka namoni ba ba carote batungulu ba pome bambuma nyonso bato baliaka po na sante na bango.
ID_FDEPXL,na moni eza esika ba sambelaka liboso na ngai na moni eza na ba langi misato ya liboso eza langi ya bololo ya mibale eza langi ya pembe ya misatu eza langi ya motane.
ID_QAFTFH,kati kati ya boutique ya cosmétique nazomona batekaka ba biloko ya mafuta kopakola na nzoto nazomona pe ba saboni likide na ba pomade ya bana moke ya vaseline ba bengaka yango familia.
ID_JWAFPP,na foto oyo nazali bongo komona loboko soki totali malamu ndenge manzaka eza milai ezali bongo loboko ya ndeko mwasi asimbi na loboko na ye molangi ya moke pe nde bakomi na molangi yango ezali bongo mafuta ya basi a komi pakola na nzoto.
ID_KCSMOL,vanhu vari munhandare vari kutamba mutambo webhora panoratidza kuti pane timu mbiri evakapfeka zveyero kumusoro neakapfeka zvebhuruu akapfeka zveyero ane bhora arikuda kuedza kuti amhanye naro kuenda kunonwisa asi pane mumwe akapfeka zvebhuruu ari kuedza kumhanya kuti muvharidzi pane vakagara varikuona zvirikuitika nechekumberi.
ID_INNLQH,na elili oyo tozali komona museleketezali kotambola na matiti ya langi ya pondu donc oyo ezali.
ID_BVVWIJ,nzvimbo inemiti uye huswa huswa hwacho hauna kunyanya kukura huri kuwanikwa kunze kwerusvingo rinodzivirira imba huswa hwacho wakatsvukuruka huri kuita sekuti hauna mvura mukati mune miti yakakura miti yacho ine ruvara rwegirinhi.
ID_IJZINK,na kati kati ya bala bala ya monene ba ndako ya milayi eza mingi eza na balilisa ya kitoko na se na yango mituka eza mingi etelemi ya mwindu ya langi ya mbwe bato batelemi na balabala yango ba nzete pe ezali nyonso eza esikamoko.
ID_LCANJA,buku ya bana kelasi ya mitano ezo lakisa bango kotanga pe kokoma.
ID_SMUHMR,na bilili oyo nali komona balakisinga awa eza ba kopo ebele na kati ya bakopo oyo namoni biloko ya ba langi ya moyindo pe ba tiango likolo ya sima ya makaya.
ID_TJRFZC,vatambi vari kuserebureta vakapfeka nhumbi dzeuganda.
ID_UTRRNL,vana vari munzvimbo inoitirwa mutambo vamwe varikufamba vamwe vakamira vakatarisa murairidzi wavo vakapfeka nhumbi dzine ruvara rwakasiyana vamwe vakapfeka zvitsvuku vamwe vakapfeka zvichena uye vamwe vakapfeka zvegirinhi nepingi.
ID_TGHGEF,elili oyo ezali kolakisa bato bazali kotanga pe bazali ebele bazali mpenza ebele basangani basi na mibali bazali ko tanga.
ID_EOGJIP,vanhu vakapfeka nhumbi dzinoratidza kuti ihembe dzemutambo vakapfeka hembe dzine ruvara ruchena nemabhande vane mabhandi matema vamwe vane mabhandi ebhurawuni mumwe akapfeka chitema kumusoro nebhandi kupasi kune zvichena vanhu ava varikuratidza kuti vanhu varikuita mutambo wekarati pane munhukadzi mumwe chete werudzi wechivanhu nemunhukadzi mumwe chete werudzi rwechichena.
ID_ADOMPT,shiri hombe yakacheneryakamhara padanda rakaoma rakapinda mumvura iri kuongorora mumvura kuona kana ingawana kuzviwanira hove yekudya.
ID_IHETUB,awa eza na kati ya paibain egumba abala biloko mabende lokola bato ba fungola ba biloko bobele kaka biloko ya societe.
ID_TWOJWP,vanhu varikufamba pamugwagwa unowanikwa mudhorobha reharare pane munhukadzi akaisa pendi tsvuku mumusoro make akapfeka hembe yeyero akaisa chivhara dzihwa arikufamba arikupesana nemumwe akapfeka hembe ine ruvara ruchena kumusoro neimwe yepingi kuzasi pane miti iri kuonekawo uye nzvimbo iyi inoratidza kuti inoitwa zvinhu zvakawanda nekuti pane vanhu vakawanda varipo pane mumwe akagara padhuze nemadziro akaisa zvinhu zvake pasi zvekutengesa.
ID_BSBTOV,foto eza liboso na ngai na moni mwa bilei likolo ya mesa pe na ba mwa saani ya kitoko biloko oyo eza penza ya bendele oyo na moni eza ba misuni oyo basalaki yango na kati ya boule na kati ya olembaki pe kuna na moni ba sani mosusu ba salade eza na kati pe na mwa kwanga nakati eza kitoko penza.
ID_GDGYJP,awa tozali komona ezali ndako moko ya etage kasi tomoni ndako yango ezali ya sika tomoni bauti kotonga yango kala mingi te kasi tomoni eza na balangi oyo ezali langi ya pembe na mwindo tozali komona na ngambo kuna tomoni chokola yango wana tozo mona ndako yango ezali kitoko na balabala moko ezali liboso na yango esika bato balekaka na esika ba mituka e telemaka tomoni ezali kitoko mingi ndako ango.
ID_KTXNJJ,awa na gai nazomona ndako moko ya matiti na kati na yango nazo mona bato bafukami bazo sambela.
ID_ZGAKHJ,likolo ya caro ya pembe mapapa ya bilenge basi na langi ya moyindo moko emati likolo ya mosusu nyonso ezali ebele pembe makomami na langi ya lilala.
ID_XMKMDY,zvuma zvakarembedzwa kuti zvioneke huna kwazvo kune vanenge vachida kuzvitenga.
ID_NUOSCF,shiri ine ruvara ruchena muviri wese iri mudendere inoratidza kuti yakafuratira vana kana mazai ayo parutivi pane masora akasvibirira.
ID_TSWXQX,foto eza liboso na ngai awa namoni mwa logo moko ya kitoko logo oyo bakomi medi eza kitoko peza.
ID_SYIVJF,munhurume arikufamba akapfeka bhachi dema rine hembe yakacheneruka mukati akapfekawo mudhebhe une ruvara rwedota uyewo akabata bhegi rine ruvara rwedota muruoko rwake rworudyi.
ID_YEIYDD,na bilili oyo nali komona awa balakisinga mai ebele pe namoni ba mabanga na kati ya mai oyo pe namoni mais soki namoni malamu kuna namoni ba nzete pe na ba ndako ya molai.
ID_ERPYFF,mapoto ayo anoshandiswa pakubikiraanemizera yakasiyana siyana mamwe mahombe mamwe madiki ane mivharo yakagadzirwa negirazi uye mibato iyo yakagadzirwa izvo ine ruvara rutsvuku.
ID_EALPPR,amai vakamira vakabata mwana parutivi pavo nechekurudyi mwana ane hembe nezvebhuruu zvitema nezvitsvuku ivo vakabereka bhegi rine bhurauni parutivi pavo pane macheya matsvuku nemachena akagadzikrwakireti yechingwa mberi kune varume vakabereka ma sechero uye vane makepisi vose.
ID_BEAXGU,muti wakanyatsokufuvutira une mashizha akasvibira uyezve unoratidza kuti une mumvuri wakanaka muti uyu une mapazi akawandisa.
ID_MDCGJE,liboso na nga nazo mona equipe ya rdc ezobeta ndembo.
ID_PHGEPM,elili oyo tozali komona tozali komona bambuma basengeli batiya yango na kati ya basi.
ID_AKEEIU,munhukadzi akagadzira kumeso kwake akadhirowa tsiye dzake akapenda muromo munzeve dzake mune mhete dzakarembera musoro wakarukwa namabhureidzi akasungwa padivi nepadivi.
ID_ZFMADM,na bilili oyo nali komona bandeko mibale baza bakonzi ba telemi ba mosusu ba jeune bafandi na se pe nali komona balakisi moko alati makulungulu.
ID_ZDVLXF,photo namoni namoni eza photo ya sapato bato balataka ya mwasi.
ID_MPUFTN,na bilili oyo tozali komona awa ezali bongo kabati kabati yango tomoni ezali libanda ezali bongo na kati ya ndako te pe tomoni esika ezali batiye yango likolo ya matiti.
ID_CXIQEJ,shangu inopfekwa kurutivi rwekurudyi yakagadzikwa pasi ine ruvara rutsvuku ye imhando yematenesikumberi kwayo kuchena yakagadzikwa pane mavara matema nepamwe pane madodzi uyewo shangu yakadai inopfekwa vanhu vachiita zvemutambo kana kuti kuchitonhora yakanakira kuti hainetkufambanayo sezvo ine chitsitsinho chipfupi.
ID_PKWEOW,bana mineyi mibale ya mikolo mibale ya mike ya mike moko alati tolo polele alati jupon mosusu alati elamba likolo ya langi ya pembe ya mokolo alati elamba ya lange ya motane ya lange ya mosaka lange ya pondu mosusu alati elamba ya likolo ya lange ya mpundu.
ID_ETGYHN,panobuda chirimwa chebarwechatobereka hupi ye barwe isati yasvika yabudisa rebvunamamwe mabarwe ari mumunda anoratidza kuti akawondoroka.
ID_UEICYL,nazomona na elili oyo bazolakisa biso esika babokolaka soso nazomona ezali lokola esika ya bobokoli yoso.
ID_PEYHNZ,bato mingi ba telemi elongo bazo tala makambo moto oyo afandi na se azoteya bango.
ID_UCVURN,na bilili oyo nazali komona liboso nangayi awa namoni ezali bongo na balabala na balabala motuka ya ndeko songolo ekufaki tomoni ndeko moko aza na se ya motuka alongoli pe azali kobongisa ango.
ID_AFXWKR,vanhu vechirume vakawanda vakamira panzvimbo inotambirwa mutambo wechirume webhora pane huswa huri kuonekwa hweruvara rwegirini koita mitsetse yakadhirowewa pasi eruvara ruchena nechekumusoro kune macheya panogara vanhu ineruvara rwakachena nerudzvuku.
ID_CCJUEN,ringi dzakapfekedzwa mumaoko maviri emunhukadzi rumwe ruoko rweruboshwe rinoratidza kuti rwakapfekedzwa maringi maviri akandocheneruka anoratidza kuti ndee sirivheri uye rimwe ringi rakapfekedzwa chikunwe cheruoko rwerudyi.
ID_MWXPLB,makanika arikusungasunga motokari ari pasi payo achishandisa zvipanera zvekugadzira nazvo motokari.
ID_GYTAHY,tireyi bhini nema sherefu ekutsvetera zvinhu kana kuti zvinyorwa kana kuti zvishandiswa muhofisi.
ID_OWIOED,awa nazali komona camionette moko ezali na langi ya pembe tomoni mosusu ezali pembeni na yango nyonso etelemi tomoni ezali na langi ya bolulu etelemi wana ezali eloko babengi parking to moni etelemi ezali kitoko.
ID_MYATCF,varume nevakadzi vakapfeka hembe dzekudzanisavakamira pasora rakasvibira rakachekererwa zvakanaka vane majakazi mumakumbo uye vakapfeka mbikiza nehembe tema pane mumwe ane rokwe jena akapfeka zvakasiyana nevamwe.
ID_PIRDKK,nyama ya zamba oyo eza mibale nyama ya zamba yango eza na langi ya shokola na minoko ya liboso eza na langi ya mwindu nyama ya zamba yango eza na zamba eza na matiti ya mokuse eza na langi ya pundo.
ID_OZLILC,awa nazomona nazomona eloko ebengami sapatu na yango puma sapatu ya langi ya yalangi ya moindo.
ID_QMZGIX,hofisi ine feni ichena mahwindo egirazi ane ruvara rutema mudhuri webhurauni nemutsara webhuruu.
ID_CTDWOV,motokari hombe ye rori regonyeti yakatakura mabhero ekotoni mukati motokari dzinoshandiswa kutakura zvinorema uye zvinhu zvizhinji zvakadai se mabhero iwaya kubva kuminda kuenda kunzvimbo dzekunotengesera donje.
ID_LNPWHH,bilenge mibali baza kolokola mekaniki.
ID_TGHZFK,muchero wemhando ye zvinanazi zvakatanhiwa zvimwe nezvidhongoti zvacho zvine ruvara rweorenji kumusoro zasi zvineruvara chakaita girini kutaridza kuti zvazvisati zvanyatso tsvuka nemazvo.
ID_TTMKHL,eloko na zomona awa eza obele biloko baliaka kombo na yango eza aubergine eza mbuma moko baliyaka muasi ya kitoko batie yango na salade eza biloko moko ya kitoko penza pona kolia.
ID_NCTMCH,awa na moni eza na kati ya ndako liboso na ngai nazomona saani moko ya pembe na motane na kati ya sayani nazomona ba mbuma moko ya kitoko oyo na monoko ya poto ba bengaka papa.
ID_ZWVNEU,awa namoni eza nakati ya zamba liboso na ngai nazomona ba nyama mibale oyo babengaka na monoko ya lopoto singe.
ID_CUXBJJ,ruoko rwemunhu rakapfeka bhuresireti nechuma dzine ruvara rwesirivha rwepepuro nerwe bhuru pane maruva arikuonekwa esimbi ane ruvara rwebhuruu nerwesirivhapazasi pane mucheka uri kubudikira une mitsetse yeruvara rwakachena nezvitema.
ID_HGSMNI,muchero we popo wakaibva ndokuchitochekwa nepakati kwava kubviswa makanda ndokubviswa mhodzi hamheno zvasopakurirwa nechemukati imomo zvinenge mhodzi dzematamba kana dzamakosvo kuti zigowiwa zvakasangana.
ID_HNLXNE,mhete yakanaka inovaima yakanyorwa kuti riyanairimubhokisi rinotevera kunze kwaro kune ruvara rutsvuku iyo ndeye sirivhera.
ID_AATKGX,pane ndege iri kumhara kana kuti kusimuka yakanzi se ndege iyi inotaridza mavhiri mana matema kwozouya bapiro rimwe chete rinoonekwa.
ID_JSLETR,nzvimbo ine matombo tombo nemiti miti iripo inoratidza kuti haina mashizha angori matanda akamira ane ruvara rwakachenerukira koita mazitombo akazara ane ruvara rutema neruvara rwakachenerukira.
ID_UBPBMQ,bana baza na kelasi ya maternele bazo tanga ba buku ya ba dessin animé bana misatu bazotanga buku bavandi na ba kiti ya langi ya bleu bazotanga ba buku na bango.
ID_ZJNTLH,miti yakachekwa nechinoshandisa kuchekwa miti yacho inonzi so uye zvisimbi zvakasiyana.
ID_SRCDPP,vanasikana vechidiki vanotamba bhora ramaoko rinoti rimwe boka riri kurudyi rimwe kurutivi rweruboshwe.
ID_WPKARR,vanhukadzi vakamira vakaita mutsetse vakabatana mumabendekete avo vakapfekawo nhumbi dzinoratidza kuti vatambi vemutambo wevhoribhoarikuratidza kuti vave kuda kunotanga mutambo wavo.
ID_CJZEYO,na bilili oyo batiyeli biso molangi moko liboso na biso soki totali molangi yango batiye yango nase molangi yango namoni ezali bongo na langi ya pembe na langi ya bozinga soki totali malamu molangi oyo e kozala molangi ya malasi.
ID_KZSWED,chikoro chakakura zvikuru chine makirasirumu akawanda zvikuru uye chakavakwa chine ruvara rweyero uyezve midhuri yayo yakarongwa iri nemitsetse uyezve chikoro ichi chakapoteredzwa newaya.
ID_OUMCAD,varume vasere varimukati menhandare yekutambira mutambo webhora umwe wevarume vasere ava urikubudikira chidimbu chimwe chete mumwe wavo akapfeka nhumbi dzeyero vamwe vakapfeka nhumbi dzebhuruu mumwe wavo akapfeka nhumbi dzitema.
ID_CKQPRT,vanhu vari pakati pedhorobha vakarongerera misika yavo pamakadhibhokisi vakawaridza jira rine ruvara rwebhuruu vamwe vakapfeka mabhibhi ane ruvara rwegirini.
ID_BOVFVV,na bilili oyo nali komona ba lakisi nga eza ba tomate oyo bakati yango pe ebeli te eza kaka na ba langi ya pondu na kati namoni ba langi ya pembe.
ID_MQICOY,chuma nemhete yemaoko zvakapfekwa muruoko mhete dzemumaoko dziviri dzine ruvara ruchena koita chuma che mumaoko chine mufananidzo werudo wakarembera pauri chakabva mumufananidzo uyu wakabva wanyorwa nemavara matema chuma chemumaoko chine mabhora zvakare ane ruvara rwepingi nemabhora ane ruvara rwesirivheri.
ID_ZPQRJW,kasi ezali suki bakangi mwasi ye suki ya kitoko mingi ezali suki ya kolala kasi yango pe eza molai mingi te eza kaka mokuse yango eza kokanga ye kitoko mingi eza na lange ya mwindu boye.
ID_UVMLAT,mureza wenyika une ruvara rutatu rokutanga ruvara rwebhuruu ruchiendka kuzasi otaura ruchena pobedzera nerumwe ruvara rwebhuruu pane ruvara ruchena parikuonekwa chipepa chakapetka chakanyorwa neshiri yakamhara.
ID_JHGCDD,nzvimbo ina maruva akawanda ane mashizha akasvibirira muri kubudikira munhurume mumwe chete akapfeka hembe yebhuruu nemudhebhe wakasvibirira akabatawo ngowani nerumwe ruoko rwake uneruvara rwakasvibirira.
ID_EPQEMO,na bilili oyo nali komona balakisinga awa eza wenze namoni bazo tekisa biloko ya kolia ba tomate babia na moni ba milangi misusu kuna.
ID_AYSLAJ,nzvimbo inoitwa zvekubika bika pane nyama yakawanda iyo iri kugochwa pamazimbe ayo ane murazvo unoonekera kubva mumasimbi.
ID_UWBFTZ,bana ba wewa ba motare.
ID_CGBLNL,mukomana akapfeka shangu nhema akamira pamwechete nebhurukwa dema muhuro make mune chuma uye mumaziso make mune magirazi kuruoko rwake rweruboshwe kune chiringazuva icho chakatarisa.
ID_TMTBFW,bandeko esika na komi awa nazomona nazomona mboka moko monene mboka moko etondi ba ndako ebele epi na liboso na nga pe na mona eloko oyo babengaka pancarte publicitaire pancarte moko boye ya monene penza eza likolo ya miso na nai.
ID_EJUKLB,mureza wekunyika yejapan uyo wakasungirirwa padanda resimbi mudenga une ruvara ruchena rwakautenderedzapakati pawo pane chiratidzo chidenderedzwa chine ruvara rutsvuku.
ID_KVBDQL,mwana mudiki wakabata sumburena yebhuruu kunze mukati ine ruvara rwesirivheri mumakumbo mwana uyu wakapfeka mapushi eruvara rwenhundurwa nechekumusoro wakapfeka hembe ine mavara mavara une chikabudura chebhuruu.
ID_OAGTZM,musikana mumwe chete wechidiki arikufamba achidya muchero wechitema musikana uyu une rokwe refu rine ruvara rutsvuku nehembe ine ruvara ruchena akabata purasitiki rine ruvara rutema.
ID_KGNJCZ,musoro wemunhukadzi une bvudzi rakasungwa zvakanaka bvudzi iri riri kusungwa zvipundu zvipundu richibva kumberi richidzoka kumashure uye vhudzi racho rine ruvara rwebhurauni ruri kuoneka nechekure asi pasi paro pane ruvara rutema.
ID_FXNXBA,shangu mbiri dzemwana mudiki dzakagadzikwa pasi pane mataira ane ruvara rwekirimu shangu idzi dzine ruvara ruchena uyezve dzine zvekunamisa pamusoro mukati madzo dzine ruvara rwebhuruu.
ID_ZCKRYZ,bakonzi ya mapinga mibale bafandi na bureau moko alati teni ezali na langi ya moyindo pe asimbi verre na maboko mosusu alati teni oyo ezali na langi ya pembe.
ID_HUUNAY,na balabala mama moko azoleka memi mwana na mokongo asimbi sakame na maboko tante moko eza wana place a koteka ba inite na mobali moko atelemi likolo ya moto na ye koto nsima amemi bakesi ya sucre.
ID_NBXFCB,awa nazomona na balabala camion etelemi na balabala camion munene ya pembe na mopanzi kuna na omona eza ndako.
ID_SLTFUI,foto oyo elakisi biso mwa mutuka na kati ya motuka wana namoni ba mwa soda alati kitoko baza na ba manduki na boko namoni mosusu atelemi aza na manduki moko ya monene azotala liboso na ye emonani bato oyo bakeyi na kati ya bitumba.
ID_WTRVXN,liboso awa nazali komona ezali bongo foto bakangi ndako pe ndako yango eza ndako ya kofanda te eza esika ya mosala po namoni bakomi likolo na monoko ya lopoto agence.
ID_REPXZM,nyama ya muke na moni eza kanyama a moke.
ID_HNSQWM,mubhedha une hedhibhodhi emasibhotzvebhurue zvakaisvonaka.
ID_HNTJIA,chuma chine muchinjiko uyezve chiri kuratidza kuti chakagadzirwa nesimbi yakasimba uyezve chiri mukara yegoridhe uyezve chakagadzikwa pamusoro pechinhu chinogara zvuma chiri mukara yeredhi.
ID_ZFITUP,na foto oyo nali komona ba lakisi nga eza na kati ya lopango ya langi ya motani pe namoni bandako mibale moko eza na balangi ya moyindo na mosaka mosusu eza na balangi ya pembe pe namoni biloko libanda ba basin na ba lipapa.
ID_OYPRHA,mudzimai mutsvuku ari kunyemwerera zvekuti mazino ake epamusoro arikunyatsooneka akagerwa musoro achibvisa bvudzi rose akapfekawo zvekuti muviri wake wekumusoro unosara uri pachena.
ID_WUBYWS,chibhodhi chinonyorerwa nevana vadiki chine ruvara ruchena nerwebhuruu kunze chine chinyoreso chakatsvetwa pamusoro chakaputirwa nepepa purasitiki jena.
ID_VMCOFZ,mbozha nhare yerudzi rwefoni yakagadzikwa pamusoro pegumbeze ine kamufananidzo katema kehapuro risina kukwana.
ID_UHJNPI,chigubhu chine chimwiwa checoca cola chine ruvara rwakasvibira chigubhu ichi chakavharwa nechivharo chine ruvara ruchena uye padumbu pechigubhu pane bepa rine ruvara rutsvuku pakanyorwa nemavara machena.
ID_BODVLJ,awa na moni eza na bana mibali moko oyo batelemi liboso ya stade namoni pe eza na ba misusu oyo bafukami e namoni eza bana mibale oyo babetaka ndembo yamaboko.
ID_HGSVJW,oyo namoni awa eza neti futa mutuka munene neti camion nde yango oyo bolakisa biso aa.
ID_CJZHQR,pachiteshi chamabhazi pane makombi maviri akamira ane mavara akasiyana parutivi pawo pane bhazi wo rimwechete rakamira rinoratidza kumberi kwaro kuchena nechemberi kune rimwe bhazi rakamira reyero.
ID_QPGYFR,motokari inoshandiswa pamakwikwi kumhanyiraa ine manyerekete machena nematema pane mavhiri akaunganidzwa kuitira kudzivirira kukuvara kwevanotenya motokari idzi kune uma hurikuonekwa kubva mumotokari idzi.
ID_IGVBWB,imba inoratidza kuti yakavakwa kare ikaiswa marata uyewo ine mudhuri wesimende hainawo kuzoiswa ruvara.
ID_HZRRCJ,oyo azali kolakisa biso mutu ya mwana mobali elenge mobali oyo asilisi kokata ye suki tomoni bakati kitoko modele bakati suki na ye ezali kitoko kasi tomoni suki na ye ezali ya mwindo kasi ezali kitoko kitoko na ndenge asali yango.
ID_DCUADZ,shangu dzechidzimai zvinonzi mapamusi dzine dzitema uye dzine mukati muchena dzakanyorwa nezvichena mukati.
ID_JPKLRV,esika nazali komona awa nazo mona eza balabala bato ebele bazali koleka na balabala yango pe nazomona eza lokola balabala yango epanzana nazomona ba salite nazomona ba nzete ekweyi nazomona balabala yango kutu koloba te eza nzela moko wa mawa penza.
ID_HINBMW,elili oyo nazomona liboso na ngai na moni mesa moko ya kitoko likolo ya mesa oyo namoni mwa saani ya pembe ya kitoko pe na kati na moni mwa supe ya kitoko pe na moni ba mwa ndunda na mwa misuni pe na mwa pimo ya kitoko mpenza.
ID_RGNNZN,mai ya liziba eza pembeni ya libanga fololo pe eza wana pembeni fololo yango eza na lange ya mai ya pondu.
ID_TKXQLV,na elili oyo tozali komona ba ndeko mibali liboso na bango ndenge alati akozala aza albitre pe sima eza bato babetaka ndembo ya makolo.
ID_XZETLA,bazo kumisa mtn awa.
ID_KQDYTS,mudzimai ari kufamba mumugwagwa akapfeka hembe ine maoko marefu hembe yake ine ruvara rweyero neruvara ruchena neruvara rutema mumaoko akapendekera bhegi rine ruvara rutema kumusoro ane dhuku rine rutema zvakare.
ID_QSHFNI,nzvimbo ine zvivakwa zvakawanda zvimwe zvine zvitinha zvitema poitawo zvimwe zvivakwa zvakaiswa ruvara ruchena pane vanhu vakawanda vakabereka mabhegi vari kuenda nekubva panzvimbo iyi inoratidzika sechikoro.
ID_GRLGGS,photo eza liboso na ngai na balabala.
ID_ADUOVN,madomasi akawanda akatsvuka arikuratidzirwa arikutengeswa kuti avo vanoda kuwana zvekurungisausavi ezvitengereondobika kudzimba dzavo.
ID_STNWGU,miti iri mugomo yakawanda iri mugomo mune matombo miti iyi ine ruvara rwegirini mimwe yacho yakaita zvekusvibira pane mimwe miti iri nechepazasi mukati medzimba dzine ruvara rweyero nematenga ebhurauni miti iyi ine mashizha akasangana egirini anekahuyero.
ID_BHMOUC,awa bolakisi biso photo oyo bana misatu bazo seka moko amonani te mibale bazo seka.
ID_FKEVFH,miti yakawanda kwazvo uye iri mupfupi inoratidza kuti yakaungana panzvimbo imwe chete ine mashizha akanyatsosvibira zvinoratidza kuti iri kuona mvura nekudya kwakakwana.
ID_VCTYHQ,baba varikufamba vakafuratira kuchikoro kwavari kubva vakatakura chikwama chavo chegoridhe vakapfeka hembe dzakasvibirira neshangu dzine ruvara rwebhuruu.
ID_ILSQAM,mapepa anoshandiswa nevarairidzi nevana vechikoro anoshandiswa kuita zvakasiyana siyana pane manila anoshandisa kunyorerwa zvimwe zvinhu kana kuisa kumadziro.
ID_QOYCEF,elili ezolakisa biso matiti ya kotia bilengi na bilei ezali matiti eza na kati ya katini esalemi na nzete ya bokoko matiti yango na monoko ya lopoto ba bengaka yango feuille de lorier eza matiti batiaka na biloko ya kolia po epesa bilengi epesa pe lolenge eleng.
ID_NTYPHW,bana mine baza place moko mibale bavandi na kiti moko mibale batelemi mwana moko alati elamba ya likolo ya pembe akangi maboko ye aza mwana mwasi na nsima na bango ba matiti ya langi ya ma ya pundu.
ID_DNJYJQ,ba soda ba telemi balati elamba na bango ya kitoko mpenza elamba ya kisoda balati pe ba sapato ya mwindo balati pe ba mikaba ezali na langi ya shokola pe na ekoti ezali na langi ya motane bamosusu baza na ekoti ya langi ya pondu mosusu moko ezali na ekoti ya langi ya mwindo.
ID_ANHQMY,esika na komi awa nazomona eza pembeni ya balabala na balabala yango nazomona bamituka bamituka ndenge na ndenge na moni koza bamituka mibale ya moke ya ba voiture eza langi ya vert epi pembeni na yango na moni eza camion moko ya pembe ya caroserie ya bleu liboso na yango na moni pe koza mwa ndako moko ya etage ya kitoko ndaku ya munene.
ID_IVGGPA,imba yakavakwa yakaita dendenedzwa ikapfurirwa nehuswa dzimba idzi dzinowanzo kuwanikwa kumusha dziri dzimba dzekubikira pamusuwo pacho pane munhu akamira nechekune rumwe rutivi rwemba iyi kurikubuda motokari diki yakamira.
ID_EJKPKL,na elili oyo nazo mona bazo lakisa biso motu azopusa pusu esika nazo mona eza na ba bidon ebele ba bidon ya vitre eza lokola azo kende ko koluka mai.
ID_WDPIDY,oyo bakiti ya salon ba bengaka ba divan eza penza na ba kosa na yango mibale ekokani na chokola na ya mwindu eza chocolat.
ID_BVRWJF,zvuma zvakapfekedzwa pazvidhori zvitema zvuma izvi zvakafanana mhando asi zvinozosiyana ruvara zvimwe zvuma zvine ruvara rwebhuruu namavara mavara zvimwewo zvimwe and zvineruvara rweyero nemavara mavara zvimwewo zvine ruvara ruchena namavara mavara.
ID_JCQMTM,dzimba idzi dzine mava rata matsvuku dzimba idzi dzakachengetedzwa nemudhuri midhuri iyi ndeye tiri kumberi kwedzimba kune gungwa.
ID_XJNTHO,yo eza logo ya république du congo brazzaville logo yango ezalaka unité travail progres ezalaka na esepelisi to na ba elefant mibale asungaka.
ID_JCUBGG,na elili oyo nazo mona bazo lakisa biso etaleli ya libanda esika bazolakisa biso fololo fololo na kati ya ekolo esalemi na sima.
ID_RBRMRJ,oyo ezali eloko na omona ya ko tanga eza histoire ya farao.
ID_PIWSSK,miti miviri iri kubudikira uri mudhuze une mashizha akasvibirira poita umwe uri nechekumberi womuraraunamashizha akasvibirira panewo tambo dzemagetsi dzirikubudikira dzirikuvhungana nemiti idzi.
ID_XUVOLK,muti yakamira pamberi pamusoro pedombo eruware regirini.
ID_VMOBST,bileyi na kati ya restaurant soso nyama pe na ba ndunda na mbala biloko ya epai epai pe na ba loso.
ID_NKKWME,motokari dziri mumugwagwa dzimwe dzakatakura vanhu dzakazara dzakavhurwa mabhuti dzimwe dzakavharwa asi dziri kufamba nemarori ne magonyeti nemamotabhaiki zvose zviri kufamba zvakatakura vanhu.
ID_EHELCY,na elili oyo tozomona esika bazolakisa biso tracteur motuka monene esungaka ko bongisa nzela nazo mona esika bazo lakisa biso tracteure ezali kobongisa nzela.
ID_BBQWLS,elili oyo eza liboso na ngai na moni mwa voiture ya kitoko etelemi pe eza na se ya nzete moko ya kitoko na bala bala pe na moni motuka mosusu ezotambola ya moindo.
ID_UZCUNE,milangi oyo eza na eloko na kati kasi misato nde ezo monana malamu biloko na kati eza ya komela.
ID_RGUARG,imba yakavakwa zvakanaka ikapendewa neruvara rwekirimu pavhura pakaiswa zvidhinha zvitsvuku imba iyi yakapoteredzwa nejuraho ine ruvara rwekirimu pane gedhe pamba apa uye pane muti wekuti vanhu vanogara kana vari panze vachitandara zvavo.
ID_UGYTQG,na bilili oyo nali komona balakisi biso awa eza ba mbuma ya kolia anana bapaya pe na biloko mosusu ezalaka na vitamine mpona nzoto ya motu.
ID_WZDBDJ,miti maporo uye tambo dzemagetsi jurahoro mugwagwa une tara dzimba nehuswa hudoko hwakaoma.
ID_ZHLJBD,ruva rakazvarirwa muchinhu chinenge vhiri remapuranga chivhiri ichi chakatsigirwa nedombo kune rimwe rutivi kuseri kweruwa iri kune matombo nezvimwe zvinhu zvakadonha pasi uye kune chitsiga chomuti.
ID_LCVUBW,na bilili oyo twali komona awa balabala moni ndeko moko azo tambola na bala bala oyo namoni ba mituka na moni ba nzete ya molayi na moni pe ba ndako moko ya molai yakitoko.
ID_MUWHHA,awa na moni eza esika basalelaka politike liboso na ngai nazomona mokonzi moko a telemi sima na ye koza ba mbila mibale oyo bazokengela ye.
ID_IBOQSR,muchero unowanikwa mumunda nguva yekunaya muchero uyu unokura zvisingaite unodzinwiwanwiva iri rine ruvara rwegirini kunze mukati maro rine ruvara rutsvuku nemhodzi dzichena nedzimwe dzakaita dzitema.
ID_VKRKCQ,bete ramabhachiritema nemapapiro makuru rakamhara padombo riri kutsvaka zvekudya.
ID_HCWVMP,biloko ya kolia na sani likolo ya mesa eza bongo na soso ya kokalinga ezali bongo na boudin ya kokalinga pe pembeni ezali na ndunda na sani ya moindu.
ID_XEKFYB,ba ngomba pe bisobe ya matiti eza na ba ndako bato bavandaka matiti mosusu ya ko kauka mosusu eza nano ya mobeso ya langi ya pondu mosika na na bandako nazomona manzanza na bango.
ID_DQKDOH,motokari inotakura zvinhu zvinorema pane mavhiri arikuoneka akakura ane ruvara rutema motokari yacho ine ruvara ruchena ririkubudira kumberi musoro wacho hausi kunyatso kuoneka.
ID_RHZZCB,awa nazomona kamwa carton ya moke ya kisi eza karton moko ya moke bakisi eza na kati kisi yango kombo na yango artefanena pembeni wana nazomona mwa mabanga moko boye ya pembe.
ID_HGGJZI,fulu na kati ya mai eza na ba salite ebele na ba milangi ya copal babwaki yango na mai plasi mayi ezoleka matiti pe eboti na ba ndako kuna na suka fulu etondi pembeni ya mai na bala bala.
ID_KNYOLJ,ezali alimentation kuete batekisaka babiloko ya kolia.
ID_OMIOGO,basakosi ya ba mama ba memaka na maboko eza ya sika eza na zando ezotekisama basakosi yango eza ya moke na oyo ya monene etongami na mayaka eza na balangi esangani pe ekeseni basakosi moko eza na langi ya shokola mosusu eza na langi ya mosaka mosusu eza na langi ya mwindu sakosi ya moke eza na mayaka etongami na mayaka eza na langi ya longondo esangani na pembi.
ID_STHTYS,vatambi vebhora vari munhandare vachitamba bhora.
ID_AYAUMX,midziyo yekubatanidza mapepa inodanwa nezita rekuti sitepura yakasiyana siyana imwe ihombe imwe midiki pamuhombe pane une ruvara rutema iri nechekumusoro koita dzidiki dzine mavara machena koita imwe ineruvara ruchena yoita ruvara rutema nechepamusoro.
ID_JLJRGG,panzvimbo pane michina inoshandiswa kugadzira migwagwa ine ruvara rweyero pane dzimba dzakapfirirwa nematenga matsvuku uye nzvimbo iyi yakakomberedzwa nemudhuri wakavakwa zvakasimba.
ID_IJLJDF,elenge ya mobali azo tambola azo kende wapi azo kende wapi elenge ya mobali botiyami ya maboko.
ID_GAWUMM,miti dzakakura nedzipfupi dzina mashizha akawanda akasvibira ane ruvara rwegirini.
ID_VFDVNQ,awa na moni eza esika batekaka babuku ya bana na likolo ya buku yango namoni dessin ya nyama moko babengaka yango ngungi.
ID_RNMXPP,mureza wenyika ye madhivhisi une ruvara rutsvuku negirini neruchena pakati une mufananidzo wemwedzi.
ID_XQUAPC,ekeko ya moto eza likolo moto yango aza molai atelemi azotala ngambo kuna alati kazaka ya molai ya molayi ekomi na makolo batelemisi ekeke yango likolo ya mbeto moko boye ya langi ya bwe.
ID_LWTHMI,ndiro chena yebhonzo yakagara pamucheka une ruvara rwegireyi uri patafura yedanda mundiro mune sadza jena uye mune muriwo une matomatisi nehanyanisi.
ID_NJZYRN,na elili oyo nazomona bazolakisa biso bato ya mibali ebele balati bango nyonso ndenge moko bazokende.
ID_PYSGDM,sapato ya muke ya bana mibale.
ID_IRJYBB,elili oyo ezali kolakisa biso bilei kitoko biso ba congolais toliaka ezali fumbwa ezali fumbwa batie na kati mwamba na pilipili pembeni donc ezali bileyi kitoko ba bengi fumbwa.
ID_HPCUNS,ezali ba tata kasi moko afandi aza pembeni ya tata soda oyo mosusu pembeni azali kolakisa lisapi na ye boye soki bazolanda nini koyeba te eloko bazosala balati bango nyonso bilamba ya mwindo.
ID_EPSMXE,furegi iri rakagadzirwa nemavara anoti kudenga kwekutanga kune ruvara rutema uchitevedzera nemutsara kane ruvara ruchena kuchiteverwa nerumwe ruvara rutsvuku rune trianguri yebhuruu mukati pachitevera zvakare kamukarainikatkamutsara kachena kwachierwazvakare neruvara rekupedzesera rinova ruvara rwegirinhi.
ID_UJQPMH,bata bata regirini rine mabhande ane ruvara rwegoridhe akagadzikwa pamusoro pejira jena iro rinopfekwa nemunhukadzi kana vanhurume kana kuti inge kuchipisa kana kushandisa pakugezesa.
ID_CXBMDD,tambo iri kuonekwa yemagetsi yakagadzikwa pasi pamatairozi ari kukwakwamhuka neruvara rutsvuku neruvara rwebhurawuni mitsetse nechekumberi tambo yakabatanidzwa nemudziyo une ruvara ruchena.
ID_OIEWKO,elenge mobali atelemi liboso ya elembo ya airtel elembo yango eza na langi ya motane na pembe ye moko alati elamba ya langi ya mosaka.
ID_TOSHMK,na bilili oyo nali komona molangi moko batiango likolo ya mesa ya kitoko namoni pe bakiti bakiti wana eza na ba langi ya longondo nde namoni balakisi nga aa.
ID_SOQAUT,na elili oyo tozali komona biloko ebele te eloko tomoni kaka eza na kati ya ndako na se tozomona ndako yango eza ya monene mingi na ba karo ya minene na se.
ID_VNQOPK,awa nakomona eza atelie ba mashine ezali wana ba machine ya ko nika fufu ekonika masangu ekonika nguba biloko nyonso na komona eza ba mashine mashine esika batekisaka ba machine pe ba kosala pe ba machine.
ID_TDKZJK,crayon ya malangi pake ya liboso eza na langi ya bozinga mosusu eza na langi ya chokola crayo mosusu eza na langi ya pondu mosusu eza na langi ya bozinga ya mapata mosusu eza na langi ya pondu mosusu eza na langi ya rose mosusu eza na langi ya longondo mosusu na langi ya mosaka mosusu za na langi ya lilala.
ID_GWDPBR,awa namoni toza na kati ya kelasi namoni bana ya kelasi bafandi nase moko aza liboso azo koma na molakisi na bango pe afandi pembeni na bango nyoso balati ba biloko na motu.
ID_SAHAQF,mushina wamagetsi wakakwadaburwa kuita zvipisizvipisi uye tambo dzinobatanidza moto dzangoti nyuchi ose kose.
ID_LBUPDF,bandeko esika esika tokomi awa nazomona bazo lakisa nga na miso na ngai eza esika oyo ba tekisaka ba biloko ebengami na monoko ya lingala ba mbabola nazomona awa eza mbabola oyo ba bongisaka yango na ba manzanza.
ID_LIOGPY,ba mapapa ya sika oyo ya bana basi na moni eza na ba langi ekeseni namoni eza oyo eza na langi ya mosaka mosusu eza na langi ya pembe mosusu eza na lange ya moindo na mosusu pe eza na langi ya shokola eza esika oyo bazo tekisa yango.
ID_TPVSMA,tafura yakagadzikwa zvinhu zvinoshandiswa mumahofisi muzvikoro kana mune dzimwewo nzvimbo dzakasiyana siyana zvakaita sema penzura ayo anoshandiswa kunyora kana kudhirowa zvigero zvinoshandiswa kucheka nemabhuku anoshandiswa kunyorerwa.
ID_ZXGTRS,eloko nazomona awa na misu na nga ba ndeko na moni naza na kati kati ya lopango lopango oyo na moni eza na mwa porte moko ya langi ya motane pembeni na porte wana namoni koza mwa nzete moko boye ya monene e.
ID_JHHVQW,musasa wokutengesera wakapfurirwa nemapurasitiki matema uri parutivi pemugwagwa wetara mumugwagwa mune munhu arikufamba uye pane tambo dzemagetsi dziri kufamba dzichitevera mugwagwa.
ID_WSBTTM,buku ya bana kelasi ya motoba ekolakisa bango lolenge ya kotanga pe kokoma ortographe.
ID_YUELGH,awa nazomona logo bakomi luxiobeutyland.
ID_BEBWRK,tsangamidzi yakagadzikwa patafura yakachekwa mapisi chimwe chidimbu chakasiiwa chakadaro inogona kudyiwa yakadaro kana kuita zvekubikwa.
ID_KCUAHT,awa namoni bo lakisi biso batu oyo bazo sala sport ya vole baza bana basi ba lati kilote.
ID_RBHTCP,bendela oyo eza liboso na nga eza bendela moko ya kitoko bendela oyo eza na ba langi ebele ya motane ya bozinga ya pembe mpe na oyo ya mosaka.
ID_ODGKGY,makolo mibale ya sapatu mpona mibali eza bongo na langi ya move.
ID_RHZQWU,awa tozali komona ezali bendele bendele yango tomoni ezali na balangi oyo ya bolulu ya pepe ya motane tomoni ezali na minzoto oyo babengi ba etoile ezali na langi ya mosaka soki ezali mboka nini toyebi te.
ID_WIBEDZ,foto oyo elakisi biso buku mayangani.
ID_MGDHTX,elili oyo e kolakisa nzela ya munene ya goudron na kati ya zamba nzela eza na milongo ya langi ya pembe bato baza na loboko ya mwasi bakoleka na loboko pe ya mobali bato baza koleka nakati ya zamba monene.
ID_XVWCUU,awa tozali komona bato mingi tozo mona ba elenge mibali batelemi oyo bazali kosala makambo ya miziki ya kobina baza na tolo pamba alati eloko te na likolo kasi na se balati biloko ya langi ya mosaka tomoni na basi mibale pe baza na kati na bango mosala na bango ezali ko bina koyemba yango wana aza kolakisa biso.
ID_PNORCR,na bilili oyo toli komona eza moto ali komona eza na ba moteur ebele pe ya kitoko moto oyo eza na langi ya bozinga.
ID_ISSMME,awa na moni eza esika ba sambelaka liboso na ngai nazo mona mesa likolo ya mesa nazo mona chapelet moko ya molayi ya kitoko mingi.
ID_JTAVKT,bato ebele bazali esika matanga ezali sanduku ya moto akufi ezali wana liboso moto moko azoyemba asimbi micro na maboko oyo ematisaka mongongo ya motu.
ID_JKWHQU,vanhu varikufamba mupevhumendi uye juraworo miti dzakareba mashizha emujakaranda akadonhera pasi zvigubhu zvakadonhera zvakare pasi mu.
ID_KXHRFU,na foto oyo namoni ba lakisi nga awa eza ba joueur batelemi na kati ya terrain bali ko kanga bango foto pe balati bilamba ekokani na oyo ba liboso ndeko oyo balati bilamba ya langi ya mosaka.
ID_ALYEKY,rokesheni rune dzimba dzakawanda pane iri padivi ine denga rine mataira matema pamberi payo pane motokari chena imwe ine denga rine marata egirinhi parutivi pedzimba pane marambi emumugwagwa.
ID_KJKKHS,awa na moni bato ebele batelemi na ndako pembeni ya motuka nayebi te bazosala nini.
ID_GKEQRS,liboso na ngai nazomona balabala moko ya monene likolo na yango nazo mona bato ebele ba telemi ba mosusu bazo tambola.
ID_YPRMZQ,chirimwa chemaepuro chine kara tsvuku mashizha egirinhi mutanda wacho webhurauni nemashizha mamwe ered.
ID_JGYBLF,mapushi erudzi rwepfumbu maviri rimwe rakatsika rimwe erudzi rwepuma ari kuratidza kusakara asi akachena zvawo akagara pasi perudzi rwepfumbu nemitsetse mitema.
ID_UKNAIE,liboso na nga awa na moni toza na kati ya ndako pe tomoni bati ba kiti ya kitoko ba divan na kamwa mesa na kati ya ndako nde yango bazolakisa biso.
ID_ETBDET,vakomana vari munhandare inotambirwa bhora.
ID_SXHEXC,na foto oyo nali komona eza logo ya equipe wana balobaka yango atletico madrid nde nali komona balakisi nga.
ID_NQRVCV,elili oyo eza elili ya sango namoni na se bakomi paroise catholique se an paul eza ndako ya nzambe oyo ya ba catholique.
ID_QQBRNC,shiri yemhando yeshiri dzinowanikwa pedo pakawanda mvura ine makumbo marefu nehuro yakareba iri kufamba kuchiita seiri kuda kubhururuka kana seichangomhara yakasimudza mapapiro ayo ine ruvara rwebhurauni ruchena nerutema.
ID_GRNIBG,foto eza liboso na biso na moni mwa sani moko ya kitoko mpenza eza likolo ya mesa namoni na kati bamwa ndunda moko ya kitoko mpenza pe na mwa pilipili oyo ya langi ya mayi ya pondu eza nano mobeso pe ezalaka kitoko mpenza pe epesaka mwa solo ya kitoko na kati ya bileyi.
ID_WHTMGC,shangu tsvuku mbiri idzi dzinoshandiswa pamujawo kana pakumhanya uye shangu idzi dzinosungwa pamusoro kuitira kuti shoka nyatsobata zvakanaka.
ID_SAJIZD,na moni photo oyo bo lakisi biso eza mobali atelemi aza na bale na kati ya maboko na ye na batu mosusu bavandi na nsima na ye.
ID_CBWTCL,awa nazo komona ba flacon ya mafuta ya kopakola eza mine yango nyonso eza marke moko texirieezamafuta ya kopakola.
ID_MJORJS,na elili oyo elili ezali kolakisa biso etaleli ya mosika ya libanda ya esika ya botekisi na esika yango nazomona ezali na bilembo bilembo ya botekisi esika bakomi na monoko na lokota ya bopaya wewa.
ID_JXEBBV,temberi imwe chete ine mudhuri mutsvuku pamusoro pawo pane chikwangwani chakanyorwa chichena chine mavara matema pamusoro pane denga remarata.
ID_OYEAHK,foto oyo namoni liboso na ngai namoni moko oyo asimbi mwa molangi ya mafuta ya basi mafuta oyo ezalaka kitoko mpona nzoto ya basi basi soki bakali yango ezalaka kitoko mpenza pena nzoto ya sembesembe.
ID_XLNHAF,na elili oyo tozomona esika bazolakisa biso moto ya loposo ya mundele azali koloba liboso na ye ezali na micro ya molai liboso na ye ezali na eloko esika bakomi na monoko ya lopoto secretaire général.
ID_PUOAUM,midziyo yekuchengetedza hanzu zvakanaka zvinoita kuti dzisaunyaneasidzigogara dzakarembera dzakakochekerwa kumuti.
ID_XBHYWJ,vakomana vanoita zvemutambo wetsiva vari pakati pemutambo wavo kune mumwe wakapfeka hembe ine ruvara rwebhuruu kuzasi hembe iyi yakanyorwa nemavara machena kuti tinzi spas koitawo mumwe wakapfeka hembe ine ruvara rutsvuku nechikabudura chine ruvara rutema neruvara ruchena.
ID_QNVSXY,liboso nangai awa namoni mutuka eza pembeni ya lopango pe eza na balabala ya mabele nde alakisi biso awa.
ID_JRCNAR,musoro wemunhukadzi wakarukwa uchishandiswa vhudzi rake rekuzvarwa naro rine ruvara rutema rareba zvekurembera kugotsi akarukwa achivhurwa mitsara mitsara ichirukwa kubva kuhuma ichidzokera kumashure ichindosiwa yakarembera.
ID_BNABME,na bilili oyo nali komona balakisi nga awa eza sapato moko ya bana basi batie likolo ya mesa to eza na balangi mibale ya motane pe ya mosaka.
ID_PRBMHZ,awa toza ko mona baza koteka ba ko ebele batiango na likolo batiango likolo ya ba nzete baza koteka yango baza ko exposer ango.
ID_KYRBIL,foto oyo elakisi biso na kati ya ndako moko ndako oyo eza kitoko mpenza pe eza pembe na ndako oyo namoni mwana mwasi ya moke avandi likolo ya mesa pe pembeni na yango asimbi mwa televisio moko ya munene.
ID_RLYSVG,shangu tema idzo dzakasonwa pamusoro padzo hadzishandiswe tambo kana munhu achinge ava kupfeka dzakaiswa pasi.
ID_CXDLKZ,awa nazomona polisie na ye awa alati elamba na ye ya mosala na ekoti ya mosala namoni pe ba polisi mosusu bazokende bazo ebele.
ID_VENALY,ba ndeko awa pe esika na komi awa eza esika na kati ya ndako mais na ndako oyo babengi yango eza ebele place balambelaka biloko ya kolia awa nazomona koza ba fruit ndenge na ndenge bazo bongisa yango mpona batia yango na mesa.
ID_GXWURJ,mureza une ruvara rwenhundurwa ruchena rutsvuku rwebhuruu uyezve une chiratidzo che tiraiengo chiri nechekuruboshwe chine ruvara rwegirini.
ID_WLATQT,panovizwa simbi panogadzirwa mawindo furemu nemadhora ayo matema pane dhiramu mukomana jenareta uye chikwangwani marara pasi.
ID_AJXJQK,awa ezali buku oyo bakomi je boukine tomoni bakomi evenement seigneur de ana yango wana bakomi baza kolakisa biso awa soki okoti na kati oko tanga koyeba biloko nini bazali koloba nakati kuna.
ID_UZQPIE,esika tokomi awa ba ndeko na ngai na omona eza obele buku eza buku moko ya kitoko mpenza buku oyo ya kosalisa bana na kelasi na moni bakomi likolo na yango buku ya francais eza buku moko ya kitoko mini.
ID_NCTBDJ,pazasi pezambuko apa pazere miti yemujatirofamujatirofa unomera pane mvura pane mapepa akawanda ayo akasvibisa nharaunda.
ID_WNDDQC,motuka oyo etelemi eza neti etelemi esika basukolaka mituka namoni bato mibale wana ba telemi bazotala yango.
ID_EUQEQC,elili oyo bali ko lakisa biso awa tomoni ezali bongo na kati ya ndako songolo nakati ya ndako yango tozomona lokolo moko ya sapatu ya ba ndeko mibali batiyango na se.
ID_WNPCLK,makicheni uniti arikutengeswa aneruvara ruchena makicheni uniti aya ane madhirowa matatu nemadhoo matatu uyezve akagara pasi pane mapuranga kune masofa zvakare anoratidza kuti ari kutengeswa muchitoro ichi.
ID_LRTXFY,kambuyu katema kari kudya mashizha egirinhi kane makumbo mana ari kuoneka.
ID_CUPYSP,na esika oyo nazomona ba nkumu bazo signer na babuku ya leta pe tomoni eza bato misato mibali mibale nandeko mwasi moko.
ID_BVLOQR,mapushi ane ruvara rwakasiyana runoti yero mutema nemachena ebhurauni neyekirimu ayo anopfekwa nevanhukadzi akagadzirwa nemachira pamusoro akasimba.
ID_GGLQZP,na bilili oyo nali komona balakisi nga awa na batu ebele ba mama pe ba mobali bafandi na moni papa moko atelemi azo loba na bango mpe balati ba cashe nez.
ID_AGTPRM,awa toza komona mesa na bakiti mibale tozo mona batie yango esika moko bazo lakisa biso ndenge ezali kitoko tomoni likolo ya mesa mwa kopo moko ezali kitoko mpenza ezali kitoko ndenge bazo kolakisa biso yango awa.
ID_LYKQXB,ba joueur oyo mibale bazali na kati ya terrain balati bilamba ya kokokana pe eza na langi ya mayi ya pondu ezali pe na langi ya mosaka ba za ba joueur.
ID_TAAQQG,zingizi rine musoro mutema nemuviri mutema une mitaro yeruvara rwegoridhe nemapapiro ane ruvara rwepfumbu rakamira pamusoro pechirimwa chine ruvara rwegoridhe rinoratidza kuti riri kudya mukati meruvanechekumashure kunoratidza kuti maruva aya ruvara rwegoridhe akawanda achienda.
ID_LTOEWY,oyo eza lokolo ya sapato ya mwana mwasi batiyango na mabele ezali sapato ya kitoko penza batiango na mabele na kati na yango ezali bululu na likolo eza na ba langi ebele mwa ba biloko batie na likolo ya motane ya pembe ya mwindo eza likolo ya sapato ya mwana mwasi eza penza kitoko kitoko kitoko mingi.
ID_BRRHVM,esika to komi awa bandeko eza na kati ya balabala na balabala oyo na moni eza mwa motuka motuka ya langi ya mai ya pondu epi libanda ya motuka oyo nazomona eza mwa mama moko azotekisa bamikate.
ID_NXAUAF,awa tozali komona elenge mobali ya telemi abetaka ndembo ya makolo tomoni alati ba uniforme na ye oyo ezali ya mayi ya pondu tomoni ata telemi na terrain.
ID_DNOWAN,awa tozali komona baza kolakisa biso elamba moko ezali monene ezali lokola kitenge moko ya monene kasi ezali kitoko eza na ba langi ya bululu na mai ya pondu tozali komona ezali kitok.
ID_AEYASK,esika tokomi awa nazomona na miso nangai balakisi ngai bana mabanga ya minene penza ba minene minene pe na nsima mabanga minene minene oyo nazomona bato ebele bazotala ba mabanga.
ID_TJWMHI,derere rechipuzi rakabatwa mumaoko rimwe riri pasi muchibhasikiti derere rine mhumhu mupfupi uye rakakora derere rinonaka kwazvo kudyisa nesadza.
ID_DCXYVX,photo oyo na moni liboso na nga eza photo ba bengaka monoko a poto logo logo wana eza bato bakomi architecture batia na adresse telefonique awa bato basalaka batongaka bandako nde namoni yango liboso na nga.
ID_OGFYLY,dhekodha riri pasi dhekodha iri rine ruvara rutema rakanyorwa namavara machena namavara matema kuti kana bhokisi rinoratidza kuti rakabatidzwa uye rakanaka.
ID_GHLRHR,komichi yegirazi ine ruvara rwegirinhi yakagadzikwa mundiro yegirazi ine mavara machena neebhuruu parutivi pane ndiro dzedhaga.
ID_JKLYVJ,zvishongo zvemumaoko zvakasungirirwa pamucheka pane wachi yakakura ine pamusoro pegoridhe yakashongedzwa mukati nechinhu chinenge rese nechimwewo chiri kurutivi rwerudyi ine bhandi rebhurauni poita chimwe chishongedzo chitema chine pamwe pegoridhe zvishongedzo zvakanaka nekuti zvinowedzera vadzimai kunaka uyewo zvinoenderana nebhutsu kana mabhegi vanenge vakapakatira.
ID_VCINKB,murume ari pakati pekugadzira injini yemotokari injini iyi ine mavara mavara nechemukati ine ruvara rutema kunze yoita ruvara rwesirivheri nechepamusoro ine maburi maburi uyezve ine kuti simbi simbi vakangobata abatana.
ID_PYLEZL,iharaifokoimbezo ibadzatinoshandisa kurima midziyo iyi midziyo inoshandiswa pamba.
ID_HVVTQF,awa na moni toza likolo ya ngomba moko ya monene na moni eza na mwana mwasi moko oyo azoleka na nzela moko na kati ya zamba wana namoni pe pembeni naye eza na matiti ebele.
ID_JDBNBJ,musikana akamira kumusoro wakapfeka hembe ine mavara akarerekera kuruvara rwechisoja ine mavara matema mavara akarerekera kwegirinhi nemavara machena kuzasi wakapfeka mutirauzi wakabvaruka mumabvi mutirauzi uyu une ruvara rutema kumakumbo wakapfeka shangu mapatapata ane ruvara rwutema nechepamusoro necheparutivi ine kasimbi kane ruvara rwesirivheri.
ID_CUHHNH,oyo na kati ya ndako esika babongisi yango bien pona koyamba bapaya mpo na kofanda mosala ya kopema.
ID_QYYXVJ,motuka ya monene efandami liboso ya ndako motuka oyo ekoki komema biloko ya ndenge na ndenge ezali motuka ya monene oyo tokoki kobenga pe to pesi pe ememaka biloko ya makasi munene makasi.
ID_ABXLTD,ba mama kasi azo tambola na mwana na ye mama wana alati elamba ya milai kasi yango eza na langi ya pembe eza na kati na langi ya mbwe pe na langi ya mwindu kasi azosimba mwana na ye na loboko ba tambola.
ID_MACGWC,zvivakwa zviri mukati medhorobha uye mune motokari dziri kufamba mumugwagwa dzimwe dzakamiswa padivi pemugwagwa imwe ine ruvara rutsvuku imwe ine ruvara ruchena uye imwe ine ruvara rwebhuruu.
ID_ODFKRY,awa na moni ba lakisi nga likolo ya mesa oyo batie sani ya kitoko na kati ya sani oyo namoni biloko ya kolia pilipili ba misuni pe na ba légume.
ID_KQOSNA,batanaimo inzvimbo inezvitoro zvakawanda zviri mairi chimwe chezvitoro chiripo iti visas pane motokari mbiri chena nenhema dzakamira pamberi pechivakwa ichi.
ID_EYKBKF,na bala bala oyo namoni motuka moko ezoleka eza na langi ya mbwe eza na bato baza na kati moto mosusu afandi na nsima alati bilamba ya bozinga namoni pe eza na motuka mosusu yango pe ezoleka na balabala na mopanzi kuna namoni eza na lopango moko ya mosaka liboso yango eza na banzete ebele.
ID_DECRKT,varume nevakadzi vakamira vatatu vakachonjomara pasi vose vakapfeka zvakafanana vakapfeka zvichena kumusoro nemasiketi ejira rine mavara akasiyana anoti bhuruu nematsvuku varume vakaisa machira muhuro.
ID_BNWLVQ,tomoni papa na bana na ye aza ko kata mwana na ye suki pembeni na bango eza bana mibale baza kosakana toza komona kuna mosika baza neti baza na piscine.
ID_KITUNQ,motokari iri kufamba iri mumugwagwa mukuru uyezve yadarika nepane biriji rihombesarinemapambi akawanda machena neepepuru.
ID_AJLYXZ,mberi kwemba kune furenjidhoo ine mabha machena uye mahwindo ari kuoneka mukati mune masofa eorenji nemetiripadhoo yekaki ine zvitema panze pefurepanematairesi aripasi.
ID_XYSGOD,umu muchitoro munoita zvekutengesa midziyo yekubikira mimwe midziyo ine mibato mitema mimwe midziyo ine mibato yeruvara rwegoridhe.
ID_XXFOBP,awa na moni eza milangi mingi nakati ya milangi namoni eza ba savon ya likide yako sokola maboko nde nazo mona awa moko eza na couleur ya vert na mosusu eza na couleur ya rouge nde azomona.
ID_HQEFTR,oyo na moni eza sandale ya mibale soki olingi pema makolo epema olata kaka ba sandale oyo ezalaka kitoko soki mutu alati yango ayokaka malamu makolo ezalaka bien nde omona bato nyoso balingaka ba sandale oyo.
ID_KYQFZI,ba carton ya ba kaye ya ba farde balade babi ya koteka mpona bana ya kelasi.
ID_UFHMFI,mudhuri wakapendewa uri kuratidza ruvara rwebhuruu pane mifananidzo yevanhu vakagerewa misoro zvigero nemapanga nemaoko nechemukati pane muti wemubhanana uneruvara mashizha ane ruvara rwebhuruu rwegirinhi.
ID_ZSCIPF,vatambi vesport yekiriketi vari munhandare yavo yekutambira kiriketi nevamwe vakapfeka nhumbi dzakafanana dzinobvira kumusoro ichidzira zasi uyezve vakapfeka mabhurugwa matema nemasinika akasimba.
ID_YBFFUC,chidyiwachinonzi tsangamidzi chinomera muvhu chinonzi chinorapa zvirwere zvakasiyana kusanganisira mudumbu nedzihwa nezvikosoroinovava imwe iri apa yakachekwa.
ID_RRJHAQ,murume uyu ari kuchengetedza chivanhu muruoko rwake akabata mukondo akapfeka matehwe nechepadumbu pake pane nyanga yaakasungira nedhende dzvuku mumaoko ake mune matehwe.
ID_GUMKQC,oyo baza ko lakisa biso ndako tomoni ndako oyo batongi kitoko nde baza kolakisa biso awa tomoni ezali na banzete kuna na kati na ba jardin moko kazali libanda.
ID_DFSMMS,liboso na biso tomoni awa aza mannequin balatisi ye na liputa bazolakisa motindo nini liputa batongaki ango.
ID_VMYHSN,shangu mbiri imwe yakagara pamusoro peimwe dzine ruvara rutema dzinoratidza kuti shangu dzerudzi rwesanduru dzakavhurika kumberi dzine ruvara rutema mukati dzakanyorwa neruvara rwegoridhe asi pamusoro dzineruvara ruchena neruvara rutema dzakagara pasi pane ruvara rwepfumbu neruvara rutema.
ID_OFMRHS,miti dzakawanda dzemarudzi akasiyana siyana umwe une maruva epepuru ndewemujakaranda pamberi pane bhusita remasayi sayi rakagadzirwa nemasimbi akareba uye ane mavara matsvuku nemachena.
ID_WBZRLQ,balakisi biso awa motu ya mwana mwasi bakangi ye suki nde azo lakisa biso motindo nini ba kangi suki yango.
ID_JCDLVE,awa tozali komona bazali ko lakisa biso ndako moko ya etage ezali na langi oyo ezali ya mosaka na pembe kasi tomoni ekuki na yango oyo babengi portail ezali ya mwindo kasi na cloture ezali ya pembe tomoni na bafololo ezali pembeni na yango.
ID_JEKZXG,awa na moni balakisi biso ba saani oyo babombaka biloko na kati ya mesa.
ID_KTMEGI,namoni awa eza na stade ya basket namoni bana mibali bazobeta basket.
ID_SEZFBH,bana kelasi batelemi awa na ba lakisi ba memi ba buku na maboko.
ID_KXVLRC,na elili oyo nazo mona esika bazo lakisa biso motuka motuka eza na langi ya mobesu ba fongoli na nsima esika nazo mona eza na masaki ya bitungu ibale.
ID_NEMBWZ,varume vanoratidza kuti ndeve mutambo vakapfeka nguwo dzakafanana dzine ruvara rumwe chete ruchena nezvitema vakapfeka shangu dzakasiyana siyana vamwe vakamira vamwe vakakotamira.
ID_DVUHKU,awa tozali komona ebale ekoki kozala riva congo tomoni na kati tomoni bato ba bwato etelemi na kati ya mai tomoni ebale yango kuna na kati tomoni ba matiti ezali na katikati ya ebale tomoni mwa matiti yango wana tomoni ezali ba ekoki kozala congo river.
ID_XOSHIU,awa tozali komona ezali na kati ya nzela tomoni balakisi biso bisi moko ya monene mpenza ezali na langi oyo ya pembe kasi ezali kokende na pembeni yango tomoni bato bazali koleka azali ko kende esika songolo.
ID_TBHFHI,mwasi moko alati kitoko ba liputa kitoko liputa yango eza na langi ya bosakapenalangi ya bozinga mwasi yango akangi suki na bien alati matalatala azosala aza liboso ya mashine na ye na mikanda naye na maboko.
ID_YOANOW,ndiro ine ruvara rutsvuku ine chikafu yakagadzikwa pamusoro petafura ine ruvara rwebhurawuni ndiro iyi yakapakurirwa sadza sadza rine ruvara ruchena uye mune nyama yakakangwa zvinonwisa mvura ine ruvara rwebhurauni padivi pane girazi rine chinwiwa chine ruvara rweorenji.
ID_PUXKZB,vasikana vanotamba bhora vakamira vakaisa maoko kumashure vakatarisa mberi vakapfeka shangu masokisi uye mabhurukwa ruvara rutsvuku nehembe dzeruvara rwegirini.
ID_BNBXHO,vana vaviri vari kuratidzwa mumufananidzo uyu vari kuita sevari kuda kutenga zvinhu pamusika vana ava vakapfeka nhumbi dzechikoro uyezve vana ava vakabereka mabhegi emabhuku mutengesi ari pamusika uyu akagara pachigubhu cheyero.
ID_BMAMTU,shangu imwe chete yemunhukadzi yekurutivi rweruboshwe yakavhurika ine pekukochekera ine zvitambo ine ruvara rwebhurauni pamusoro nepingi kumativi.
ID_XBNVDS,shangu dzekutambisa mutambo vazhinji vanotambisa shangu idzi mutambo wenhabvu shangu idzi dzine ruvara rwakada kurerekera kuruvara rwenhundurwa pamusoro murutivi dzine ruvara ruchena nechekumashure dzine ruvara rutema.
ID_JDMXJQ,mapundo akamera akawanda chaizvo anoratidza kuti ndee ruvara rwebumhudza uye ndeye rudzi rumwe tete panoonekera sekuti pane panga pachisakurwa pachibviswa mapundo iwaya asi kuti chakawanda ari pasatapiswa.
ID_LLFEAD,tsuro dzakati wandei dziri muchirugu chakagadzirwa nemapuranga uye nefenzi muchirugu umu mune mahuswa pasi kuitira kuti tsuro dzigare uye dzisabaiwa nematanda iri pasi.
ID_CIXTAN,kapuka kadiki kakamhara pasi kapuka kacho kakaita senyuchi kane musoro wakakura uyewo kane mapapiro kapuka kacho kanogona kubhururuka.
ID_RYIGAJ,zvinowedzeredza runako zvinopfekwa mumaoko zvakapfekwa zvine mavara mavara akawanda zvakapfekwa nemunhu tema muruoko rwake.
ID_NRYMLU,mwa balabala ya kitoko mpenza pe na balabala oyo namoni bato mibale namoni baza likolo ya mwa moto bato oyo emonani baza bamwa polisie na moni ba lati ba mwa elamba na bango pe sima na yango na moni mutuka oyo eza ko kende oyo yango minibus pe namoni pembeni ya balabala oyo ba mwa parapluie na bamwa biloko bato baza kotekisa yango eza balabala ya kitoko mpenza.
ID_NIXPQE,mbeto batandi badra ya pembe pe na ba coussin na tapi ya langi ya motani esangani na langi ya chokola fololo na mesa ya liboso awa pe na mopanzi kuna fololo na ngolomani na nsima ya mbeto yango na langi ya mosaka batie pe bilei na plateau biloko ba zwaka ya kolia na tongo.
ID_SSZFJO,awa na moni eza esika batekisaka bakiti liboso na ngai nazomona kiti moko ya kitoko mingi eza na balangi misato langi ya liboso eza pembe langi ya mibale ezali ya moindo ezali ya mosaka.
ID_WOPOVQ,esika na komi awa bandeko na omona baolakisa ngai na mpepo na pepo oyo na moni bao lakisa ngai eloko ba bengi na monoko ya lopoto eza obele hélicoptère ezotambola na pepo.
ID_HVDLMN,muti webhurauni unemakwande nemitanda muhombe pasi pawo pane mumvuri wawo nesora rakaoma rekaki uye jecha dzvuku necheparutivi pane mugwagwa wetara kumberi kune jurahoro ine mapani mukati mayo mune muti wemujakaranda une maruva epepuro neimwe yemapini.
ID_SXNTQP,muriwo uri mundiro muriwo uyu wakabikwa zvakanaka zvinonwisa mvura kune ruvara rwegirinhi uye yakaisa hudobidobi hune ruvara rutsvuku uye yero.
ID_SVEIZO,shiri ina makumbo marefu iri tema nemutsipa wakareba nemuromo wakareba yakatakura vana vayo kumusana vane ruvara rwebhurauni shiri iyi iri pane masora ane ruvara rwegirinhi.
ID_MVWCPO,mvuu mbiri dziri mumvura imwe inoratidza kuti ndiyo mai imwe imwana nekuti duku dzine ganda rine mavara ebhurawuni nematema.
ID_NNEJUC,vanhurume vana vakabatana maoko vakamira vakapfeka nhumbi dzekutambisa mutambo vakapfeka shangu nemasokisi zvakasiyana vakamira vakasanganisa maoko avo pamwe chete vakabatana varikuratidza kuti varikutorwa mufananidzo nechekurutivi kune miti yakawanda iriko nezvivakwa zviri nechekumashure pavakamira pane huswa hwakaoma.
ID_SPPKTX,pamberi pezvitoro zvakapfirirwa nemarata pane vanhu vakawanda vamwe varikufamba vachitevedza mugwagwa vamwe varikudimbura mugwagwa pane murume akapfeka shati yebhuruu netirauzi dema mukadzi akapfeka shati chena netirauzi dzvuku mai vakapfeka siketi chena nebhurauzi reyero.
ID_JIWBNE,awa na moni eza ba sapato ya basi ba sapato mingi eza kitoko penza namoni eza na ba langi mingi ba langi ya mosaka pe balangi ya moindo nde na moni yango.
ID_BSCHXE,liboso nanga na moni mwana mwasi mwana mwasi kitoko ya pembe na loboko na ye namoni azwi oyo ba bengaka na monoko ya poto sakama alati pantalon ya bozinga pe na moni batongiye suki naye malamu na suki na ye eza na balangi ya motane nde namoni yango liboso nanga.
ID_ATIDGP,kapuka kasiri kunyatsooneka kumashure kwacho kapuka kacho kane ruvara rwegirinhi makumbo maviri arikuoneka matete asi ane zvekubatira kumberi panewo kamwe kakada kuita kunge kahuswakakareba kane ruvara rutema kakakwira mudenga achibva achipuka chacho.
ID_UZPOHC,shiri imwe chete iri mudendere yaro riri mumuti mukuru une mashizha egirini ine mavara ebhurawuni namachena.
ID_ZZXYLS,na esika oyo bazali ko lakisa biso eloko ba bengi moneneealnya.
ID_HRTYFL,murume akamira padivi pejurawo nemapanera akajoenedzwajoenedzwa pane miti yemijakaranda ine mashizha nemaruva epepuru akamira murume padivi akatarisana nematombo padivi pemugwagwa wetara akapfeka mutirauzi mutema nehembe yebhuruu kumusoro.
ID_SUQHVC,mbudzi nhanhatu dzine ruvara ruchena nemusoro yakandotsvukuruka mbiri dzirikufamba mumugwagwa pasi dzimwe ina dziri padhuze nemudhuri wemba.
ID_WLVCIE,shangu imwe chete yakagadzikwa pasi pane ruvara ruchena shangu iyi itenesi ine ruvara rutema yoita madododo eruvara rwegireyi nechemukati ine ruvara rutema koita netambo dzine ruvara rutema.
ID_FOKRFJ,na elili oyo nazali bongo komona loboko ya moto asimbi lopete azo lakisa biso lopete lopete oyo ndenge na moni eza lopete oyo balataka mpo na libala te to eloko songolo pe tomoni ezali bongo na kati ya nako.
ID_YQXMBU,awa tomoni ndako moko esili te esengeli ba bongisi yango ekomi ya paka ekomi esali mikolo ebele esengeli basala eloko babengi rénovation.
ID_LHDEEV,nhundurwa dzine mavara ezerere netwuchenaadzina kuibva dzimwe dzacho dzakachekwa kuitwa madenderedzwa matatu.
ID_CUDWBK,munhukadzi akachena akapfeka hembe ine ruvara ruchena runotsvedzereramuhuro make akapfeka mhete musoro wakagadzirwa zvinonwisa mvura mumaoko mune mhete muzvigunwe mune mhetewo zvakare.
ID_ARVDNP,foto elakisi biso mwa loboko esimbi mwa kisi kisi oyo eza kisi ya kitoko kisi oyo ebomaka ba mwa nyama oyo ezalaka na libumu ya mutu oyo etindaka bato ba beli na mwa libumu pe bayoki mpasi kisi oyo kombo nango tozo etana sol oyo ezalaka makasi penza.
ID_EROPVG,miti yemijakaranda mihombe ine tangi yakakura ine makwande ebhurawuni nestreti raiti irikuoneka rakanamirwa mapositasimberi kune juraworo nemiti yemupaini uye yemijakaranda ine maruva epepuro pasi pane chigubhu chakadonha nehuswa hwakaoma nejecha.
ID_VYRCXO,awa eza esika bakonzi batelemelaka makambo ya kelasi a ndako ya kitoko.
ID_HYKQPA,chimushini chakatsvetwa pasi paivhu chine ruvara rutsvuku mutema ruchena chine mavhiri marefu anotenderera chine mibato mitema negirazi chepamusoro.
