ID,Target
ID_QNYPTX,Bandeko awa na misu na ngai nazomona obele bana basi mibale ya kitoko vrama bakangi suki na bango ya kitoko pi mwasi yango pe alati shemise ya jone na moko na ye ya mipakoli ba.
ID_CLCVQW,Eloko nazomona awa na moni eza obele mama moko boye mama akokola vrema atelemi a liboso na ngai na moni mama yango alati mwa bububu mpenza moko ya kitoko atelemi na kati ya ndako na ye.
ID_INJFRV,Ishangu mbiri dzemativi ose emakumbo. Dzine ruvara rutema dzakatsvetwa pasi. Dzose dziine tambo dzokusungisa dzakakochekerwa pamusoro padzo.
ID_XKFXQJ,Mutuka esali mikolo ebele ezali ya kokufa liboso ya lopango oyo ya police toza komona batole na bafenetre ebele.
ID_TYVXWN,Miti midiki yakati rebei. Ine matanda matete nemashizha mazhinji eruvara rwebumhudza yakasvibira. Imba iri kuonekwa nechechinambwe kubva pane muti.
ID_TLYNLJ,Shiri yakamira pachitsiga chemuti ine ruvara ruchena neruvara rwebhurawuni neruvara rutema zvakasangana. Iine muchochororo murefu. Yakamira iri pachitsiga chine ruvara ruchena neruvara rwebhurawuni zvakada kuti sanganei.
ID_DHVQIV,Nzvimbo iri muguta reHarare iyo ine migwagwa yakawanda mikuru ine dzimotokari dziri kufamba. Munewo vanhu vakawanda vamwe vakagara vamwewo vari kufamba vachienda vakatsaukana.
ID_CNAAPA,Vatambi vebhora vaviri vakamira vachiratidza kuti vagadzirirwa kutorwa mufananidzo mumwe mupfupi mumwe murefu zvakareva nebvudzi rakachekererwa zvakanaka kwazvo.
ID_RVJKZK,Vanhu vakati wandei vari kufamba parutivi rwomugwagwa. Zvimwe vari kuenda uko vachawana zvekufambisa kuti vagodzokera zvakare kudzimba dzavo sezvo vapedza zvavanga vawira muguta.
ID_OZSILI,Vanhu vakagara vari kukurukura. Pane akamira nechepangoro. Munhu uyu akapfeka hembe ina maoko mapfupi ine ruvara rwebhuruu neruvara ruchena. Kuzasi akapfeka mutirauzi une ruvara rwebhuruu. Koita vamwe vakagara pasi mumwe ane hembe ine ruvara ruchena akapfeka nguwani yake ine ruvara ruchena zvakare. Kuzasi ane mutirauzi une ruvara rutema.
ID_IOLJWF,"Nzvimbo ine miti, huswa namazitombo. Pane mazitombo ane ruvara rutema neruvara ruchena. Koita miti ine mashizha ane ruvara rwegirini. Huswa huripo hune ruvara rwakachenerukira."
ID_SQYKGE,Mureza une makara maviri. Rumwe ruvara rutsvuku ndorine nzvimbo yakakura. Ruvara rwebhuruu rwuri nechekumusoro nechepakona.
ID_URHPQJ,Na elili oyo nazomona esika bazolakisa biso bana-kelasi ya mbula mikie na kati ya ndako ya kelasi bavandi nazomona elili ya mwana-kelasi ya mobali alati litala ya maso azotala liboso.
ID_NDMSAY,Shangu mbiri dzakanaka kwazvo dzine ruvara rutema dzakavhurika mberi nekushure uye dzine tambo yakakora pamberi kuitira kubata gumbo dzinopfekwa nevanhukadzi kana vanhurume.
ID_ZNLWNB,He na elili oyo eza liboso nangayi awa nazali komona mutuka mutuka moko ya munene mutuka oyo eza mutuka oyo ememaka batu oyo namunoko ya lopoto babengi bus pe bus yango ezali bongo na langi ya pembe.
ID_ZUCSAV,Chitoro chakaiswa mataira anopenya machena. Pane marokwe nehembe dzechikadzi dzirikubudikira dzirikutengeswa. Nechekumberi kunewo zvakaita samabhachi nemasutu ayo akaiswa mumapepa arikutengeswa.
ID_PFEHBE,Nzvimbo yakakomberedzwa nerusvingo uye simbi. Nzvimbo yacho iyi ine huswa husina kunyatsa kusvibira. Huswa hwacho hauna kukura. Panewo muti wakaita zvekusimwa. Nechemukati merusvingo rwakavakwa nezvidhinha mune miti mihombe iri kubudira.
ID_ECTELE,Mudhorobha mune mugwagwa unetara. Pane vanhu varikufamba vamwe varikudarika mugwagwa. Panewo motokari dzirimo dzakaita semakombi nemarori nemota diki. Zvekare mune midhuri yakavakwa ichienda mudenga.
ID_LBOBOR,Mai eza pene pene ya zamba na kati ya mai eza na ba nzete na matiti ba nzete yango eza na kasa eza na langi ya pondu matiti yango pe eza na ba kasa eza na langi ya pondu matiti moko eza ya ko kauka matiti mosusu eza ya mobeso na loboko ya mwasi ya mai oyo.
ID_OQBYLS,"Munoratidza kuti zvima firimaketi. Zvinotengesa bhutsu uyo arikuratidza kuti ane mapushi masendosi. Mapushi zveruvara rwakasiyana siyana yero, waiti, bhuruu. Madzimai achifamba achidarika vanhu vakasiyana siyana uye akatobata mwana arikufamba arikudarika achiona kuratidza kuti arikuda kutengawo zvirimo mumashoko imomo."
ID_JVWWXY,Mhando yenyoka inonzi anakonda. Yakazvimonerera pamuti. Iri pedyo nemvura. Nyoka yacho ine madododo matema asi ine ruvara rweyero.
ID_MVMHDG,"Pamufananidzo pane midziyo yakasiyana siyana yekushandisa muimba yekubikira. Midziyo mizhinji ine mibato ndirikuona banga, mugoti wokubikisa sadza, mugoti wokubikisa muriwo neimwe midziyo ine mibato yepuranga."
ID_IAQVWH,Basoda batelemi na bapolisi basoda bazali bamikonzi balati bapete ebele na lipeka mosusu aza polisi atelemi pembeni na bango bazali pe na bamosusu na nsima bilongi na bango ezomonana te.
ID_VZFEWT,Vakomana vezera rechidiki vanofarira zvemutambo. Vakapfeka hembe dzavo dzakasununguka dzavanoshandisa kana vachida kutamba. Pane mumwe ari pamberi akatarisa pasi akabata bhora.
ID_ZFGUDY,Sango hombe rine miti mizhinji yakasvibira uye rinoratidza kuva neivhu dzvuku. Rine sora rakaoma uye parikuonekwa chikomo chine miti mizhinji.
ID_WGDFIO,Imba yakashongedzwa zvinonwisa mvura. Mekutandarira mune masofa matsvuku anoenderana netafura asi rine girazi pakaiswa maruva akashongedza imba iyi. Mune zvemudenga zvishongedzo zvakanaka uyezve kumberi kunoratidza kuti kuri kuenderera nemataira ebhurauni. Imba iyi inoratidza sehotera.
ID_FECWJL,Logo ya lacoste logo ya lacoste ezalaka na langi misato eza langi ya pembe langi ya vert na langi ya mwindu na lole mangando ya motane.
ID_DYHFNJ,Munharaunda munogara vanhu zvinoratidza kuti uchangotanga kugara nekuti dzimwe dzimba dzichiri kuvakwa uyezve dzisati dzapera izvo zvinoita kuti vanhu vange vachiwana mabasa akaita sekuvaka.
ID_FEQNNF,Awa tozali komona ndako moko ezali ya kitoko babengi bakomi aelav tolizi ndako yango ezali kitoko tomoni na nsima na yango tomoni mwa ngomba moko ezali na matiti ya mai ya pondu.
ID_WBXQTC,Munhurume akapfeka nhumbi ina mavara mavara. Muhuro make akapfekawo chuma icho chine chiratidzo chomuchinjikwa nechepamberi pacho. Zvakare ane bvudziwo rakapendiwa rakachinjiwa kara.
ID_VSIQKV,"Mamwe amaturusi anoshandiswa kuita mabasa emaoko akasiyana siyana. Pane sikuru dhiraivha, pinjisi nesipanera. Pinjisi ine mubato une ruvara rutema namavara eyero. Pinjisi dzinoratidza kuti dzakarongwa nehukuru wadzo kunotanga doko kuchinopesera hombe hombe. Zvipanera zvine ruvara rutema namavara eyero zvakare."
ID_FLRZJY,Munhukadzi akarukwa musoro wake magodi marefu akangomira mira.
ID_MQDJDC,Bamafuta oyo eza ebele awa eza ya kopakola mwasi oyo atiaka ngo na motu bamosusu ya kopakola bamosusu baparfet na milangi oyo.
ID_RFARPF,Awa bazali kolakisa biso carton ekoki kozala carton ya jus ya manga mpona ekomami manga nectar.
ID_LIEJMC,Hembe yechikadzi yakareba ine ruvara rutema nezvinohwinya zveruvara rwakasiyana siyana. Iri kutengeswa muchitoro nedzimwe hembe dzakananikwa. Pane mabhegi akananikwa nevhiri remota riri kuoneka kushure.
ID_ACXWNX,Safu ya kotokisa na likayabu ya kotumba bweka bweni sani ya mbele na pilipili ya kotuta pilipili batuta.
ID_VJNISQ,Awa nazomona tondese ezali awa namoni pe ba crayon pe ezali eza bamatere oyo tosalelaka namoni pe babike pe eza wana.
ID_HKJBKE,Gedhi remba rine ruvara rutema. Riri kuratidza kuti riri mukati memiti neruzhowa rine ruvara ruchena. Panze pane miti yakawanda. Miti imwe ine ruvara rwegirini nemaruva inonhuwirira imwe miti haina maruva. Imwe miti inonzi mashirabhu nemimwe miti yakakura uye netumaruva tudiki tumwe tusingakure zvinoenda mberi.
ID_OWPLHO,Na bilili oyo tozali komona ezali basangu oyo ntango ya colonisation babandaki bokoloniser biso awa to na bangona tomoni bazali basangu balati makanzu na bango ya molai ya pembe tomoni bazali kopesa na mbote na bandeko ya mboka.
ID_XPFQKJ,Eloko balakisi ngai awa bandeko na miso na ngai eza ebele ndako moko mpenza ya kitoko ndako moko ya monene ndako balobaka monoko ya etage eza ndako ya etage epi eza ndako moko eza alangi ya pembe pembe epi bavitre nango eza alangi ya moindo.
ID_PRSUDQ,Vatambi vomutambo wekiriketi vari muHarare sipotsi kirabhu umo mune nhandare yavo iyo ina masora akasvibirira. Pane vakapfeka zveyero poitawo vane zvegirinhi vari pakati pokutamba mutambo wavo.
ID_QYCETT,Na esika tokomi awa bandeko na omona eza ba papa ebele na ba mama ebele bafandi na sale moko ya monene baza pe na ba buku na bango liboso baosala mwa eloko babengaka monoko ya lopoto mwa reunion.
ID_PAUVNP,Zvivako zviri pedyo nemugwagwa. Zvinofanira kunge zviri zvivako zvinoitirwa bhizinesi. Hazvina kukura. Nzvimbo yacho haina vanhu asi ine mugwagwa uri pedyo.
ID_YLGJGF,Nekiresi nemhete zvakatsvetwa pachimudhuri chine ruvara ruchena zvine ruvara rwegoridhe zvakabatwa neruoko kutsigirwa zvakatsvetwa pasi pane ruvara rwegirini.
ID_NYOCNO,Munhurume nekadzi vari kuteverana. Munhukadzi akabereka mwana kumusana netauro rine ruvara riri mitsetse michena nezvitsvuku. Pamberi mumwe makapfeka nhumbi ine maoko mapfupi eruvara rwebhuruu neye kuzasi bhurugwa rakareba rine ruvara rwebhuruu.
ID_RMLTDJ,"Mushina unoshanda namagetsi uri pasi pane ruvara rwebhurauni. Mushina uyu unoshandiswa muzvikuru, muzvidzidzo kana mumahofisi pakunyora tsamba kana mamwe magwaruwo. Une ruvara rwesirivha uyezve pane mucherechedzo wehapuro pamusoro pemushina uyu."
ID_ZOGMYL,Ndege huru iri mudenga. Yakaburitsa mavhiri ayo kuratidza kuti inoda kumhara. Ichena uye yakanyorwa namavara matema parutivi payo.
ID_HGTFYG,Awa tozomona ezali nyama babengi panthere nde baza kolakisa biso awa tozali komona ezali buku oyo babengi images tok tomoni panthere nde balakisi awa soki okoti na kati okayeba makambo panthere esalaka.
ID_DNCKDJ,Liboso na ngai awa na moni mwana moko ya mobali atelemi amemi mwa eloko ya libende nsima na ye na moni ba biloko moko ya salete salete na mwa ndako oyo ya kala.
ID_RIWQZN,Chidhindo chinoshandiswa navanhu kunyanya mumahofisi chinoratidzawo mvumo yekuita zvinhu pangava pabepa kana kuti pai pachingada kuiswa. Chinonyanya kushandiswa nevakuru venzvimbo.
ID_LUJEWA,Namoni ezali mafuta ya kopakola baza koteka yango eza mafuta modele mingi ezali wana kati kote batekaka bamafuta.
ID_FKSFHH,Shangu dzekurudyi nedzekuruboshwe. Dzine ruvara ruchena nerwebhuruu yakacheneruka. Pane kamufananidzo kenayiki kakanyorwa nezvitema. Dzine tambo chena.
ID_SGJXRJ,Chibhetibheti chine ruvara ruchena. Chinooneka zvakare ruvara rutsvuku zvinoratidza kuti hachina mambava akanyatsowanda. Chinogona chiri chimwana chechibhetibheti. Nechekumberi chine nzeve dzakamira chobva chaita maziso matsvuku.
ID_USZRFW,Munhurume akabereka bhegi neruoko rumwe chete. Unoratidza kuti wakatsikitsira ane zvaarikuona pamaoko ake. Wakapfeka hembe dzinopfekwa nevarume vechizvino zvino. Mumusoro make mune bharata. Kumakumbo make mune mudhebhe. Kumusoro kwake kune nhumbi.
ID_MWGZPD,Mashini oyo batie awa eza mashini oyo ebimisaka poussiere na babiloko ya electronike soki neti biloko electronike ekoti poussiere eloko oyo esalaka mpona kopepola yango.
ID_CQDCXT,Mombe ine musoro une ruvara rwebhurauni nepamuromo patema. Mombe iyi ine nyanga dzakaenda kumativi. Iri kuratidza kuti iri kutsenga nekuburitsa mazino akaenda padivi. Ine kahuswa pamuromo zvekare.
ID_MNKDTM,Nzvimbo iri kutengeserwa mhando dzefoni dzakasiyana. Mazita efoni akanyorwa pazasi uyewo foni dzakarongedzerwa muzvinhu zvemagirazi kuti vaone. Kutengesa zvinhu zvakadai zvemhando dzakasiyana kwakanaka nekuti vanhu vanouya vachitsvaka zvavanoda chaizvo uye vanhu vari kutengesa vanotowana kurarama uyewo vari kutengesa ipapo vanowanawo mabasa vanokwirwa nevaridzi vezvitoro.
ID_GPQJUU,Shangu imwe chete yechidzimai yakavharika. Ndeye ganda uye ndeye kuruboshwe. Ndeye ruvara rwepingi. Yakagadzikwa pasi pane mataira machena nematema.
ID_FFIIOR,"Na elili oyo nazo mona bazo lakisa biso etaleli ya pembeni makasi,pembeni makasi mpenza ya bikeli ya mokili nazo mona bazo lakisa biso ekeli ezali lokola pungu pungu ezali lokola ndakisa ya pungu pungu."
ID_PAKEML,Nazomona mai ya ebale ebale ba mabanga eza na batia na ba cantine misusu eza na ba bido bakata nazomona pe moto na mai azosokola maboko na bopanzi fulu ya sale to ebimaka na mai eza na mopanzi wana.
ID_SQJWFH,Bana mike ya basi batelemi bazosimba na loketo na bango moko akangi suki atie biloko ya pembe na kati mosusu pe akangi suki atie biloko ya pembe na kati moko alati elamba ya langi ya bozinga mosusu pe alati bilamba ya langi ya pembe.
ID_XSCBVZ,Chaja yorudzi rutema ine tambo refu yakamonerana monerana. Kumusoro kwayo kune tuzino tuviri twesimbi tunova tunobairirwa kumadziro kuti tutore moto chichiisa kuti tuchaje midziyo.
ID_YEGQGO,Sadza rakapakurwa nemuriwo wakanaka. Pane sadza rine ruvara ruchena koita muriwo une ruvara rwegirini kobva kwaita mashu. Mashu dzinoratidza kuti dzakanatsotsvukira uye dzinonaka.
ID_XXNSTV,Elili oyo ekolakisa loboko ya mwana mwasi ekolakisa ebombeli ya kisi ya langi ya pembe pe elili ya mwana moke alati elamba ya mosaka ya koseka kombo koma ezali na kombo pe ya kisi yango na bokono ya kobikisa.
ID_DZSHEQ,Logo ya Benoît Garnier azali specialiste asalaka biloko ya mabaya ya nzete bazosala piblisite na ye po bato baya kotala ye baluka biloko asalaka basomba yango.
ID_GKZCUH,Vasikana vana vari mukati menhandare yekutambira mutambo webhasiketibho uye vakapfeka nhumbi dzine ruvara rwebhuruu. Vasikana ava ndevechitema uyezve vane miviri iri pakati napakati.
ID_VXVHZA,Muti muhombe mitatu iri kumberi kwezvivakwa zvinobudikira zvine ruvara ruchena kwoita zvimwe zvimiti zvidiki zviri pasi pemazimiti aya.
ID_PQWWAS,Gwenzi kana kuti ruva rinoratidza kuti riri pane mvura yakawanda. Rina mashizha akasvibirira ane mizera yakasiyana. Mamwe mashizha akareba poitawo mamwe mapfupi.
ID_XGTHZP,Nzela esebebe bato bazolekaka na nzela wana ndengwana.
ID_MRAIGA,Na elili oyo ezali na kati ya ndako ya botangi banakelasi bakotanga balati pe milato ya ndenge moko ya boziga mokanda eza likolo ya mesa bakolandela ndenge bakosala na bisalisi na bango.
ID_TAJLWS,Chigayo chakakura. Chigayo ichi chine ruvara rwesirivheri. Nechepakati pacho pane ruvara rwebhuru muzasi munoratidza kuti makashama.
ID_NSIWDG,Murume akagara mumotokari. Motokari yakamira. Kumberi kwacho kune mugwagwa.
ID_YOWFFV,Nzvimbo yakaungana vanhu vamwe vari kuita zvekutengesa mbatya. Pane mudzimai wakabata mbatya dzaari kutengesa. Mudzimai uyu ari kutengesa mbatya dzine ruvara rwegirini dzimwe dzine ruvara rutsvuku dzimwewo ndidzo dzine ruvara rwebhuruu.
ID_LVPXZS,Wachi yechikadzi yegold. Kachinji kachona inowanzopiwa munhu se egifti kana kuti purezidenti kana kuti sechipo. Iri wachi yegold yechikadzi.
ID_YLFNDR,"Aya maruva, maruva echirungu. Ukatotarisa paanotona kuti anoratidza kuti anodiridzwa uye ane utano. Ukatotarisa anotona kuti akutobereka michero yawo uye ukatotarisa anotona kuti anoratidza kuti anobukira nepasi."
ID_TUTDTG,Na bilili oyo nali komona balakisinga eza bamibali bazosala ba sport oyo babengaka yango ba karate te nali komona bamosusu batelemi pembeni ya bandako kuna bali kotala bango.
ID_YUFIOJ,Awa na moni eza esika batekiselaka biloko mingi liboso na ngai nazomona na kati ya etagere bamilangi ebele bazozela bato baya kosomba.
ID_XTVWHW,Awa nazomona lokolo moko ya sapatu ya basi ezaka lokolo moko ya sapatu ya basi.
ID_ZSRKOJ,Tiri kuona mireza yenyika dzakasiyana siyana. Pane imba inoratidza kuti panosangana vanhu vachiita misangano vanobva kwakasiyana siyana kana kuti wemapato akasiyana siyana. Tichoono mishina inoratidza kuti inogona kushandiswa kutumira nhau nezvivhitivhiti.
ID_ZCEOXY,Ndako kasi eza ndako ya molai ya monene kasi ndako yango eza na lopango moko eza na lopango yango eza mwindu yango ndako yango eza neti mwa ya kala eza sika te eza esika bato bafandaka.
ID_WBDIEG,Dhorobha rine midhuri yakareba. Umwe une ruvara rwebhurauni. Mahwindo akawanda. Miti ine mashizha egirinhi. Munhu ari pamota bhaiki akapfeka ngowani yebhuruu. Motikari dzine ruvara ruchena.
ID_LBNNVO,Elili oyo nazali komona awa nazali komona ba kiti ya kitoko oyo batu balingaka mingi kotia na sima ya ndaku to esika batu basololaka libanda tomoni pe esika yango ba kiti ezali ebele.
ID_SSVFHN,Uyu mufananidzi unoratidza mureza. Mureza une ruvara rutsvuku kumusoro neruvara rutema pakati. Pakati pane ruvara ruchena pobva paita nyeredzi mbiri dzine ruvara rwegirini.
ID_EXRHDG,Vana vechidiki vari mukati menhandare yekutambira mutambo yebhora uyezve neyekumhanya. Vamwe vasikana vamwe vakomana. Vamwe vakagara pasi vamwe vakamira uyezve kudivi kune vamwewo vari kutamba vari koko.
ID_JBDFJJ,Awa pe eza lokola eza na balabala nazomona motu koka moko lokola vingt mitre ezali koleka nazomona pena ya pancarte moko ya entiere.
ID_UQGGPU,Awa na moni eza na kati ya ndako liboso na ngai nazomona baeskalier ya molai ezomata ezokende esika songolo.
ID_NKDDHC,Na balabala taxi bus na mopanzi na langi ya pembe pe na langi ya pondu awa mibali mibale bakobenda pusu mobali ya liboso alatika butula ya langi ya bozinga ya pete pe likolo motani na ekoti ya pembe esangani na bozinga mosolati mwindu mwindu pe na ekoti ya pembe liboso kuna pe mituka na mopanzi.
ID_SACORM,Awa namoni toza na kati ya terrain namoni eza na bana mibali na bana basi oyo batelemi pembeni ya terrain na nsima na bango pe namoni eza na mwa lopango moko oyo eza na mwa ndako moko ya monene ya pembe na bamatiti oyo eza liboso ya lopango.
ID_SBFDCO,"Midziyo inoshandiswa kuita mabasa amaoko pamusha. Midziyo iyi inosanganisira chigero, foko nefoshoro. Foshoro nechekumusoro kwayo ine ruvara rutema. Nechekuzasi ine ruvara rwakachenerukira. Koita zvakare chigero chine ruvara rutema nechekumusoro. Kuzasi chine ruvara rwakachenerukira zvakare."
ID_OUJCUX,Bandeko esika na komi awa nazomona bana basi bilenge bana basi awa balati babilamba ya biloko ya ba sportif baosakana na bango baosakana football baosakana sport oyo ya ndembo ya bana basi misato.
ID_PJWOTA,Saki ya mokongo ya bana-kelasi ya bana mike ezali ya bozinga ya makasi motatomboli yango po alakisa yango ezali na ba poche mibale pe ezali na ba poche pe pembeni.
ID_XFQJTD,Awa tomoni sapato ya banabasi tozali komona ezali kitoko tomoni ezali na langi oyo ezali ya motane na mwindo na kati kasi ezali ya banabasi ezali kitoko kitoko mpona kolata.
ID_MEYEQA,Awa nazomona eza lopango soki ba décorer yango nazomona pe ba fololo pe eza wana ba fololo eza na langi ya mayi ya pondu.
ID_ASIPKU,Camion eza na kati ya wenze elingi konyata biloko na se camion eza na kati ya wenze tomoni bato baza na kati ya wenze oyo camion eza koleka na kati ya wenze.
ID_NEFGZN,Zvibhodhoro zvakawanda zviri pasi zvemizera yakasiyana. Pane zviduku poitawo zvihombe zvine ruvara rutema nemivharo michena. Ndezviya zvine mishonga inoshandiswa pamishina yakaita seyekudhinda mapepa kana imwewo mishina inoshanda namapepa.
ID_EGBJZM,Awa esika nazali komona nazali komona eza lokola na zamba nazomona ba nzete mingi ndako moko to mibale nazomona pe ba ngomba moko milayi milayi.
ID_NNNBWD,Nzvimbo ine uswa namarara. Ine zvimiti miti zvakangorara pasi. Zvimiti izvi zvine ruvara rutema neruvara rwakachenerukira. Koita zvimarara zvakangorasika pese pese zvine ruvara ruchena. Uswa huripo umwe une ruvara rwegirinhi umwe une ruvara rwakachenerukira.
ID_PUGWCR,Peage oyo ba peya na langi ya mbwe eza na ba poto ya langi ya motane na langi ya pembe eza na poto mosusu eza na langi ya lilala esika mingi eza na milongo ya kotengama ya langi ya motane na langi ya pembe.
ID_SRQHVW,Na bilili oyo tozali komona liboso nabiso awa ezali bongo na balabala tozomona ba ndeko bazali kokende tomoni ba ndeko ya basi mibale bazali kokende na batu mosusu pe liboso nabango ebele.
ID_TVCMKS,Awa esika na komi awa nazo mona obele naza na balabala mais na pembeni ya balabala yango kuna nazo mona ndaku moko ya kitoko penza eza ndaku moko eza ya langi ya gris et puis na kati eza langi ya pembe eza ndaku moko ya etage ya kitoko vraiment eza pembeni kuna et puis na pembeni ya etage wana nazo mona koza ba mwa jardin ya mwa matiti matiti eza na se nako te ya parking nango.
ID_SFDNNH,Foto elakisi place oyo batekisaka bikeko na moni oyo eza biloko basi balataka pe na biloko batiaka na barido na bahotel.
ID_HXGURG,Awa namoni toza na kati ya ndako moko ya monene namoni eza na batata ebele oyo bafandi liboso na bango eza pe na batata misusu oyo bafandi bazosolola.
ID_OEWYCL,Dzimba dzakavakwa dzakabatana. Dzimba idzi dzakasiyana mavakirwa adzaitwa. Dzimwe dzine ruvara rwakachenerukira uye dzidiki. Koita imwe iri kubudikira necheparutivi inoratidza kuti yakavakwa nezvidhinha zvinozivikanwa kuti zvidhinha zvekubotswana. Zvidhinha zvi zvine ruvara rutsvuku neruvara ruchena.
ID_WXYBXH,Awa pe naokomona bilei naokomona kwanga na mopanzi mbongo na katikati batie na ndesu na mopanzi kuna batie pilipili elangi ya motani mbongo na mopanzi kuna batie tonzon.
ID_JTZFPP,Awa tozomona ezali loboko loboko yango ezomona neti eza loboko ya mwasi pe mwasi yango aza mwasi ya libala mpona lisapini ya mibale alati lopeto ezolakisa ete aza mwasi ya libala.
ID_CDDYTT,Vatambi vemutambo wetsiva vakamira vachiratidza unyanzvi hwavo. Havana kupfeka hembe kumusoro. Kuzasi vakapfeka zvikadubura. Vese havana shangu.
ID_ISOCJR,"Awa namoni balakisi biso eza elamba ya langi ya motane,langi ya motane,langi ya bozinga,langi ya bozinga"
ID_JXFHBA,Shangu yerudzi rwetenesi iri imwe chete ine ruvara rwebhuruu neruchena pamberi pacho yakasungwa netambo.
ID_DUCAYT,Bato mingi bavandi mibali na basi basimbi mikanda bazokoma bazolanda bango nyonso makambo bazoteya bango.
ID_CNEWVO,Mafuta ya kopakola ya bana.
ID_EIDXID,Liboso na ngai nazomona mesa moko ya kitoko likolo na yango nazomona bafololo mibale.
ID_SLVCBA,Bhutsu dzinopfekwa nemadzimai. Dzakagadzikwa pasi. Bhutsu dzacho dzakagadzirwa zviri nyore uye dzine akaita mabhande uye dzine ruvara rwebhuruu. Bhutsu dzacho ndedzevaya panofarira zvemucheno.
ID_FWBYPB,Nazomona na elili oyo esika bazolakisa biso milangi ebele etandemi ezali lokola eza na ndako ya botekisi nazomona ezali lokola lisaleli ya bamama mpona kosunga poso ya bana na monoko ya lopoto babengi yango poudre.
ID_MDBXFH,Muchina unoshandiswa kusona hembe. Muchina uyu wakabatanidzwa netebhuru ine ruvara rwebhurauni. Kuzasi kune simbi dzine ruvara rutsvuku. Uyewo muchina wachona une ruvara ruchena neruvara rwebhuruu.
ID_OXFWCP,Magirana dhira akawanda. Ndeeyero uye ane mavara egirinhi. Rimwe chete rakachekwa rikaburitsa zvimedu zviviri. Mukati maro mutsvuku uye rine mhodzi dzitema.
ID_KQXUZF,Madzimai amwe arikufamba vamwe vakagara pamusika vachitengesa jinja nezvimwe zvakasiyana izvo zvinoita kuti vawane mari vakwanise kuchengeta mhuri dzavo.
ID_ULNXEP,Nyeredzi iri pamureza uyu ine ruvara ruchena. Kozotiwo kumusoro kwemureza kune ruvara rwegoridhe. Pakati nepakati pemureza pane ruvara rwemashizha. Kozotiwo kokupedzisira pazasi pane ruvara rutsvuku.
ID_YAZDEC,Foto elakisi biso mwa porte a pare ya kitoko pe na se eza na mwa place ya kotia mwa biloko mosusu pe porte a pare oyo eza na mwa mabaya moko ya kitoko pe langi moko ya kitoko mpenza pe na moni eza na mwa ba pneu bakoki ko déplacer yango.
ID_LMSRXP,Ndako na biso oyo oyo ezomonana ke eza cote ya libanda omona ten parabolique de lango pe eza ya kokauka salon diré bato baza te bana bakendeki classe.
ID_OQJLPT,Awa esika na komi awa nazomona na miso na ngai eza obele obele na wenze me wenze oyo namoni bazotekisa babiloko ndenge na ndenge na omona awa bamafuta kopakola basabuni babiloko ebele ebele vrema na omona eza na kati ya babase oyo eza na kati ya wenze.
ID_CHAYJC,Munhukadzi akarukwa madhiredzi. Madhiredzi aya ane ruvara rwebhurauni. Akapfeka nhumbi yekumusoro ine ruvara rwekirimu uye ruvara rutema.
ID_YGQLTC,Liboso na nga awa namoni balakisi ngai na mesa bamwa eteni ya citron na mwa asiete nde yango oyo tomoni awa.
ID_PMAOSQ,Ichi chivakwa chine vhurande. Chivakwa ichi chinogona kuva chiri chitoro. Tinoona chine simbi dzekuvhara kudzivirira vangade kuva vachipinda zvisiri pamutemo. Pavhuranda racho tinoona paine maruva ekushongedza nzvimbo iyi. Mudenga tinoona makasungirirwawo tunhu twekushongedza twutsvuku netwuchena.
ID_AYEGYT,Michero yakatemwa kubva mumuti ikaunganidzwa. Ine ruvara rwakaita rutsvuku uye imwe yakada kuita sepepuru. Yakawanda iri pasi ipapo. Imwe yacho ine tutanda twakabatira pairi tuchiri girini. Michero inodyiwa nevanhu nekuti inobatsira kusimbisa miviri yavo zvekuti kana vazorwara havanetseki kukurumidza kukora.
ID_PZNPDS,Dutu ramaruva akasunganidzwa pamwe chete. Ane ruvara ruchena kunze rouya richinoita ruvara rwakanoita yero pakati. Mamwe haasati abudikira atumbuka ane ruvara rwegirinhi.
ID_PMRSSB,Kamba iyo inoratidza kuti iri mumvura inoita makwati kunze kwayo. Pamusoro payo panewo dachika riripo rinoita zvekutomhuka kana richifamba rine ruvara rwegirini nemamwe mavara.
ID_CLUUGI,Zvipanera zvakaturikwa kumadziro zvine mizera yakasiyana siyana. Zviri pamusoro zvakasvibirira nekucheneruka. Zviri pazasi zvakasvibirira zvose.
ID_KPHGHG,Bale ezali na langi misato langi na likolo ezali na langi ya mosaka na katikati ezali na langi ya pondu na se ezali na langi ya motane katikati ezali na minzoto moko ezali na langi ya pembe.
ID_LEPTJM,Bilenge mibali bazosaka na bale ya match na kati ya stade bato ebele bafandi na stade bazotala bango.
ID_QRTYMF,"Mafaira akawanda anoti maflat files, maakirivha files nemamwewo. Mafaira aya mamwe ari mumapurasitiki akaiswa pamusoro akarongedzwa pasherefu repamusoro. Mamwe ari pazasi anonzi maakirivha pasherefu epakati. Pane mapepa anoiswa anozoita kuti kana uchinge waisa zvinhu mukati wochinyora kuti uzokwanisa kutsvaga zvinhu zvauri kuda. Ane ruvara rwakasiyana siyana anoti bhuruu, girinhi neyero."
ID_YQCOJH,"Masamusa akawanda kwazvo ane ruvara rweyero. Akatsvetwa pachinhu chakafara uye akaiswa miriwo yakasiyana siyana yakachekwa chekwa. Pane madomasi, burokori, bonyeni neremoni."
ID_IIDVMA,Bangomba moko ya minene minene bangomba ngo eza na banzete ebele na bamatiti ebele na katikati ya bangomba ngo eza na mwa mai oyo eleki likolo ya mai wana batongi po moko ya monene makasi eza na bamituka oyo ezoleka likolo ya po wana.
ID_LNYEZX,Shangu imwe yakuruboshwe mana midiki yakavhara mberi nekumashure uye inoratidza kuti inopfekwa nguva dzechando nekuti inodziya.
ID_KHKIOB,Tsoko shanu dziri kubudikira mujinga memuti une midzi yakabudikira yakakura zvikuru. Tsoko idzi dzine ruvara rutema neruchena kumeso kwadzo nekumusana. Dziri mumahuswa egirinhi.
ID_YOMUYB,Muti unenge mupopo uri pedyo zvikuru une tambo dzamagetsi kana ukabatira kutambo idzi. Vazhinji vanobata mupopo uyu vanogwinwa. Pane shiri dzakamharawo pamusoro petambo yapamusoro.
ID_KNAKMY,"Mafirijongo, chikafu chakabikwa nemuto unoshamisa uye unouyemurika chinoti nyama, magirini, mambatatisi nezvimwe zvakawanda wanda zvakasanganiswa ipapo kudya namambo."
ID_LLASDQ,Nzvimbo ine vanhu vakasiyana siyana varikufamba. Vamwe vakapfeka hembe dzine ruvara ruchena koitawo vamwe vakapfeka hembe dzine ruvara rutsvuku. Nechekurutivi kunoratidza kuti kune zvitoro.
ID_GKZTUQ,"Munhurume akamira uyo akabatawo bhora kuruoko rwake rworudyi. Ruoko rworuboshwe akasimudza zvigunwe zviviri mudenga. Akapfeka nhumbi ine ruvara ruchena, bhurukwa rine ruvara rutema pamwe chete neshangu nhema."
ID_DRMIBV,Na bilili oyo nali komona loboko ya ndeko moko asimbi kamwa bidon na kati eza mafuta ya motuka wana babengi yango toyota.
ID_SIAOXE,Mudhorobha mune midhuri yakavakwa ichienda mudenga. Munewo vanhu vakawanda vari kufambamo. Mune motokari dziri kufamba mumugwagwa ine tara. Imwe motokari ndeye gireyi. Imwewo ichena yakashama. Zvakare pane vanhu vanotengesa vari kutengesa zvinwiwa.
ID_HQVEIS,Ndunda ya mobesu eza na sani esilisami kosalema ndunda mobesu yango eza na balangi esangami eza na langi ya pondu langi ya motani langi ya longondo langi ya pembe.
ID_URXXAU,Munhukadzi akapfeka mbatya dzake dzakanaka. Akamira akabata rimwe ruoko kurutivi rimwe rakarembedzwa.
ID_LBCZYP,Awa eza kiti nazomona esika ya batuku nini ekoya kolekisa ngonga ntango basilisi nzomi oya bofandi omeli eza na bakiti babongisi eza bakiti oyo bazali yango ya mabaya eza na langi ya chokola.
ID_FOJOIW,"Gonye huru rine mavara akasiyana siyana. Rinorarama nekudya, maruva rakakora zvikuru uye rine makumbo mazhinji."
ID_VAHYZX,Chidhori chine ruvara ruchena chakapfekedzwa nhumbi yechikadzi riri rokwe. Rokwe iri riri kuonekwa rakareba asi nechekumusoro rine tambo harina maoko akarebenuka. Nechekumashure kuri kuonekwa chimwe chidhori zvichionekwa kuti zviri muchitoro chinotengesa mbatya idzi.
ID_XHGAJR,Elembo ya mboka ezali bongo na langi ya pembe na makomi ya chokola.
ID_IMDKXQ,Tafura dzinoshandiswa mumahofisi kugara. Chigadzirwa kana chivezwa. Ichena ine maraini anochinjika machena nematema akaenzana mberi nechitema pakati chinotaridzawo ndokupakati payo. Ine cheya chena ina maoko matema. Kudivi kune kabati ina madhirowa.
ID_MHZXZI,Kopo ya jus eza na langi ya motane.
ID_XYNEAZ,Na esika tokomi awa nazo mona eza obele papa moko boye papa oyo na monoko ya lopoto ba bengaka ye aza obele professeur professeur oyo na moni ao zwa ba biloko ba bengaka ba cre aotia yango na kati ya ba carton.
ID_SYDXFF,Takishopu ine zvinhu zvakawanda zviri kutengeswa zvimwiwa. Zvakare pane mukomana akapfeka chisikipa chitsvuku aripo. Panewo mudzimai ari kudarika akarukwa bhureidhi akabata bhegi dzvuku nechipepa chichena.
ID_PVJVYB,Musoro wemunhukadzi wakarukwa. Vhudzi rinorembera richidzaka nomusana rakaonyana zvinonakidza kuona uye riri muruvara rutsvuku.
ID_GGDBGD,Sango guru rine miti ine mashizha egirini. Rinewo huswa hwakawanda hwakaoma hwebhurawuni. Pasi pane mumvuri womunhu.
ID_DTWMNJ,Hwiza inozikanwa nezita rekuti mbuya mugogoda. Hwiza iyi ine ruvara rwakachenerukira. Nechepamberi payo pane ruvara rutema. Mumasuo ayona ine ruvara rweyero yoita makumbo ari kumberi ane ruvara rweyero zvakare.
ID_CVLFSK,Eya na moni eza sapato ya bana mibali.
ID_KWONMZ,Awa namoni eza na batata ebele oyo batelemi esika moko na kati ya kilasi e namoni liboso na bango eza na mwa mesa oyo eza na babuku na mwa molangi ya mai likolo namoni batata yango balati ndenge moko eza neti baza bazuzi na mwana mobali moko oyo atelemi katikati na bango.
ID_WWYFTZ,Awa tomoni bana ba mike baza na kati ya kelasi baza koyekola baza mwa mingi baza kotala motu aza kolakisa bango baza koyekola baza mingi na kati ya kelasi.
ID_JZOPGC,Musikana wakarukwa zvakanaka zvinonwisa mvura. Nechemuzasi wakarukwa madhiridhi achitinamanama nemusoro. Nechekugotsi anosvika achinoungana kuita hata. Anobva anorembera achienda kumumwe mashure.
ID_COKZFV,Mbudzi mbiri dzakamira. Imwe iri hombe ine nyanga dzakatarisa kumusoro. Nechekumusana ine ruvara ruchena. Kumberi ine ruvara rwemambava akatsvuka. Chimwana chayo chiri pazasi chine ruvara rwakafanana namai asi hadzina nyanga.
ID_WDZCRL,"Kabhokisi kemapini anoshandiswa mumakambani kana muzvikoro. Kabhokisi aka kane ruvara rutsvuku neruvara ruchena. Kakanyorwa namavara matsvuku namavara matema. Mapini arimo anoratidza kuti ane mavara akasiyana siyana. Mamwe mapini ane ruvara rweyero, mamwe ane ruvara rwebhuruu, mamwe ane ruvara rwepingi."
ID_KVLQAJ,Liboso na ngai nazomona eloko moko ya kitoko mingi likolo na yango namoni bakomi na monoko ya lopoto bacon papaya.
ID_TAVWGO,Motikari chena ine chikwangwani cheyero chakanyorwa nezvitema. Yakamira parubwe. Parubwe pane mapundo egirinhi ane zvitsvuku.
ID_GGKGFR,Foto oyo elakisi biso mwa tere ya baskete na kati ya tere ya baskete na moni ba mobeti baza ebele me na moni mobeti moko basote baza na balo na ye na maboko.
ID_IXDKJW,"Mucheka une ruvara rutema, ruchena nerutsvuku. Unogona kushandiswa iwo kumiririra nyika."
ID_UHKXAN,Na elili oyo nazomona bazolakisa biso kisi ya komela eza na efungeli esika bakomi filometa place ezai kisi ya komela mpona kobikisa nkokoso ya malaria.
ID_NPRXQR,Awa namoni balakisi biso mwa motuka moko ya monene makasi oyo etelemi esika moko enamoni eza motuka oyo ememaka babiloko ebele enamoni bafungoli yango bazobimisa biloko na kati.
ID_LTFSXS,Ba dessine mobali balati lunette bakomi kfc eza logo.
ID_ORXUPM,Mhuka inonzi garakuni. Garakuni racho rine manhenga machena. Rinewo makumbo maviri. Nechekumberi kune chinhu chakatsvuka. Garakuni racho riri munzvimbo yakaifwa fenzi.
ID_QWUCDJ,Vana vakomana vechidiki vakagara zvavo. Vana ava vanoratidza kuti izera rimwe chete uye vakapfeka nhumbi dzechinyakare izvi zvinoonekwa zvavakapfeka muhuro mavo. Vana ava vana mai vavo padivi pavo.
ID_BVYDAO,Kasora kanokura kachitambarara kanowanzotambarara pamusoro pemvura. Kane mashizha akanakisa akada kuita kakutenderera ane ruvara rwegirinhi nemamwe ane ruvara rwakaita kayero.
ID_ASBDUP,Eloko nazali komona milangi mibale to misatu ezali milangi ekoki kozala ya ba fruit po nazali komona na molangi moko ba desinaki anana ekoki kozala ba jus ya anana.
ID_GZANIC,"Vanhu vari mukereke. Paine vakapfeka mamasiki, hembe chena, nhema uye umwe ane magirazi."
ID_UFPBVD,Mutambi wemutambo webhasiketibho mumwe chete. Ari munhandare pedyo nenzvimbo yokumwisa. Akamira negumbo rimwe achiratidza kuwuruka kuti amwise bhora. Akapfeka chipika cheruvara rwebumhudza nechimwe cheruvara rutsvuku mukati uye mudhebhe mutema neshangu nhema. Kune vamwe vanhu vari kunze kwenhandare vari kuona achitamba.
ID_RBMMXG,Musoro une bvudzi rakasvibira rakarukwa nebvudzi. Mitsara yakawanda uye mutsara wakamonamonwa nebvudzi rekutengwa rine ruvara rutsvuku.
ID_MYSUOX,Apa papati uyezve parikuratidza kuti pakarongwa macheya nechivhitivhiti. Macheya aya akaiswa mucheka muchena uyezve pakarongwa kapeti pasi yegirinhi.
ID_KYSXGP,Ndako oyo ezali na porte ya moindo pe mwana moko atelemi liboso ya lopango oyo na kati ya ndako wana likolo bakomi makomi ezali na langi ya mai ya pondo.
ID_BCOIMC,Michina miviri inoshandiswa nevanoita zvekugadzira magetsi uyezve padivi pazvona pane michina ine tambo inoshandiswa pamwe chete nemimwe michina iripo.
ID_KQOZUQ,Awa namoni eza na bandako oyo eza pembeni ya balabala namoni na balabala eza na bamituka oyo etelemi namoni pe awa liboso ya bandako eza na bamwa mandalala moko ya kitoko.
ID_AAPBIE,Chikwata chevanhurume vomutambo webhasiketibho chiri munhandare umo mune vanhu vakawanda vari kuona mutambo uyu. Vatambi ava vakapfeka hembe tsvuku vamwe zvichena. Pane bhora riri mudenga. Vose vari kurwira kuti vabate bhora iri.
ID_EBIVAA,Motuka komema bato epai na epai etelemi pembeni ya balabala.
ID_COUUAA,Zvigaro zvekugarira zvisina kwekuzembera izvo zvakagadzirwa nemapuranga uye zvine zvigariro zvazvo zvipfumbu zvakagadzirwa nepurasitiki.
ID_UCVSCL,Na balabala bamutuki ezoleka kuna pembeni eza zando bato baoteka na bato mosu bazoya kosomba mawa moko azokatisa balabala mobali moko avandi likolwa pus pus na ye.
ID_ESDDEB,Motokari huru inodanwa nezita rekuti Excavator. Ine ruvara rweyero namavhiri makuru ane ruvara rutema neyero. Kumberi kwayo ine foshoro yakasungirirwako yashakara ine ruvara rwebhurauni.
ID_MOIEXY,Ba motoka minene oyo ekangi nzela te kasi kuna mosika antene ya molai eza nde tour de control epi awa tomoni ba contenel etelemi pembeni ya motoka oyo.
ID_FXFVEC,Bandunda oyo eza matembela biloko ya kolamba epi ekolia.
ID_XIPYIV,Awa nazomona tomwa babol moko boye oyo batiaka biloko ya kolia na kati otia na frigo babol yango sikoyo moko eza na coulere ya mosaka moko eza na coulere ya mai ya pondu bol mosusu eza na coulere ya motane bol mosusu eza na coulere ya lilala.
ID_CBBJNH,Vanhu vatatu vari kufamba mumugwagwa unoita seuri mudhorobha. Pavanhu vatatu ava pane vakadzi vaviri nemurume mumwe chete. Murume uyu akapfeka mudhebhe mutema uye hembe tsvuku nekepisi. Madzimai akapfeka hembe nhema.
ID_EORGOX,Ka oyo bati liboso na biso awa ka moke aza molangi ya malasi oyo batiaka na nzoto.
ID_MHRFHJ,Varume nevakadzi vane mizera yakasiyana vakamira panzvimbo ine masimbi inoratidza kuti inogadzirwa zvinhu zvakasiyana zvinogadzirwa nesimbi zvinosanganisira magedhi epamajuraho. Masimbi anoiswa pamafafitera kuti pavhatu dzisapinda zvinyoro nezvingoro zvinotakurisa zvinhu mutauni.
ID_IIOLEC,Poto ine ruvara rwesirivha rine goridhe iine mubato. Yakavharwa nemuvharo une ruvara rwesirivha nemubato wegoridhewo zvakare.
ID_PATITK,Kunzvimbo ine mvura ine rwizi rwunoerera makamera mazipundu akaita mashanga anomera mune mvura nemubhanana uri kubudikira kudivi rwerudyi. Kuruboshwe pasi pane marara dutu. Panotaridza kuti panzvimbo panouya vanhu vachirashira marara pasingabvumidzwe.
ID_NZNZDT,Na awa na moni ba lakisi nga mahindi eza na kati ya nzete na yango eza mahindi ya kitoko eza na ba langi ya mosaka pe na ba pembe pembe na nzete na yango eza na ba langi ya pondu.
ID_XLFFGX,"Mumugwagwa unoratidzika kuti unofamba mota dzakawanda. Kumativi kwawo kune vanhu variko. Vanhu ava vanosanganisira varume vaviri, kozoti mukadzi akamira akatakura bhegi."
ID_XQRCWT,Likolo ya mesa ezali na sani ya pembe ya mbele kasi ozomona eza na lutu na sani yango eza na kati eza loso na pondu na madesu kasi boye eza na mbisi ya kokalinga yango nde babengaka mpiodi boye ozomona pe pilipili yango eza elengi.
ID_LSWZUO,Mukomana ari mugiraundi rekutambira nhabvu. Akapfeka jezi repingi nemasokisi matsvuku neshangu dzekutambisa nhabvu dzebhureki dzine mitsara michena.
ID_BZCOAH,Shangu mbiri chena dzakagarana dzine mukati mebhuruu. Pamusoro peshangu pane mabhande maviri.
ID_WHRRVY,Namoni mwa ndako ya kitoko pe ya se ndako oyo eza na kati ya lopango pe namoni na kati ya lopango oyo mwa nzete ya monene pe namoni lopango yango eza na langi moko ya kitoko pe eza kongenga namoni liboso yango mwa matiti na mwa efololo ya kitoko mpenza.
ID_LFZTDM,Bilili oyo bazali kolakisa biso awa ezali bongo na se ya mai bakamataki foto oyo na se ya mai pe na se ya mai yango tozali komona nkoba nkoba awa ezali nkoba ya mai eza nkoba ya zamba te.
ID_UGYUGB,Liboso na ngai nazomona basi mine bazoseka pe bazosepela na maboko na bango baza na ndembo.
ID_KUAFOJ,Miti ine mapazi akawanda uye mashizha egirinhi. Pasi pane zvidhinha zvakakomberedza majecha machena akaunganidzwa okuvakisa.
ID_TNMKEB,Esika nazali komona eza esika moko ya kitoko esika ya kotambola esika ya kopema nazali komona banzete mai eza esika moko ya monene.
ID_ZVCYRR,Patapata rakaiswa pasi pane ruvara repfumbu iro patapata iri riri repurasitiki kune rimwe divi uyezve tambo yepamusoro iri yepurasitiki rimwe divi riri puranga. Patapata iri rinoratidza kuti rakapfekwa kwenguva yakareba.
ID_QBLCHX,Elubu ya makayabu na ndunda na dongo dongo sani ya mbele ya langi ya pembe cuillere supu suka.
ID_BMRJMV,Ekolo ya mesa eza na eloko oyo bana-kelasi basalisaka yango eza neti libende libende yango eza na langi ya bozinga esalisaka bana-kelasi mpona kosalisa ngo na kelasi na bango.
ID_QZWLVA,Eya na moni mwa kinele moko eza na ba matiti ebele na mosika nazo mona bato ebele eza neti eza na zando na ba mituka oyo etelemi pembeni.
ID_GLIUNU,Vanhu vakabata madhiramu uye mabhosvo. Vakapfeka mbatya dzebhuruu vachiridza. Vane mahiti mumusoro ebhuruu. Mireza iri padyo nevanhu vakagara.
ID_NOGIXK,Na bilili oyo nali komona balakisinga awa mwana mwasi aza kitoko pe aza na miso ya kitoko nali komona ndenge bakangi ye suki pe amemi kasaki na ye pembeni na ye na monika mwa ndako ya balangi ya motani.
ID_CUNQQV,Chipuka chakamhara pamusoro pematombo chinoratidza kunge gwavava. Rine makumbo mana okufambisa nomuswe wakareba uye rine musoro wakandotsvukuruka nomuviri uri muruvara rwakasvibiruka nemuswe wakatsvukuruka zvakafanana nemusoro. Rinoratidza kuti riri kudziya mushana riri pamusoro pematombo.
ID_NYWGFD,Bazotekisa biloko oyo bana basalisaka eza biloko ya bana kelasi ekoyeba te ezali na langi ebele eza na langi ya bozinga eza na langi ya longondo eza na langi ya lilala eza na langi ya motane eza biloko ebele boye.
ID_NANEDK,Pane shangu mbiri dzine ruvara rutema dzakaiswa masokisi ane mavara akasiyana siyana mukati madzo uye dzakatsvetwa mumba makaiswa ruware ruchena.
ID_OSQUUH,Murume akabata bhora. Mumaoko ake makapfekwa magirovhosi ane rudzi ruchena. Wakapfeka hembe ine ruvara rutsvuku nemaoko eyero. Unoratidza kuva mubati webhora pamutambo wenhabvu.
ID_SJPJUN,Elili oyo nazomona liboso na ngai eza liboka liboka oyo esalisaka bato kotuta na kati pundu pilipili nguba na biloko mosusu.
ID_OIZXCN,Muchero wemarichi wakawisa zvisingabviri zvino ose atsvuka kuratidza kuibva achirembura matavi emuti uyu ane mashizha akasvibira zvikuru achipenyerera mukupenyawo kwezuva.
ID_DDGBXH,Motikari nhatu dzakamiswa pamberi pechivakwa uyezve dzakaiswa mukati memumvuri une denga rine ruvara rwebhuruu uyezve chivakwa chiripo chine ruvara rwemeruni nezvitinha uye rine ruvara rwekirimu.
ID_PAZHTC,Mudhorobha mune zvivakwa zvakawanda zvine midhuri yakareba uye yakadurikidzana. Parutivi pazvo pane motokari dziduku dzakawanda dzinofamba mumugwagwa.
ID_IQYLWJ,Buku ya kelasi.
ID_ANZHBV,Bilenge mibali ya mibale bazali bongo kobunda bazali bongo bato ya ndembo oyo babetanaka makofi ndembo na bango ezali ya kobunda na bamakofi.
ID_ZJIPOW,Rin'i yakabatwa muruoko memunhu ichiratidza nzara dzakachekwa zvakanaka. Rin'i rine ruvara rwesirivha nechekumusoro ine ruvara rwegoridhe. Kumashure kuri kuonekwa nzvimbo yekurongedzera mabhuku ine ruvara rwebhurauni.
ID_CMWEOJ,Munhurume nemunhukadzi vari kufamba padivi pemugwagwa vari pasi pechiwakwa chiri mudhorobha. Munhurume akapfeka mbatya ine ruvara rwebhuruu nemaoko marefu nebhurukwa riri kuzasi rine ruvara rutema. Munhukadzi akapfeka siketi pfupi inosvika pamabvi akatakura nebhegi rechikadzi.
ID_XXGTFT,Bana kelasi bazosala masano bazosala epese oyo moko asote alati bilamba ya langi ya bozinga misusu bavai na se balati bilamba ya langi ya pembe misu balati bilamba ya langi ya mayi ya pondu misu balati bilamba ya rose misu balati bilamba ya mitani bavai na mabele.
ID_KDCLWN,Mopu imwe chete iri pasi. Ine ruvara rutsvuku negireyi. Ine mubato mutema.
ID_QRXFFJ,Na elili oyo nazomona esika bazolakisa biso dalapo elembo ya dalapo esika nazomona eza na molongo ya mwindo eza na lange ya mwindo lange ya motane na lange ya mobeso ezali na elembo ya.
ID_VOZSMW,Singi yekugezera ine ruvara rwesirivha. Pane pombi yemvura yakakwira mudenga ndokuzobhenda. Panewo mishonga inoshandiswa kana uchida kugeza zvinhu.
ID_JRCNKZ,"Awa namoni eza drapeau, drapeau wana eza na trois couleurs, couleur moko eza ya pembe, ya mosusu eza ya bleu, na ya mosusu eza ya vert, nde nazomona eza drapeau ya pembe."
ID_HYHDGB,Awa namoni balakisi biso kamwa etagere moko ya kitoko namoni basilisi kobongisa yango bapakoli yango langi ya pembe namoni eza ba etagere oyo batiaka na bandaku esika oyo babongisaka suki.
ID_ONBGPT,Awa tozali komona ba materiele na esalaka biloko ebele ya ba construction ba electricite tozomona ba pince tozomona ba tournevise moko eza na malangi ya moindo na motani esalaka biloko ebele.
ID_HRQBUU,"Chitoro chiri kutengesa zvuma zvinopfekwa muhuro. Mhete dzinopfekwa munzeve, maringi anopfekwa muzvigunwe uye mabhenguru anopfekwa mumaoko. Izvi zvinhu zvakagadzirwa nemhando yezvinhu zvakasiyana siyana."
ID_UFMNXZ,Elakisi biso mwa eloko oyo babengango na monoko ya lopoto lecteur lecteur oyo eza mwa eloko otiaka na televison pe elakisi bamwa bafoto oyo olingi omona pe elakisi bamwa bilili susu ya kitoko mpenza.
ID_QYNCYO,Munhurume akarukwa musoro nemiswe yemadhogi uye wakareba kwazvo une ruvara rutema uye akaisa mabhidzi mumarutivi.
ID_PUPCBF,Mahuswa emushenjere nemamwewo maruva akamira akakombwa nematombo ane ruvara rwebhuruu nezvichena. Akanakawo uye ndeemhando dzakasiyana. Mamwe ane tushizha tutete mamwe ane mashizha akakura. Uyewo mamwe anokura achienda nepasi mamwe anokura achienda mudenga.
ID_WGTTAV,Bato mibale bazotambola na nzela mobali azali liboso mwasi azali nsima mobali ya liboso asimbi katini ya pembe mwasi na nsima asimbi saki na maboko.
ID_UKEIZM,Ndako ya kitoko makasi eza na lopango na yango na likolo ya lopango bati bamabende moko ya pembe ndako yango pe eza na langi ya lilala na balabala na moni eza na mwana moke moko ya mobali oyo azoleka pembeni ya lopango yango.
ID_ANCBYL,Kisi ya bokoko eza kisi ya bokoko.
ID_MNHJZF,Muti uri pakati pamatombo makuru maviri. Rimwe riri parutivi. Une mashizha maduku egirinhi.
ID_YRDTWP,Ba nzete ya milayi na langi ya pondu.
ID_HZNFNO,Mwana mobali oyo kitoko ye wana aza pembe kasi bakangi ye suki ya kitoko aza na suki ya milai ye aza na nzoto ya pembe kasi alati neti kazaka ya mwindu kasi suki na ye pe eza na langi ya chokola pe neti mosaka.
ID_XYNGYT,Mureza mumwe chete mutsvuku pakati pawo pane denderedzwa guru richena mukati maro mune nyeredzi nemwedzi zvitsvuku.
ID_OMYCXL,Murume ari kusimbisa muviri wake. Akapfeka hembe yakasununguka kumusoro inosiya maoko ari pachena. Maoko ake akabatirawo simbi iri kumusoro. Nechekuzasi akapfeka chikabudura chakatsvuka.
ID_HDHFPP,Ezali kati ya supermarche esika batekaka ba biloko ya kolia tozomona ezali parti batekaka ba biscuit babengaka yango coteux parfum vanille ezali ya marque ya belle france.
ID_YLLSZV,Awa na moni eza buku moko boye likolo ya buku wana ba desine mwana mobali aza likolo ya mwa nyama na mwana mwasi aza pembeni.
ID_AORESO,Awa nazomona bana basi misatu eza neti oyo mwasi ya katikati nde mama na bango bao mibale baza bana na ye bakangi bango pe suki ya meshe ya kitoko baza basi kitoko na mama na bango.
ID_FATGBJ,Logo na langi ya mosaka makomami moindo ya mwasi alati elamba ya langi ya moindo pembe rose pe langi ya lilala bongo pe na chokola na bozinga nalalisi pe suki.
ID_MMIEEU,Nazomona na eliyo bazolakisa biso bileko ya bilei nazomona ezali lokola motekisi atie bileko ya bilei ya kolia po bato bayo kosomba.
ID_ESVWGG,Awa namoni balakisi biso mwa carton moko eza na kisi na kati kasi nayebi te soki eza kisi ya bokono nini batiango likolo ya mesa.
ID_TCAKFV,Namoni liboso nanga awa eza ba kiti ya kekele eza soki mine bon eza na couleur ya bleu blanc jaune bleu na oyo yango ya monene yango pe eza kaka na couleur wana.
ID_MVXHMA,Awa tozali komona wana basi mibale moko azokokanga suki ya mosusu asalaki yango modele ya kitoko mpenza.
ID_TIXIKT,Nkoba ya mwana azali bongo na langi ya mosaka.
ID_CDKWBW,"Mwanasikana akamira akabata amburera yakavhurika. Kutsoka akapfeka mapatapata eruvara rweyero nebhurugwa pfupi. Nechekumusoro akapfeka hembe ine mavara mavara anoverengera yeyero, ebhuruu nepingi isina maoko. Mumusoro make akaruka netambo chena."
ID_DPCENG,Musoro momunhu muduku. Mune vhudzi rakatsvukuruka iro rakati nyangarara. Mumativi makagerwa kusiya vhudzi rose rapera uyewo ganda richionekera.
ID_AYRYPF,Liboso na nga awa nazokomona sapato moko sapato yango eza ya mwa grie batia yango na likolo ya kitambala moko ya bozenga.
ID_KHNWAX,Ezali sapato ya mobali sapato yango eza na se yango kasi yango sapato yango eza na langi ya pembe eza pe na langi boye eza neti ya sika kasi sapato yango eza na losika.
ID_PXMPIS,Awa tozali komona pantouffle mibale bati na se tomoni ezali ya kitoko ezali ya bana mibali tomoni ezali na langi misatu tomoni eza na langi ya mwindo tomoni eza na langi ya mai ya pondu tomoni eza na langi ya pembe kasi ezali sapato ya kitoko soki osombi yango oko regretter te.
ID_XDUUNH,Oyo bato bazo sambela na kati ya eglise chrétienne namoni kurusa esi kuna na nsima baza na kati ya eglise bazo sambela merci.
ID_HCOKTE,Varume vatatu vakamira. Vakapfeka nhumbi dzeeyataimu kumusoro umwe. Kutsvuku vakapfeka chitsvuku. Vaviri ndezvegirinhi. Kuzasi vakapfeka zvebhureki.
ID_GDLJUS,Awa namoni mama moko avandi na ban eza lokola na balabala mayi moko eza liboso na ye wana amwango alati elamba ya bamama catholique makomi maria mama maria afandi ye na balabala na ban moko aotala na ye balabala bato baolika na bango.
ID_BBUQAC,Mureza une ruvara rwebhuruu. Une chiratidzo chiri kuruboshwe kwawo nechekumusoro chine ruvara rutsvuku uye ruchena. Zvakare kurudyi kuri nechekuzasi kune nyeredzi dzine ruvara ruchena.
ID_NSYLRD,Awa nazomona mwasi moko boye azolakisa suki na ye nazomona suki na ye bakangi ye suki ya maboko bakangi ye suki na ye ya naturele azotala na se.
ID_HYKBKK,Awa namoni balakisi ngai bana basi eza bana basi mitano bazosala biloko ya menuiserie eza neti bazotanga babiloko ya menuiserie na ya couture eza bana basi bazotanga biloko ya menuiserie na couture na kopakola balangi.
ID_FBVFQS,Awa pe namoni balakisi biso lisusu babuku ebele namoni moko eza buku oyo ya bana mike bana ya kelasi ya ko desine na kati.
ID_FRPIJN,Miti yakareba zvikuru inoonekwa ina mashizha mashoma. Inenge yave nguva yechirimo. Denga rina makore mashoma uye zuva richiripo ririkuoneka kuti inenge nguva dzamasikati.
ID_PLXELZ,Imba yokutandarira ine zvekugarira masofa machena mamwe ane ruvara rwebhurawuni nezvimapiro zvekutsamira mukati. Nechekumberi kuri kuonekawo kicheni yokurongedzera zvinhu nefiriji yokuisa zvinhu kuti zvitonhorere.
ID_CWTEDX,Foto elakisi biso mwa zamba zamba oyo eza zamba moko ya monene mpenza pe na kati ya zamba oyo namoni mwa mwasi avandi na ye emonani aza koluka bamwa biteni ya nzete po akende kolamba bamwa bilei na ye.
ID_VMYEXJ,Na esika pe tokomi awa na moni eza place moko kozwa matiti ebele songolo songolo na moni pe na kati ya bamatiti wana koza bato misato bazosala sport na bango sport oyo babengaka na monoko ya lopoto sport oyo ya karate.
ID_DRGIQX,Poto inobika yakabairirwa kumagetsi uye yakavharwa pamusoro payo ndeyesirivheri uye ihuru ine mubato mutema.
ID_FDHAJW,Munhukadzi ari kufamba padivi perodhi. Akafuratira akapfeka rokwe refu rinosvika kumakumbo rine ruvara rwebhuruu neruvara rwebhurauni. Rine maoko mapfupi. Akatakura bhegi rechikadzi rine ruvara rwebhurauni. Mumusoro akapfeka dhuku.
ID_MJJIBY,Mudziyo unoshandiswa kana uchida kugenza mazino. Mudziyo wacho uyu wakanakira pakuti unogona kuisa bhatiri wachokwecha mazino iwowo usingafambise.
ID_WLVUHQ,Hembe ine ruvara rwebhuruu yerudzi rweresi. Ina mabhatani matema pamberi namaoko akafara emunhukadzi iri kuratidza kuti iri kuratidzirwa iri kutengeswa.
ID_DVOOKJ,Na bilili oyo nali komona balakisinga awa eza kiti moko ya biro na kamwa mesa na yango kiti oyo eza na balangi ya bozinga na mesa eza na langi ya moindo pe namoni kamwa sache na se ya langi ya bozingo.
ID_ZHXHFH,Foto elakisi biso mwa motuka ya monene pe eza motuka camion pe na moni likolo bato baza ebele babimi mwa voyage moko ya mboka pe na moni motuka oyo kombo na yango benz ezalaki motuka moko ya kitoko pe ezalaki motuka moko ya makasi mpona ba voyage pe mpona komema biloko mingi.
ID_UWMENO,Awa nazomona bandako mibale ezomonana malamu mosusu ezomonana malamu te bandako ya ndenge ya kala na place monene ya kotambolela eza lokola nzela kasi eza na mabele.
ID_OIRQQG,Mushina werudzi rwemotokari yekutimba pasi. Inozikamwa nezita rekuti giredha. Ine mavhiri mahombe uye kumberi kwayo kune dhishi rakashama rine mazino pasi rinotakura mavhu. Rinochera mavhu namazino acho rotutira mukati richindorasira kune imwe nzvimbo.
ID_ZGDMMV,Zvidhori zvakawanda kwazvo zvakapfekedzwa zvuma kuitira kuti vanotenga vaone kutarisa uye zvindori zvakawaridzwa pasi zvichiitira kutengeswa.
ID_NSLCMX,Eya na moni eza esika oyo bazotekisa bamafuta ya ndenge na ndenge ya banabasi na ya bana mike.
ID_YBCTRD,Murume muchena akagerwa ndokugadzirwa bvudzi rake zvakanaka. Murutivi rwemusoro make munoratidza kuti makagerwa bvudzi rakasiiwa radoko. Nechekumusoro bvudzi rakasiiwa rakakura ndokubva ratwasanudzwa richitarisa kumberi zvine unyanzvi.
ID_JADHES,Ndiro ine zvokudya zvinosanganisira mupunga uye nyama yemombe yakatsvukira. Parutivi pane imwe ndiro yegomba.
ID_IILLRK,Esika oyo batandeli biso pilipili euti na bilanga eza mofudin eza na balangi ebele toza na langi ya motane toza na pilipili ya langa pondu toza na pilipili ya langa lilala toza pe na pilipili ya langi ya mosaka.
ID_VOZGMM,Bandeko awa pe naomona eza bilei epi eza na kati ya nzungu baolamba na monangwa eza ebele mbisi epi likolo ya mbisi oyo naomona batomate na matungulu na bapoavran emwa mutu aolamba bilei oyo ekozala agumi kozala kitoko mpenza.
ID_GQPKUB,Elili oyo ekolakisa esika batandi makemba yango ya mobeso nanu ya langi ya pondu.
ID_UYZIDF,Na bilili oyo nali komona balakisinga awa balabala pe bamituka na balabala namoni pe bato batelemi po bali kozela mamituka mpona bakotana na kati bamama basi bamisusu namoni bamemi basaki na bango na mokongo pe namoni bama ya bisoto wana bamilangi bisoto ebele eza awa pembeni ya balabala.
ID_HUPTLA,Bandiko remuriwo wekabichi rakabatwa muruoko. Rakaratidzirwa richina mashizha akasvibirira uyewo rinoratidza kuti richakanaka rakamirira kubikwa.
ID_DRQDHR,Awa nazomona bisi ezo mema bato ya bisi ya monene ya transport kasi kuna nazomona nzete ya monene ezali na matiti mingi.
ID_VZPHOL,Nzvimbo inoratidza kuti parutivi pomugwagwa wedzimotokari namabhazi. Pane kamba kaduku kangangova kari kemagetsi kana kuti kenhare mbozha kakanamirwa mapepa akawanda evaimbi nevanoita zvematengero enyika.
ID_ZABUUU,Mureza wenyika yemuAfrica une ruvara rutsvuku kurudyi neruvara rweyero kubva kumusoro kuri kuruboshwe ichiteverwa negirinhi.
ID_XKEGLX,Zvinwiwa zvedoro rechirungu romumabhodhoro rebhureki rebhoro. Ririmumabhodhoro anebepa rinezvitsvuku. Arimufiriji yegirazi inoonekwa zvirimukati kuti atonhorere. Arikutengesewa akazara mufiriji.
ID_TYRTLE,Mabhaudhi akaiswa pauriri huchena. Matatu. Maviri acho ane zvinenge zvimutsetse zvakatenderedza. Kouya chimwe chisina chakagara chega. Chiri kurudyi chinoshanda kusungisa mabhaudhi ari kurutivi rwekuruboshwe.
ID_KTZGRZ,Nzvimbo inodzidza vanhu nezvekuchaira motikari. Pane madhiramu aripo akarongwa. Uye pane mota chena irikuratidza kuti ine munhu mukati. Madhiramu aya anoshandiswa kuti vanhu vadzidze kupinda pakamanikana vasingakwesherani nevamwe. Uyewo pane imwe mota nhema inotori pakati pemadhiramu. Chena irikuratidza kuti yabuda mumadhiramu.
ID_YTBYDD,Boye ezali balabala ozomona mituka na bato pe baza na pembeni ya mituka yango ya monene yango eza na langi ya pembe kasi ndako yango eza molai kasi eza neti ya kobetela boye yango eza neti ya kala eza na langi ya mbwe.
ID_NDLOUL,Oyo moto asimbi sani eza na biloko ya kolia eza pepi supu eza nyama basangisi na ndunda bati pe bapilipili bapepi mibale eza na langi ya mosaka na nyama yango pe eza ya kotukisa basangisi yango na ndunda eza elengi boye.
ID_MVOEEV,Photo oyo nazomona awa na miso na ngai eza obele koza ya mwa ndako moko ndako oyo eza ndako moko ya monene mpenza bandeko epi nsima na yango pembeni ya ndako oyo na omona eza obele nzete moko eza pembeni awa.
ID_LDWRZZ,Mukati mechitoro mune zvigubhu zvemizera yakasiyana zvakadurikidzana zvezvinwiwa zvakasiyana siyana. Parutivi pane munhurume mumwe chete akamira akazembera pachidziro.
ID_OOXOVZ,Masitirobheri matsvuku mukati memudziyo wokuchengetera mutsvuku sezvo nguva yokukohwa yasvika uye anotengeswa obva atengeswa mamwe achidyiwa.
ID_OQHYVU,"Vanhu varikufamba panzvimbo inotengeswa zvinhu zvakasiyana. Pane munhukadzi akabereka mwana wake kumusana, mwana uyu akasiya maoko ake arikunze. Poitawo munhurume arikufamba akapfeka mujivha webhurauni neheti mumusoro. Varikufamba vakananga kunotengeswa zvinhu zvakawanda zvakasiyana siyana."
ID_ORDZHU,Mureza une mavara maviri ari kunyatsooneka. Nechekumusoro kune ruvara ruchena asi munowo makada kusvibira. Kuzasi kwacho kune ruvara rutsvuku. Hapana kamwe kamufananidzo kari pamureza uyu.
ID_THPHQM,"Mudhorobha mune zvivakwa zvakawanda. Chimwe chakavakwa nezvidhinha chisina kupendwa. Dhoo regirazi ine ruvara rwegireyi. Vanhu vari kufamba. Umwe munhurume akapfeka tirauzi rakasvibira, hembe chena nenguwani. Motikari dzakamira mudhudhudhu umwe chete."
ID_GCYPCZ,"Vanhu vari kufamba mukati meguta. Padivi pavo pane motokari dzakamira dzakatevedza guta idzi poita chingoro chinotengesegwa, zvikafu, zvimwiwa zvete iri bhodhi."
ID_IFDPXA,Na elili oyo nazomona esika bazolakisa biso armoire esalemi na ndenge na yango moko ekeseni na misusu esalemi na libaya ya elengi ya bien na malafia ezali na etaleli ya elengi ya kosepelisa miso esika bazolakisa biso elengi na yango.
ID_ATIYKD,Na elili oyo bazali kolakisa biso tomoni ezali bongo na kati ya ndako soki nalobi na kati ya ndako po nase tomoni batandi tapis likolo ya tapis yango tomoni lokolo ya sapato moko yaba ndeko mibali.
ID_UTOAQG,Biloko ya kolia ebele likolo ya mesa ezali bongo maki ya kotokisa salade baguette frite soso ya kokalinga na thomson ya kokalinga.
ID_NRKEFH,Esika na komi awa ba ndeko nazo mona liboso na ngai eza obele ba bendela ba bendela mibale eza awa bendela moko eza bendela ya union africaine mosusu eza bendela oyo ya mboka congo brazaville.
ID_LPEIYY,Mwanasikana wechidiki akapfeka rokwe rake refu neshangu dzake mbiri uye akamira pasi padhuze nechigaro.
ID_IAZYFG,Na photo ndenge nazali komona eza photo bakangi photo place ba dessinaki batu misatu namoni eza ba ndeko misatu ya mibali moko akangi moninga naye na lokolo oyo bakangi ye na lokolo pe tomoni na loketo naye bakangi ye singa bazali kobenda.
ID_QSKAEW,Zvivakwa zvakawanda zvinoratidza kuti panoitwa zvinhu zvakawanda. Zvimwe zvine ruvara ruchena. Imwe yacho kambani iripo inonzi Imara Investing in Africa. Zvakanyorwa nerudzi ruchena pane ruvara rwebhuruu. Zvinongoreva kuti pane zvivakwa panzvimbo iyi zvakawanda asi imwe kambani iripo ndeye imara.
ID_DAXLAS,Kasi na liboso na ngana azomona eza mwasi mama ya mwasi alati bamateriele moko hondire babengaka tablier kasi ye mama yango alati tablier eza na lange ya bozinga asimbi mashine moko oya emashine ya sudure.
ID_DMJNOW,Shangu dzechikadzi mbiri dzakaita gogo. Dzigere panzvimbo ine mataira machena. Imwe yacho yakagara pamusoro peimwe. Dziine mabhandi akasiyana akatenderedza shangu.
ID_QELUFU,Mhete yemuhuro yakasimudzwa iri muruoko rwemunhu kuti anyatsoiwongorora kuti yakamira sei. Mhete iyi ine ruvara rwesirivheri uye yakareba.
ID_ZOCOTL,Motuka ya monene pneu na yango etoboka etelemi liboso ya esika oyo eza na bendele bendele yango ya langi ya pondu ya mosaka na ya motane motuka yango eza ya langi ya mosaka liboso na yango eza na nzete ya mbila.
ID_MWZVRV,"Zvinyoreso zvemavara zviri pasherufu zvakadurikidzana. Zvine mavara anoti yero, pingi, girinhi neorenji."
ID_KDXEAT,Elili oyo ekolakisa elili na kati ya bendela bilili na kati ya bendela bendela ya balangi ya mosaka nzela ya mosaka na likolo nzela ya pembe eleki nzela ya mwindu na se pe ya mosaka na kati ezali elili ya maboko mibale ya motane esimbi maseke na bikoti ya motane pe mosaka.
ID_DFEGFZ,Nzvimbo inoratidzika kuti mudhorobha. Parutivi pane misika umo muna vanhu vakawanda vari kuita mabasa avo okutengesa. Panewo munhurume mumwe chete ari pachingoro chake hameno zvaari kubata bata mumabhokisi ake.
ID_DGRVJT,Shangu dzine ruvara rwebhuruu dzakagadzirwa nejira rejini. Dzine hiri yegireyi. Dzinopfekwa nevanhukadzi kana vanhurume. Dzakagadzikwa pamusoro pemataira ekirimo.
ID_YGOOHY,Shangu dzemunhurume dzakapfekwa dzeruvara rusvipa uye dzakavharika kumberi kumashure kwakavhurika dzakanaka kwazvo.
ID_AOHRVC,Awa nazomona liboso na ngai mwana mwasi atelemi kitoko bauti kobongisa ye suki na kati ya salon de coiffure.
ID_QKDYKB,Masuwa mibale ya moke pe na ya monene na langi ya pembe pe na langi ya bozinga bendele likolo na langi ya pondu langi ya mosaka pe na langi ya motane na nzete likolo nango na kati ya ebale.
ID_QVBRUU,Elili oyo eza liboso na nga na moni eza bendela bendela oyo eza bendela ya peyi moko boye eza na langi misato langi ya moindo langi ya mosaka langi pe ya motana.
ID_ZNCIGH,Chitoro chinotengeswa hembe dzechimanje manje nemabhegi echimanje manje. Pana mai vakatakura bhegi ravo ravakaisa kuruboshwe rakagadzirwa zvechimanje manje nejira pakati rikaiswa mufananidzo uripo wakanaka.
ID_RMYARZ,Shangu dzakagadzikwa pasi. Imwe ndeye kuruboshwe imwe ndeye kurudyi. Shangu idzi dzina mavara machena nemavara egireyi. Nechemurutivi dzinoratidza kuti dzine ruvara rutema.
ID_NUNSVE,"Midziyo yakasiyana siyana inoshandiswa muimba yekubikira. Yakaiswa mubhodhoro. Mune zvipunu, mune mugwaku, mune musika wakagadzikwa nesimbi yerudzi rwesirivha. Mune mugoti zvakare."
ID_ATTFDF,Boye kasi nde nazomona liboso na ngai eza na babwate moko boye babwate yango eza en plastique kasi nazomona eza na langi moko ya mosaka mosusu pe eza na langi ya bozinga boye kasi nazomona eza na balangi mosusu ya lilala pe na langi moko ya pondo.
ID_OUJOWD,Na foto oyo nali komona balakisinga balabala pembena balabala moni lupango ya pembe na kati ya lupango oyo namoni ndako ya pembe pembena ndako namoni banzete ya milai.
ID_CYCTUN,Varume varimunhandare yebhora varikuratidza kuti varipamutambo wavo webhora. Uye bhora rakatsvetwa pasi pachiratidza kuti pane mumwe arikurikawa vamwe varikuzama kurivharira kuti risandopinda mugedhi mavo. Vose vakapfeka zvikabudura.
ID_KVEFCF,Liboso na nga awa namoni bazwi kamwa insecte nde baolakisa biso awa batika yango likolo ya tapis po tomonaka yango malamu.
ID_PEKFBS,Eloko na omona awa eloko na omona awa bandeko na esika moko boye basalaka babiloko balobaka na monoko ya lopoto eza place babongisaka bakonkaser na omona eza mashine moko eosala bakonkaser eza bamabanga mabanga oyo ya mike.
ID_XIZBQT,Awa tozali komona bazali kolakisa biso monima tomoni sima monima nzete moko pe ezali wana kasi tomoni motu moko atelemi na ngambo ya balabala azali kotala monima yango motu yango alati pembe na mwindo na kasaki moko na mabeka na ye.
ID_DTAXKI,Zvishongedzo zvevanhukadzi. Zvakarongedzwa kuti zvitengeswe. Uyewo zvine ruvara rwesirivheri. Mareberu hazvakaita anoratidza kuti zvinokwana mumaoko kwete muhuro. Uyewo zvine ruvara rwesirivheri. Zvine tubhora twakazvitenderedza. Tumwe tunosanganisira mavara ebhuruu. Zvakanaka uye zvinotora maziso.
ID_GVCCGR,Na bilili oyo tozali bongo komona tomona ba kopo mitano batiyango esika moko soki totali malamu ba kopo yango eza na eloko moko na kati tokoyeba te soki eloko yango eza ya kolia to eza eloko nini.
ID_ABPNFQ,Awa namoni balakisi biso bana mibali mibale oyo batelemi na kati ya ndako namoni eza bana mibali oyo basalaka spore oyo ya karate.
ID_RPKIIV,Muriwo uri mugadheni wakarimwa unoratidza kuti muriwo werugare uyezve muriwo uyu unoratidza kuti wanga wareba asi hauna mvura yakakwana zvekare hauna chikafu chakakwana. Une ruvara rwegirini asi uri kuratidza kusvava.
ID_FIBLOU,Shangu mbiri nhema dzirikuonekwa chikamu chepakati kumberi nekumashure kwakadzivirirwa. Mukati mutsvuku uye dzine tambo nhema. Dzine tsvina.
ID_NWLPMF,Na foto oyo nali komona balakisinga eza karto ya kisi ya komela batiango likolo ya mesa te nali komona balakisinga awa.
ID_SSRXVC,Tambo yemagetsi ineruvara rutema uye tambo iyi iri hobvu. Inoratidza kuti rimwe divi inonotora moto pamagetsi. Kune simbi mbiri dzakaita dzineruvara rwesirivha. Rimwe divi inoratidza kuti inonoisa moto mushina.
ID_GHZNHD,"Mudhorobha, iyi nzvimbo inowanika mudhorobha. Mudhorobha mune motokari dzakamira dzimwewo ndedzinofamba dzichifamba mumugwagwa une tara uye pamugwagwa apa pane marobhoti."
ID_ZSWMQN,Eza bamanga bamanga yango eza etondi bassin bamanga yango eteli eza ya kotela mosusu eza na se pemena bassin bamanga yango kitoko makasi elengi pe.
ID_ECOUKU,Awa namoni eza na mibali mibale oyo bafandi na mwana mwasi moko oyo alati babilamba ya maputa namoni bafandi na kati ya ndako na nsima na bango namoni eza na ba biloko ya mpema ebele oyo bati na mire.
ID_OCZFPU,Chitoro chinotengesa nhumbi dzemukati dzemadzimai dzakaita semabhurugwa nemabhurawo. Pane zvidhori zvitatu zvakapfekedzwa zvimwe zvezvinhu izvi. Chimwe chidhori chakapfeka bhurawo nebhurugwa zvitsvuku.
ID_XBOTXS,Na bilili oyo nali komona balakisi nga kamwa nzete ya mokuse pe namoni eza pembeni ya libanga ya monene namoni kamwa sac pembeni na yango nde nali komona balakisi nga.
ID_LFETUG,Namoni na kati ya ndako moko boye mwa mesa eza na ba mwa biloko likolo na yango namoni ba mwa teni pe teni ya ba mwa mbala oyo ya sukali na kati ya sane ya monene pe namoni ba pondu na ba sane ya monene pe na ba mwa biloko oyo ebele ya kolia monani baza kozela bato baya kolia pe eza mwa eyenga mboka.
ID_LBPCDU,Murume akazembera pasimbi ine ruvara rweyero. Akapfeka hembe tema netarauzi rejini. Pamberi pake pane murume akagara akaisa masiki pamuromo akabata mari muruoko rwerudyi. Ruoko rweruboshwe rwune wachi uye ari kutengesa mamasiki.
ID_IVNORQ,Michero yakasiyana siyana yakachekwa ikaiswa mubhodhoro mune mvura inodzivirira kuora kwawo kuti igozodyiwa munguva ichatevera.
ID_WHUXCU,Mombe dziri mudanga uye mombe idzi dzine ruvara rwebhurauni. Dzimwe dzine nyanga. Panewo kamhuru kane ruvara rwebhurauni. Imwe yemombe idzi iri kudya sauti ine ruvara ruchena.
ID_FEXOME,Na foto oyo nali komona balakisinga awa eza bilamba ya bana basi nali komona eza na balangi ya bozinga ya longondo pe na balangi misusu.
ID_SYGVYQ,Bazokotonga ndako ya etage.
ID_JIMMLA,Eya namoni batata mikolo ya mindele bafandi esika moko bazosolola.
ID_PLPFOQ,Chirimwa cheVisa ichi chakachekwa. Chinoratidza kuti mukati macho mutsvuku kunze neruvara rwegirinhi rakacheneruka. Chirimwa ichi chinoratidza kuti chaibva chava kuda kudyiwa.
ID_XZTSMF,Motokari dziri kufamba pane mugwagwa wakaiswa tara. Mugwagwa wacho uri pedyo nemiti yemijakaranda. Miti iyi haina mashizha akawanda uye ine maruva airi kudonhedza. Panewo rusvingo ruri kumberi rinodzivirira kuti vanhu vasaende kudzimba dzevanhu nepavanoda.
ID_CHDRNT,Liboso na nga namoni mayi mayi mingi pe na mayi wana namoni kolona yango eza nzela nzela ya mabele te pe nzela oyo babengaka na monoko ya lopoto eza pont nde namoni pe namoni ba mituka mingi mituka ya pembe pe mituka ya moindo na bato mingi bazo pe na ba matiti na pene pene na yango.
ID_WRJKBM,Awa tozomona eloko esimbi eloko babengi singa ya chargeur oyo esalaka moto ekota na kati ya telefone yango wana bazolakisa biso loboko esimbi yango ezali na langi ya pembe.
ID_NHJQMJ,Chitoro chekutengesera hembe chine madziro egirazi anooneka zviri mukati. Mune zvidhori zvakapfekedzewa hembe dzavanhu. Chimwe chidhori chidiki chakapfeka dhirezi romwana repingi.
ID_ELYVBC,Matomatisi akawanda achiri mumunda asi akura zvino uye aibva. Akatsvukirira. Asvika panguva yekuti achikohwewa.
ID_KZOKGB,Awa nazali komona biloko oyo basalelaka na bilanga babengaka yango kongo pe kuna na liboso namoni mwa bilanga baloni biloko lokola ba choux eza komonana kuna liboso.
ID_HXUZOB,Esika bakondaka bato esi ekomi na zamba matiti ebele eboti eza ya mobeso eza na bakasa eza na langi ya pondo eza na kasa moko lipeka peka etelemi kasa yango eza ya mobeso eza na langi ya mai ya pondo lipeka peka yango eza na langi ya chokola eza na bakasa mosusu ya kokauka.
ID_HOAJII,Shangu dzechidzimai dziri pamwe chete. Shangu dzacho dzakangogadzikwa. Ishangu dziya dzisina tambo uye ishangu dzekuti munhu anogona kupfeka achida kuvhakacha. Shangu dzacho hadzidhuri kana uchida kudzitenga.
ID_YNKOQY,Awa nazomona mashine nazomona mashine awa.
ID_DPORVV,Na foto oyo nali komona balakisinga eza sani ya pembe batiyango likolo ya mesa mosani oyo namoni mbisi namoni fufu pe namoni pondu namoni na pilipili.
ID_PCHJMX,Mushini unoshandiswa pakuongorora zvirwere zviri muviri uye unobairirwa kumagetsi kuti uone kushanda mushure mekunge wabatidzwa. Padyo pane kamu inotwasanudzisa bvudzi.
ID_PVXWGL,Mharadzano dzemigwagwa miviri yakapamhamha ine tara. Murikufamba motokari dzine mandudzi akasiyana nevanhu varikufamba mujinga vamwe varikuratidza kuti varikuda kubira migwagwa vamwe varikugara vachiratidza kuti varikutengesa. Nechekumberi kwacho kurikubuda midhuri yakanaka zvinoratidza kuti nzvimbo iyi iri mukati medhorobha.
ID_HBRDXA,Munhukadzi akarukwa mitsara yemadhiredhi inoenda kumativi ichibva nechepakati. Madhiredhi ake matema uye marefu zvekudarika mazamu ake.
ID_SKVOBK,Na bilili oyo nali komona balakisinga eza frigo mpenza moko na kati ya ndako ali komona biloko na kati bamilangi pe na bamwasani.
ID_BQTUGO,Bhatafurayi rakamhara pasi. Rinoratidza kuti rine mavara mavara. Nechekumusoro kwemapapiro aro rinoratidza kuti rine ruvara rutema yobva raita ruvara ruchena. Nechemuzasi tichienda kumutumbi rinoratidza kuti rine ruvara rutsvuku. Kumutumbi waro rinoratidza kuti rine mavara machena nemavara matsvuku.
ID_GWQLRG,Nzvimbo ine mugwagwa wevanhu vanenge vachifamba netsoka. Ine miti yakati pano neapo ine mashizha egirini. Hapana uswa hwakawanda hwatiri kunyanya kuona.
ID_RHQGBX,Boye nazomona eza bato baza ba sportif bafandi na terrain bazosala ba entrainement na bango bazosakana ezali batata bafandi na mwasi pe moko aza pembeni na mwa fandi.
ID_VUVJWI,Muti una mashizha madiki mazhinji anopa mumvuri wakanaka uye mukuru kwazvo.
ID_PPVGVT,Na esika tokomi awa nazomona ndeko mobali moko atelemi awa alati babilamba ya maputa epi ndeko yango namoni aotala na maboko na ye fone telefone na ye mpona abenga motu.
ID_XKPYUW,Liboso na nga na moni eza kabati kabati monene kabati oyo batiaka ba buku ya kotanga nde na moni yango liboso na nga batie ba buku wana kitoko mpenza moni epesi mposa ya kotanga.
ID_PBZOVJ,Elili oyo ezolakisa biso etaleli ya nsima esika tozomona mwana mwasi akangi suki ya maboko ezali ndenge moko te na misusu kokai na misusu ozomona bazolakisa biso modele ya suki ya maboko na ndenge ekangami.
ID_CEHWTB,Motoka minene oyo ekumba essence kasi eza na balabala eza motoka moko awa pembeni eza na balabala.
ID_DQNKGM,Na elili oyo nazomona bazolakisa biso moto na balabala azopusa brouette esika nazomona esika azoleka na balabala ezali na elili na mur bakoni sonilabu tantie.
ID_XFMSIQ,Awa namoni batongi ba mabanga ebele nakati ba tii kamwa ndaku ba tii vierge marie nde biloko namoni awa.
ID_TDFPVB,Mureza wenyika yegatamara una mavara ebhuruu ekutanga nekumucheto. Pakati pane ruvara ruchena. Panewo mucherechedzo weshiri nebepa uyewo nezvakaita zvirimwa.
ID_COIPSP,Vatambi venhabvu vari munhandare yave kutambira nhabvu vari vana vechikoro.
ID_FNKFXO,Chikamu chenhandare. Nechedivi rekuno kune varume vakapfeka hembe dzinopfekwa nevatambi. Umwe akagara pachigaro chake. Kumberi kune vamwanhuwo asi kune zvimwe zvigaro zvisina kugarwa.
ID_DFKJAI,Ivhu rine makomba akacherwa. Makomba acho haana kunyanya kudzama. Akacherwa achiitwa tumitsetse. Makomba aya anogona kushandiswa kusimiwa zvirimwa.
ID_YLLAAX,Maruva akadyarwa ayo ari kukura. Anewo mashizha egirinhi mamwewo ari kubhuruma zvine ruvara rwepichi. Anonakisawo nzvimbo pangava pamba kana papi paakadyarwa.
ID_FHZRBF,Muchina uyo uri kugadzirwa une ruvara rwebhuruu neruvara rutema neruvara ruchena wakanyorwa parutivi pane gwapa jena nemavara matema.
ID_XFCXUL,"Musika uri kutengesa zvakasiyana siyana. Pane makotopeya, zvinanasi, mabhanana, mango nezvimwewo zvakadaro. Makotopeya ane ruvara rwegirinhi namavara mavara matema. Koitawo mabhanana ane ruvara rweyero nemamwe ane ruvara rwegirinhi akakangavira. Mango dzina ruvara rutsvuku."
ID_AAOODF,Bato ya masano ya baskete bazali kobeta baskete na terrain ya baskete bayi bongo bilenge mibali balati bilamba na bakilote na basengle na langi ya lilala mosusu langi ya bozenga.
ID_FUVYYY,Michero yakaibva yakarembera padanda remuti. Ine ruvara rweyero uye kumativi kwayo kuri girini. Paira pane mashizha yakangomira yakarembera iri yega. Michero inodyirwa nevanhu kuti ibatsire muviri kurwesana nezvirwere uye yakanaka kuti haina mafuta.
ID_SMXLEB,Kasi boye okoyeba te soki eza neti nini boye ezali moto batie na kati ya ebale ya mokie neti rivière kasi batie na kati ye boye eza kosala ye bateme eza na batata mibale basingi ye na loboko mibale.
ID_SMSMAM,Mudhorobheni mune zvivakwa nemigwagwa. Motokari dzimwe dzakamira pamativi emugwagwa. Vanhu vari kufamba vachiendawo kunzvimbo dzakasiyana siyana.
ID_MUYVGV,Kisi eza na langi ya pembe motani pe mbwe na bozinga.
ID_BDLDQK,Vatambi vebhora vakamira munhandare. Vakapfeka hanzu dzakafanana neshangu mumakumbo avo. Vakamira vakatarisa zvichiratidza kuti varikutorwa mapikicha zvekare varikuimba nziyo yekusimudza mareza wenyika yavo.
ID_SZCLMK,"Huku dzakawanda dziri muchirugu.Ndedzemhando dzechibhoyi.Dziya dzinochengeterwa mumisha.Dzina mavara akada kuenderana ebhurawuni,zvitema nezvichena."
ID_ARHAXW,Awa nazomona emballage ya kisi eza na kisi na kati kasi kisi yango eyebani te soki pe ebikisaka maladi nini nayebi te.
ID_ZUWDYE,Na bilili oyo nali komona balabala ya moindo namoni ba fleur pembe na balabala oyo pe namoni ndako ya molai pe ya kitoko balakisi nga awa.
ID_UROXOJ,Tozali komona eza eloko oyo ya ba electronix tozomona baza kolakisa biso ba bafle ba bafle ezali oyo soki oza kobeta miziki to ozali koloba na mikro omona elekaka awa ebandi koloba makasi makasi po bato bayoka.
ID_CUSTOO,Mhete idzi dzakasiyana siyana uye nengetani dzekuisa muhuro. Nze dzegoridhe. Dzimwe dzidiki dzimwe dzihombe. Dzimwe dzine mavara akasiyana. Dzakaiswa patafura yebhureki. Dzakawanda.
ID_LCIVIO,Loboko ya motu esimbi carton ya kisi carton ya kisi yango eza na langi ya bozinga na makomi eza na langi ya moindo na mosaka na motane na moni bakomi na kisi yango diklopenaq eza kisi ya komela mpona koswagne ba maladie.
ID_XTDFEU,Elili oyo namoni liboso na ngai awa namoni mwa nzete ya kitoko mpenza nzete oyo emonani eza nzete oyo babenga yango na monoko ya lopoto bambu eza kitoko mpenza.
ID_EUGOLJ,Chitoro chinotengesa nhumbi dzechidzimai nedzechirume uye mune mukadzi arimo ari kuona zvinhu akabata bheke tsvuku nehembe dzakaiswa pazvidhori dzina maruva maruva nedzimwe dzisina maruva.
ID_CURVSX,Na elili oyo nazomona esika bazolakisa biso mutu asimbi ndambo ya bileyi babengi chou.
ID_VINFUR,Munhukadzi akabata shaya. Akapfeka hembe ine ruvara rutsvuku. Akaruka zvinhu zvakanamira mumusoro zvichienda kumashure zvichiremberera muromo wake une ruvara rwepingi netsiye dzisina kugadzirwa.
ID_FGBZEX,"Nyama yakabikwa zvakanaka yakasangana netumwe tunhu turimo tunenge tumupunga tunoita kuti ikorere zvakanaka supu yacho. Uyewo nyama iyi kana munhu oda kudya anogona kuisawo kana sadza parutivi, chingwa, mamakaroni nezvimwewo zvakadaro kuti nzara yacho ibva yanyatsopera."
ID_WZHDZH,Liboso na nga awa namoni ba tata mibale moto na moto aza na bike na loboko pe bao signe likolo ya ba papier oyo.
ID_XGOOWY,Liboso na ngai nazomona bamatiti ebele likolo na yango nazomona balabala na kati na yango nazomona bamituka na bato ebele bazotambola.
ID_UTHIVY,Vatambi vari munhandare vanomwe. Vatambi vari nechepamberi vakaita zvekujonjomara. Vari kumashure vakaita zvekumira uye vamwe vacho vakabatana kumapfudze. Mutambi ari pakati akapfeka zvakasiyana nevamwe.
ID_PWNRMS,Vanhu vari kufamba vachienda kunzvimbo dzakasiyana. Vari pazvitoro mudhorobha vanosanganisira varume nevakadzi. Vamwe vari mumakombi apo vachienda kuine imwe nzvimbo.
ID_BRZJGE,Mukomana akamira pamberi pechidziro akabata bhachi mumaoko make. Ane shangu dzekufambisa dzitema uye iyi akapfeka hembe nhema imwe yakanzi Naigi.
ID_QQXOPN,Nhandare iri kuyevedza kutarisa nemhaka yekuti ine huswa hwegirini hwakanyatsochekererwa. Panewo chivako chiri kumashure. Nhandare iyi inogona kutambirwa mutambo wekiriketi.
ID_URTBTP,Vanhu vakawanda varikuratidza kuti panzvimbo apa pane chiitiko changachiripo. Vakapfeka hembe asi pana madzimai akapfeka hembe dzebhuruu nezvekumusoro zvichena nesiketi yebhuruu uyezve nedhuku rakaita rebhuruu. Vanoratidza kuti madzimai echechi uyezve zvinoratidza kuti hembe dzavo dzinopfekwa kana paine ungano.
ID_TRPWAZ,Zvirugu zvinoratidza kuti ndezvehuku. Izvo zvakavakwa namasimbi newaya. Pakaiswa zvikamu zviviri pasi nokumusoro. Munewo midziyo inoshandiswa pakuisira mvura uye chikafu chehuku.
ID_HXTVSU,Mbili oyo ezali komonisa biso buku tozomona eza na ba dessin ya bana moke.
ID_SEHLEP,Mafuta oyo mafuta ya kitoko ya kopakola babengi yango kokoa biter formula ezali mpona kopakola na nzoto ebombeli na yango ezali na langi ya pembe na ezali na langi ya shokola ezali pe na langi ya bozinga ezali pe na langi ya motane moto asimbi yango na maboko.
ID_QTXJXV,Girazi rakabatwa neruoko rwemunhu rine zvitaira taira. Girazi iri rinoshandiswa kunwa mvura kana zvinwiwa zvimwe zvakasiyana siyana.
ID_LBHOTH,Nzvimbo ine zvitsvina. Pane vanhu vakamira nevamwe vakagara. Pane mumwe akazembera chingoro chakabheurwa. Pari pane rori iripo ine ruvara ruchena nekamutsara katema padivi kakanyorwa nemavara machena.
ID_LFOMIT,Muguta reHarare. Munhurume arikufamba akaisa maoko muhomwe aine kepesi uye masiki. Motikari ichena. Motokari dzirikufamba mumugwagwa. Denga rine makore.
ID_CNMTHU,Vanhu vakagara varikutengesa mbatatisi. Mai vakapfeka zvichena nedhuku rine ruvara ruchena. Pane mbatatisi dzavarikutengesa mirwi nemirwi. Pamberi pane murume arikufamba zvekare arikuratidza kuti arikutsvaga mbatatisi idzi. Kumberi kune vakawanda varikuuya varikutsvaga zvekutenga. Uye pane mukomana anechingoro akamirira vanhu vanotenga mbatatisi kuti agovabatsira kuvaisira mugoro achivaperekana.
ID_SNVZKP,"Matehwe mana empada. Aine mavara machena, tema uye ebhurauni. Akawaridzwa pane girini pasi."
ID_ZPCTZV,Vatambi vange vachitamba mutambo. Vari kuratidza kuti vakunda pamutambo uyu. Vapihwa masetifiketi uye vane menduro dzavari kuratidzira.
ID_FJHUKW,Na bilili oyo nali komona balakisinga logo pe eza na balangi ya pembe na moindo na kati te nali komona balakisinga na logo oyo.
ID_HGBIRJ,Kupusha chingoro chine mawasheni bhasiketi. Migomo ine ruvara rwebhuruu nerutsvuku. Munhukadzi akapfeka hembe yeyero kumusoro. Tirauzi rakasvibira. Motikari imwe ine ruvara ruchena.
ID_JFEGKS,Murume mutsvuku ari pambozhanhare yake. Akapfeka chikabudura chitema uye shangu dzerudzi rwematenesi dzisina mushinda. Murume uyu ari kufamba mumugwagwa achipesana nemota chena.
ID_NTGLVW,Eloko nazomona awa liboso na ngai eza eloko oyo babengaka eza mafuta ya bana mike ya babebe ya kopakola na nzoto ya mafuta moko ya kitoko vrema mpona babebe sikuna molangi yango pe namoni koza foto ya bana mibale batolovide balati eloko te likolo eza babebe.
ID_CSUPIY,Nzvimbo ina maruva emhando dzakasiyana siyana ayo akaisirwa mavhu muzvipepa zvitema. Nzvimbo iyi ingangova inotengeswa maruva.
ID_SFFHJS,Awa nazo mona na miso nanga photo ya bana bana mibale ba telemi awa liboso na ngai eza bana mibale ya mibali ba telemi liboso na ngai awa bana mibale ya mibali.
ID_BWBLLL,Na bilili oyo tozali komona awa liboso nabiso tozali komona bongo ba sabuni soki totali makambo bakomi naba carton yaba sabuni yango ezali bongo oyo mutu asokolisa yango nzoto.
ID_KXUYAU,Mugwagwa usina tara uri mudhorobha. Mugwagwa uyu wakanangana nechitoro chinonzi Farm NCD. Kunze kwechitoro ichi kwakapakwa motokari zhinji dzine ruvara rwakasiyana.
ID_FUPBNF,Mhuka yomusango iyo ine nyanga dzakakorerera. Ina maziso makuru yoitawo nzeve dzakakura. Ine ruvara rwebhurauni muviri wese. Pamberi panewo mavara mavara machena.
ID_FGIQHS,Photo namoni balakisi awa namoni eza ndaku ndaku wana eza ndaku munene kuna naya mukusi awa namoni ba fenetre mingi ba fenetre eza ba couleur naba verre naba eza diva ba fenetre nde namoni awa.
ID_BPMRMX,"Zvuma zviri mukati mechitoro zvakaitwa mapotomapoto. Zvimwe zvine ruvara rweyero, zvimwe zvine ruvara ruchena neruvara rutsvuku neruvara rweyero uyezve nezvimwe zvine ruvara rwepepuro neruvara rwebhuruu."
ID_USSSXY,Shangu mbiri dzemunhukadzi dzakaiswa mavara pamusoro uye dzine tambo yekubata gumbo dzakavhurika dzinoratidza kuti dzinopinza mhepo munguva yekupesa.
ID_KZHIEW,Muturi mudondo pane mauswa nerukato. Une hunde mbiri kuzasi. Wakabatana kumusoro. Une mhanda dzakawanda. Wakatemamwa mumatavi kukasara matete. Kuruboshwe padavi rakatemwa pane gomarara rakamera rine ruva dzvuku.
ID_UEKELA,Bato basangani na mesa ba mibali kaka bazokoma likolo ya mesa na bango wana eza ba mayi na ba sucre.
ID_FASBOF,Na foto oyo nali komona balakisinga bandeko mibali baza ba joueur baza na kati ya balabala bali kosala sport pe balati bilamba ekokani nde namoni balakisinga.
ID_ACZEVJ,"Iyi mhando yehuku ine manhenga akawanda ebhurauni ane machena. Musoro wayo muduku kupfuura muviri wayo. Makumbo ayo akatsika pasi panoratidza kuti pane masora ebhurauni. Matema, maziso haasi kuoneka nekuda kwekufushirika nemambava akawanda. Muromo wayo wakanongedza mberi. Kumashure kune fenzi yegireyi."
ID_KVDOAK,Na bilili oyo tozali bongo komona photo ya libota libota tozomona ndeko ya mwasi ya mokolo oyo akoki kozala mama na bango asimbi mwana moko ya mwasi pe pembeni na ye tozomona mwana moko ya mobali ya muke.
ID_MCNTAD,Oyo ezali drapeau ya mboka.
ID_GVCKDT,Foto elakisi biso mwa balabala ya molai na kati ya balabala na motuka eza te moko te pe na moni bandako pembeni ya balabala oyo na bamwa lampe ya publike na kati ya balabala eza kopela eza balabala moko kitoko mpenza.
ID_OMVDDX,Awa tozali komona eza eloko babengi bare e restaurant tozali komona na kati awa baza koteka masanga ezali esika pe batekaka na biloko ya kolia kasi tomoni balakisi biso bakiti o bafote ya kitoko na mesa ya kitoko kasi batu bazali te kasi na ntako yango ezali kitoko mingi.
ID_FYISHL,Chiruva chechimuti chakachekererwa pazasi kuita denderedzwa. Pamusoro zvekare chikachekererwa kuita denderedzwa nechepamusoro. Chimuti ichi chine mashizha egirinhi ane kahuyero nemamwe ane kahubhurawuni nezvimiti zvinoita kunge zvaoma zvine ruvara rwebhurawuni. Chiri padivi pechivakwa chine zvidhinha zvitema.
ID_KMVRGB,Rusero rudiki rwunamakotopeya mana namabhanana erudzi rwamadiki nepain epuro yakasiiwa chekumuromo chisina kubviswa. Zvakarongedzwa zvakanaka. Zviripatafura repuranga zvinoratidza kuti zvinhu izvi zvichiri fureshi kunze kwemabhanana akuratidza kuda kusvava nekutsva.
ID_QJKNRG,Boye kasi nde nazomona ezali liboso na nga eza ndako neti na nsima ya ndako boye nazomona eza na langi moko ya shokola boye pe na nsima ndako yango nazomona eza na langi moko ondire ya pembe ya mipembe makasi te.
ID_UZNHDS,Nyama yehuku yakanatsobikwa zvakanaka uyezve yakabikwa zviri zvidya zvogazvoga. Pamusoro pakabva pagadzikwa madomasi uyezve nezvimashizha zvegirini kuwedzera kunakisa zvibikwa izvi.
ID_SIVQTY,Awa namoni balakisi biso mwa buku e namoni eza buku oyo eza na lisitwalo ya mwana mobali moko oyo asimbi apare ya foto na maboko na mwasi moko afandi pembeni na ye.
ID_ECYWVS,Awa na moni eza alimentation na kati ya alimentation na moni ba milangi ya masanga ebele eza awa bao teka nde yango oyo ba lakisi biso awa.
ID_FSMBVW,Awa tozomona bato bazosala election soki ezali ya politique wana nayebi te nazomona journaliste moko azali na micro na ye ya langi ya bozinga azotunisa ye ba question moto moko ndenge amonaki election wana.
ID_IZARIE,"Mureza wenyika inonzi Dominica. Mureza uyu une zvikamu zvina zvine ruvara rwegirini uyezve woita mitsara ine ruvara rweyero, mitema nemichena. Pakati payo rine denderedzwa ritsvuku rine nyeredzi dziri mukati dzine ruvara rwegirini neshiri."
ID_BYLITH,Muchina wezvinwiwa une zvigaba pamusoro zvegirazi. Mukati mazvo mune zvinwiwa zvakasiyana. Chimwe chine chinwiwa chitsvuku chimwe chinwiwa cheyero.
ID_YCUAQR,He foto nazomona liboso nangayi nazomona ndeko mwasi yamokolo asi akoli asimbi mwana namaboko pe soki totali malamu mwana ango azobela aza nanzoto kolongono te.
ID_IQDIMJ,Na bilili oyo nali komona balakisi nga awa eza na kati ya ndako wana bamelaka masanga namoni ndeko mobali moko ya monene atelemi pe asimbi telefone na ye namoni mama moko alati bilamba ya mikuse.
ID_MWLIFS,Shangu yeruvara rwedenga rwakasvibira. Ine ruvara ruchena muzasi neruvara rwegoridhe kumasure rakanyora kuti pfuma uye ine tambo dzisina kusungwa dzakasimukira pamusoro peshangu.
ID_MJZITO,Awa toza komona baza kolakisa biso tomoni esika moko banzete ezali mingi na bafololo na esika baloni bafololo kasi kuna liboso kuna tozokomona ndako moko ezali ya etage moko kasi ndako yango ezali mpenza kitoko mingi te ondire ezali ndako moko babengi na lopoto babandule oyo bato batika bafandaka lisusu na kati te nde yango wana tozali komona.
ID_JFHUZS,Bine mibale ya motuka etoboki.
ID_FBJMUD,Pamusha apa pane miti yakasiyana. Pane mujakaranda uyo une mashizha akaregedzana. Kozouya pedyo nechidziro pane miti mitatu ine mashizha akapfekana.
ID_YHBQZY,Bilenge mibali bango wana baza na molongo kasi baza neti kobeta bale yango wana bazobongisama mpona kobeta bale balati pe bilamba ya kokokana ya pembe.
ID_AAYKBF,Na foto oyo nali komona balakisinga awa eza karton moko ya alimete batiango likolo ya libanga moko ya monene karton oyo eza na balange ya motane ya pembe pe ya mosapu na moindo.
ID_GOJFMX,Bandeko esika na komi awa nazomona na miso na ngai eza ebele bana mike bana mike ya na monoko ya lopoto babengaka bana mike baza na kati ya kelasi eza bana ya gardien ya maternel ya ecole maternel baza na kelasi na bango eza bana mitano bafandi na kiti bazosolola eya bana mike ya kelasi.
ID_XLPSXR,Bvudzi refu rakasvibirira rakarukwa zvakati tsepete nomusoro. Nechepanhongonya panewo madenderedzwa amaraini ayo akanosungwazve bvudzi richinorembera. Poitawo mimwe mitaro inobva nechepanhongonya ichidzira musoro wese kuchizoiswa zvuma pekupedzisira.
ID_VGRHEU,Dandemutande rine ruvara rwegirini neruvara rutema neruvara rwebhurauni. Akaita mitsetse inobva kumusoro ichidzika kumashure. Yakagara pasi pana mashizha akatumbuka. Mamwe ane ruvara rwepepuru mamwe ane ruvara rwakaita bhuruu mamwe ane ruvara rwegirini. Dandemutande ritori neshinda dzayo. Pane ruvara rutsvuku.
ID_VYVYRL,"Mango dzine ruvara rwakasiyana zvinoti yero, girinhi. Dzimwe dziri pasi dzimwe dziri mudheka ritsvuku. Parutivi pacho pane mahuswa egirinhi."
ID_YHQRIM,Kisi nkombo nango doxycycline eza na bwate ya pembe na langi ya pondu eza bakisi ya komela mpona kosalisa bato baza na infection.
ID_BNYYWA,Shenete ya kingo na ya loboko ya wolo.
ID_OAGKDL,Liboso na nga awa nazo komona eza parfum moko bakomi na yango scénario mpe bakomi pe lotion parfum.
ID_ANEMZF,Moto aza na makolo azotambola na nzela liboso na ye nzeta ebende ezali na nsima na ye motuka moko pe etelemi alati masapato ya pembe na likolo alati elamba eza na balangi mingi.
ID_PQWUBQ,Mumunda mune mavhu akachegwa chegwa nemapundo mamwe akaoma nemamwewo manyoro. Nechekumhiri kune tumwe tupundo nekuda kufukidzirwa nemavhu akachegwa chegwa awo.
ID_XIHAIR,Awa namoni balakisi biso mwa mpuku moko ya monene makasi e namoni eza mpuku oyo ezalaka na zamba na se ya mabele.
ID_KJVWAL,Uyu mudziyo uyu tino ushandisa kutesta zvinhu zvedu zvese zvemagetsi uyezve uri mukara yeredhi uyezve una manhamba aripo pauri mudziyo uyu.
ID_AVMULW,Motuka ya kitoko ya mwindo mpona bakonzi to pe libota.
ID_IMABFP,Motokari chena yakamira. Kumashure kwayo kune rori iri kutevera iri kufamba. Kumashure kwerori kune imwe motokari diki nhema iri kutevera. Kurutivi rweruboshwe rwerori kune mota tsvuku iriko zvakare.
ID_WSMAWR,Bendele eza na langi ya bozinga likolo ya monene na ligni moko ya langi ya pembe na katikati mosusu na katikati langi ya motani na se nango lisusu molongo ya langi lisusu ya pembe na se lisusu langi ya bozinga na katikati eza na minzoto esali cercle na langi ya mosaka.
ID_AWJYKX,Awa namoni tata moko alati kitoko aza na suki ya pembe aza na kati ya ndaku bazosolola makambo ya politike.
ID_YSXZVS,Motuka moko ya monene etelemi eza na langi ya motane eza pe na milongo ya langi ya mosaka na nsima na yango eza na langi ya pembe eza na bapina ya minene na se na yango pe eza na langi ya pembe.
ID_MEVBOM,Eloko nazomona awa bandeko eza obele bendela eya bendela moko mpenza ya monene mingi bendela oyo na moni eza na balangi balangi minei ekeseni bendela oyo eza mpenza ya bendela moko ya kitoko mingi.
ID_BZZNTU,"Nhandare yemutambo wekunzana nemasimba kana kuti wetsiva. Mune ruvara rwebhuruu pasi neruvara rwakaita bhurauni. Mune zvigaro zvine ruvara rweyero, rwegirini nerutsvuku. Mune maraiti anopfuta pamusoro. Mune vanhu vakagara nevakamira."
ID_IMGJFD,Awa tozali kotala batu babilenge mibali oyo bazali bakonzi tomoni balati kitoko balati bakazaka ya kitoko toloki balati bakravate toloi balati na bashemise na kati tomoni bazali kosala eloko babengi masano tomoni bavandi na bakiti bango nyonso bazali kokoma bazali batu ya politiki.
ID_GESZQP,Bvudzi rekuwedzera rakarukwa pamudzimai uye rakasanganiswa pakati ndobva rareba richikwira mudenga uye rine ruvara rutema tema.
ID_HCAQMQ,Liboso na nga awa namoni mwana mwasi oyo bapesi coupe ye abetaka basket.
ID_CAEBSB,Liboso na ngai awa nazo komona photo ya sapato sapato yango ndenge ezo monana eza na bosoto mingi eza na bosoto mingi pe sapato yango batie yango likolo ya tapis eza ba carotte eza ba tapis.
ID_UOPBUE,Zvivakwa zvakakura zvakawanda zviri panzvimbo iyi zvakavakwa nezvitinha zvine ruvara rwebhurauni zvikapendwa neruvara ruchena. Pakati pezvivakwa izvi pane miti mihombe ine mashizha ane ruvara rwegirini.
ID_IYXUVC,Maruva akasiyana siyana uyezve nemurume akabata hwahwa hwake uyezve akapfeka nhumbi yebhuruu nejinhi ruva repepuri.
ID_FRPCWP,Awa nazali komona bana mibali bazali kobeta eloko babengaka basket bazali kosakana bamosusu balati elamba ya mosaka na mosusu balati pe elamba ya bozinga.
ID_PGCLNI,Mukadzi akarukwa mabhanzi akanaka. Akarukwa neshinda nhema ari makomo. Akavhurwa mitsetse yakanyatsonaka nekuti ganda remusoro rikuonekwa kuchena kuti weke. Iye akatarisa nechekurutivi. Mabhanzi akaitwa hata yakanaka nechepakati achienda kumberi.
ID_KJPMTZ,Awa tozali komona ezali esika oyo mabele ekweyi ebukani esika oyo babenga erosion tomoni bato mingi bazali wana bazali kotala ndenge nini mabele ebukanaki bazali kokamwa bazali kokamwa mingi.
ID_QQNNCC,Awa tozali komona ezali camion moko oyo ezali ya monene tomoni ezali camion te ezali bus oyo ya monene nde tomoni etelemi pembeni ya balabala tomoni ezali na langi oyo ezali na langi ya mwindo tomoni na oyo ya motane ezali na kati tomoni etelemi na balabala yango tozali komona awa tomoni ngambo kuna bandako oyo ya etage ezali na langi ya pembe nde tozali komona awa kasi na balabala bamutuka eza koleka te.
ID_NMFAKL,Na kati ya sale bato ebele basangani bacameron mpona kolanda formation moko mpona bo bakutani.
ID_FOIWOL,"Eloko bo lakisa biso awa na moni eza sapato,sapato yango eza ya bana basi nde bati likolo ya tapi bo lakisa biso awa na miso na biso."
ID_KRJRRI,Munhu akabata banga neruoko rwake rworudyi. Rworuboshwe rwakabata domatisi rwakaritsigira kuti risadonha achiri cheka cheka neruoko rwake rworudyi. Zvinoita kuti tifungidzire kuti pane zvaari kubika uye ari muimba yekubikira.
ID_YXYKJA,Na esika tokomi awa namoni bazolakisa nga bandeko eza obele esika baotekisa babiloko oyo bakomiaka na yango na kati ya kelasi oyo babenga yango ba cre oyo eza ba cre ya ndenge na ndenge ya balangi ya pembe ya motane.
ID_WVPTRD,He na liboso nangayi namoni eza na monument likolo ya monument namoni bikeko mibale eza na maboko te nde namoni mabele naye lisusu balati te kuna ya rompe wana namoni ndako ya monene.
ID_IOSAJP,"Mureza unomiririra imwe nyika wakagadzirwa namavara akasiyana anosanganisira matema, yero, ruvara ruchena, rutsvuku neruvara rwakafanana nedenga risina makore rwakasvibiruka pakati payo."
ID_MKIPOE,Bhora rakagadzikwa panzvimbo ine uswa hune ruvara rwegirini nemavhu akawandisa. Pane mashizha embanana akaoma akadonhera pabhora iri. Bhora iri rine ruvara rweyero neruvara rwepepo.
ID_EAXNCQ,Bhutsu tsvuku kana kuti ine ruvara rweredhi yegumbo rwekurudyi iri yechinhukadzi.
ID_IVVGIB,Awa namoni eza na bato ebele oyo batelemi esika moko na kati ya ndako e liboso na bango eza na mwa mesa ya monene na ordinatere eza na mesa na mwa kopo ya komela mai.
ID_INGTEI,Awa namoni balakisi biso tata moko oyo azolika liboso ya ndako namoni tata yango alati kitoko makasi pembeni namoni eza na mwa ndako moko oyo bapakoli yango langi ya pembe.
ID_UYYZRT,Milanga esili ko bimisa ba mbuma nango oyo ezali fruit ba bengaka paka paka eza na langi ya lilala pe na mwa langi ya pondu moke.
ID_KAXPYS,Bilili oyo nazali ko mona awa nazo mona ezali bongo mesa likolo ya mesa yango nazo mona ba saani saani moko ezali bongo na mbisi ya mayi sani mosusu na moni ezali na ndunda pe sani mosusu kuna na moni pe batie mappa na kati.
ID_NTGXTG,Elili oyo namoni liboso na ngai basi mibale batelemi balati kitoko pe balati bamwa biloko ya matoi oyo babenga yango na monoko ya lopoto babiju pe namoni moko aza na mwa sakami na loboko pe barobi na bango eza na balangi oyo ya bozinga batelemi pe kitoko mpenza.
ID_IODZNG,"Vanhu vakawanda vari kufamba mumugwagwa. Vamwe vari kufamba vakatakura zvinhu zvavari kutengesa. Kumativi kwemugwagwa kune misika yakarongwa iri kutengesa muriwo, matimati nehanyanisi."
ID_EZCCJG,Vanhu vari munhandare yebhora. Vakapfeka hembe dzemutambo. Pane bhora riri muchadenga. Mumwe akamira ari kuratidza kuti ane chekuita nebhora iroro kuti rakandirwa mudenga. Pane vakagara kuzvigaro. Vari kuyeva zviri kuitika munhandare nevarume vaviri. Mumwe ari kune rimwe divi. Vari kuona zviri kuitika. Vari kuita samarefu emutambo uyu.
ID_MLEGVG,Eya wana moni toza na kati ya sale monene na moni eza na bato oyo basimbi bambonda na makolo bazobeta eza na bana basi na bana mibali na moni pe mosusu azobeta ya lindanda bango to balati ndenge moko.
ID_BRLAKJ,Awa ezali lisanga ya bakonzi ezali na reunion ekosola makambo ya mboka.
ID_ZPDKPY,Shangu idzi dzitema uyezve dzinoratidza kuti dzakasonewa. Nechekumashure kwadzo dzinoratidza kuti dzakuperera pasi nokufamba.
ID_ILZBDG,Lipabul batie na kati make ya ko kalinga na musuni pembeni na yango frite ezali pe eza na ndunda mobesu na pembeni na yango.
ID_BUPBKJ,Loboke simbi nzeta fufu.
ID_AMCCBI,Simbi inodaidzwa kuti shoko iyo inoshandiswa pamotokari. Yakagadzirwa nesimbi inoita basa rekuti motokari isanzwika mabhambi kana ichifamba.
ID_AKEKCT,Awa namoni eza na kati ya bilanga liboso na ngai nazomona mbuma moko ya kitoko pe ya elengi mingi.
ID_JODRQI,Bendele bendele yango ezali bendele eza na langi boye ya bozinga eza pe na langi ya motane kasi yango bendele oyo ezali bendele ya mboka oyo nayebi te.
ID_JNBDOP,Sango rine sora rakaoma nemiti yakasvibira ine mashizha egirini. Rakakomberedziwa nehwaya ine mapouro esimbi machena uye miti midiki.
ID_VJUJUD,Mugwagwa miviri une tara neusina motikari. Miti ine mashizha egirinhi nemaruva epepo. Huswa hwakaoma.
ID_RQNSVH,Munhukadzi wakarukwa musoro wakasonererwa vhudzi risiri rake pamusoro rakanaka kuuma rakakura kugotsi ipfupi. Kudivi rekurudyi mberi rakandonamirwa paganda rake rakamonyana-monyana. Wakapfeka magirazi achisekerera.
ID_SLVYIM,Balabala ya molai na kati ya zamba banzete eza ebele kasi namoni mutuka na kati ya balabala oyo te te balakisi biso na foto oyo.
ID_NXLUAE,Bhiri rekuisa pamotikari rakagadzikwa ririrega. Rine ruvara rutema nesirivheri pakati uye rakanyorwa nezvichena. Rakagadzikwa pamusoro pechinhu chine ruvara rutema nesirivheri uye pasi paro pane mataira akatsinhana zvakanaka.
ID_MRGPUB,Vanhu vakawanda vakamira mumutsara. Vari pamagirosa. Mumwe wavo munhukadzi wechikuru mumwe chete akagara pasi. Pamberi pake pane bhaketi richena.
ID_QWDAYZ,Chanza chemunhu chiri kubudikira chakabata mashizha emuti. Mashizha emuti aya mamwe ane girinhi yakanosvibira mamwe ane girinhi yakanochenerukira. Mukati mechikwenzi umu mune kopisi tsvuku yakaturikamo.
ID_IWEWTQ,"Logo ya pembe pe makomi na yango eza na langi ya bozenga,basela yango mingi na kati ya ba societe na ba entreprise."
ID_JVFLIH,Mukati memotokari inoratidza kuti itsva. Ine zvigaro zvine mavara matema neegireyi. Mune mabhandi anochengetedza vanhu kubva mujodzi. Parutivi payo pane ruva guru rine mashizha egirini.
ID_IABFQG,Bana basi misato bazobeta bale ya voleyball ba oyo ya ngambo oyo balati pembe pembe ba oyo ya kuna balati mosaka bazobeta bale yango na mabele.
ID_SOGDSX,Mumba yokurarira mune mubhedha wakakura chaizvo. Mubhedha uyu wakawaridzwa jira rine mitsetse uyezve mapiro ane mitsetse. Pedyo nemubhedha uyu pane chioniso chiri parutivi.
ID_ETCPAZ,Nzvimbo inowanikwa muguta. Ine motokari dzakanaka. Inewo zvipangwari zvinoshandiswa nevanhu vaya vanoda kushambadza. Pane migwagwa yakaiswa tara. Kumberi kuri kubudira zvivako zvakakwera mudenga.
ID_YSXMAC,Esika na komi awa ba ndeko na omoni eza na mwa nzela moko ya mabele na pembeni ya nzela na mabele na moni eza obele ba mituka mibale etelemi wana ba mituka oyo eza na langi ya mayi ya pondu.
ID_WUIHHV,Michero yakasiyana siyana inodyiwa navanhu. Imwe yacho irikuoneka mhodzi dzayo tsvuku uye imwe yacho yakacheneruka. Michero iyi ineimwe mitsvuku irikuwanikwa iine mambava.
ID_OPDKDJ,"Balabala ya kokufa mpona mayi ya mbula, mayi ya mbula ebeti etondi wana bato bazoleka na mopanzi moto moko alati elamba ya langi ya pembe na likolo langi ya bozinga na se na sima ezana mama azoyaka alati liputa ya langi ya mosaka."
ID_UGAAJY,Liboso na nga awa namoni balakisi nga mwa bwate pe na kati ya bwate oyo eza na bakisi na kati likolo ya bwate bakomi talodol pa nde yango oyo eza kisi nde eza na kati.
ID_ZSWGRX,"Michero inopa hutano uye inodzivirira kubva kuzvirwere inoti maranjisi, mabhanana, tsangamidzi uye makerotsi."
ID_CCMSCC,Motuka oyo eza motuka ba bengaka camion eza motuka oyo e memaka ba biloko e memaka ba zelo e memaka ba mabanga ntango bato bazo tonga ba bala bala ntango bato bazo tonga ba ndako mituka oyo nde e memaka ba zelo po bato ba tonga eza na langi ya pembe na ba pneu ya langi ya moyindu na pembeni wana eza na langi ya motane.
ID_FKVEEO,Shangu mbiri dzakavharika dzine ruvara rutema. Dzinopfekwa kazhinji nevanhurume.
ID_SWVGWH,"Zvinoshandiswa kukoma zvipikiri, masimbi nemapuranga."
ID_GQDNFR,Awa na moni eza esika ya bisengo liboso na ngai nazomona babilenge ya mibali na ya basi bango nyonso balati bilamba oyo elangi ya kololo na pembe.
ID_FUVCDX,Musoro wakarukwa vhudzi namabhureidhi marefu. Ane kuzasi kwaanoperera kwakatesvera akakora. Anorukwa achibva divi rwekuruboshwe achienda kurudyi achidzokera kumashure nekuseri kwenzeve. Musikana wakamarukwa wakapfeka dhirezi dzvuku risina maoko.
ID_UXUXQS,Kaloti oyo eza mibale ndenge moko kasi nyonso eza na ba ndunda.
ID_AICQQG,Na moni kisi oyo esungaka mpona malali ya libumu na kati na ndako na yango.
ID_ITMCTW,Maruva ari kuratidza kusvava uyezve mamwe akatumbuka sezvatumbukwa zvacho zvasvava zvaoma. Pana mashizha akaoma ane ruvara rwebhurauni mamwe ave neruvara ruchena. Aratidza kuti ari kudonha kubva pamashizha eruva iri.
ID_ZVIXHA,Imba yokurarira ine mubhedha wakaiswa zvekufuka. Jira rakadhizainwa zvakanaka nemaruva akasiyana siyana. Kune makabhodhi kumadziro ekurongedzera mbatya nezvimwewo zvinhu. Kune rimwe rutivi kune fafitera nemaketeni.
ID_QVBLES,Majirafu tu marefu refu.
ID_MYASSN,Foto elakisi biso na kati ya ndako moko boye na ndako oyo na moni mobali moko atelemi na ye likolo ya eloko pe aza kopakola mwa langi na ndako boye pe alati mwa single.
ID_QTCLHN,Masora akawanda ari pasi. Ane mashizha ane mizera yakasiyana egirinhi. Parutivi pane matombo.
ID_QFAWQN,Misoro yezvidhori miviri. Yose yakasungwa madhugu ane mavara mavara. Miromo yazvo yakapendewa zvitsvuku.
ID_OPOHQH,Vanhu vari panzvimbo inopiwa zvidzidzo. Pane vanhu vari kuratidza kuti vapedza zvidzidzo zvakavakupiwa mapepa avo. Vakapfeka magawuni ekuratidza kuti vagiradhuweta. Panewo vari kucherechedza vari pamberi.
ID_JCXYBZ,Mukomana akapfeka hembe chena nemudhebhe webhuruu neshangu chena akabata bepa dema arikufamba achienda nekunemvura. Akafuratira chivakwa chine ruvara rwebhuruu. Nemukomana akamira akapfeka tisheti ine ruvara rwebhuruu ine maoko mapfupi. Pane munhu akagara pasi ane hembe ine ruvara rutsvuku.
ID_YTIZJS,Gonye rine ruvara rwebhurauni rakasimudza musoro uye rine dumbu rinoratidza kuti rakaguta uye rakaiswa panotefetera pane ruvara ruchena.
ID_CCEJUY,Awa namoni liboso na ngai balakisi ngai eza bijouterie esika batekaka ba bijoux nde yango bazolakisa biso ba chenete na ba grumete bato balataka.
ID_ISKCCH,Vanhu vari pakati penhandare vanova vana. Vatatu vakapfeka mbatya dzine girinhi uye tema. Umwe wakapfeka mbatya dzeyero. Vari pedyo nemudhuri pakanyorwa kuti Zim Cyber City.
ID_MCYHND,Panzvimbo yokutengesera pane vanhu vakawanda. Pane mai vakabereka mwana nembereko tsvuku ine mutaro mutema uye madomwe madomwe. Pane murume akabata nharembozha mumaoko akamira parutivi pemaputi.
ID_PHABFK,Badza mudziyo unoshandiswa kuita mabasa akasiyana siyana. Vamwe vanoshandisa badza kutimbira mumunda kana kuchera makomba. Vamwe ndovanoshandisa panguva dzekusakura.
ID_EDVJNY,Panze pane sofa rakagadzikwa muvhu. Sofa iri rine ruvara rwakaita rutema. Pamusoro pesofa iri pakagadzikwa makusheni ane ruvara rwakati chenerukei.
ID_QDWOCD,Motuka oyo esalaka taxi ya langi ya pondu likolo eza na langi ya mpembe likolo logo na yango ya taxi eza na langi ya mosaka na bakoma na langi ya mwindo mwinda na yango eza langi ya motane.
ID_YUBNIJ,Na bilili oyo nali komona na sani oyo namoni pondu namoni bakwanga namoni pe bamisuni ebele biloko ya kolia oyo eza ya kitoko.
ID_IUIMQR,Na bilili oyo nali komona awa eza bambuma ya kolia nde nali komona eza na balangi ya pondu pe eza ebele.
ID_KWGXEV,Masofa akagadzirwa nematanda. Ane matanda ane ruvara rutema neruvara rwakachenerukira. Nechepamusoro pawo ane ruvara ruchena. Masofa aya anoratidza kuti akanaka uye anoyevedza kuona akagadzirwa zvine unyanzvi.
ID_ZDNNEM,Awa balakisi ngai bana mibale mibale bafandi baza na kati ya ndako bana mibali.
ID_NJUTWH,Midhudhudhu iyi yakarongedzwa zvakanaka. Pamberi payo yakachengetedzwa necheni iyo yakapendwa zvitsvuku nezvichena.
ID_FVYBJQ,Besu reshiri rakareba. Yakatorwa muviri weshiri usiri kuoneka. Rinoratidza kuti ndereshiri huru nekuti minhenga yacho yakakura. Ine ruvara rutema. Kuseri kwacho kune miti yegirinhi nemaruva.
ID_ARBIRT,Awa namoni balakisi biso mwa lipapa ya jaune ya kozuluka namoni eza lipapa oyo ya bana mibali batiango na se na kati ya ndako.
ID_AFAKEG,Foto elakisi pano publicitaire ya aviation moko babengaka yango lengo express.
ID_MJSRCG,Awa nazomona bana mibali bakende kosala sport namoni balati bilamba ya sport bana mibali bamosu batelemi bamosu bavandi.
ID_MFQGCD,"Nazo komona buku,buku yango eza ya bande dessinée na bande na couverture na yango eza bato misato moko ya suki ya mosaka mosusu na suki ya moindo mosusu mosusu."
ID_SWNBNQ,Miti yamarudzi akasiyana ine mashizha egirinhi. Pamberi pane ruzhowa rwefenzi uye pane mapango akamisikidzwa uye akatenderera.
ID_RSLMJI,Maruva akadzvarwa kuti nzvimbo itaridzike zvakanaka. Akaitwa matatu matatu zvine unyanzvi. Mamwe ari mudendenedzwa ari egirini. Pakati pakaiswa anenge zvimuti akatumbuka maruva matsvuku.
ID_FTZRME,Na bilili oyo twali komona balakisi biso awa eza bato ebele bafandi pe na pembe na bango lopango wana namoni batie badese misusu.
ID_CFSWOV,"Tafura iya ine ruvara rutema yakawaridzwa zvuma zvemuruoko nendarira dzemuruoko dziri kutengeswa uye dzakawanda dzina mavara matsvuku. Mamwe ane ruvara rutema, mamwe ane ruvara ruchena, mamwe ane ruvara rwebhuruu."
ID_IMQQQV,Foto eza liboso na biso na moni mwana mwasi ya kitoko pe ya pembe mwana mwasi oyo aza na basuki moko ya kitoko mpenza azolakisa biso ndenge bakangaki ye suki na ye ya kitoko.
ID_GCKZBD,Mukati memotikari muri kuonekwa mushina unoratidza kuti motikari iri kumhanya sei une zvitanda zvitsvuku zvakatenderera uye pakanyorwa nemavara machena.
ID_SZMOVM,Vakomana vaviri vari pakati pekurwa pamutambo wetsiva. Vakomana ava vakapfeka zvakasiyana. Mumwe akapfeka zvichena mumwe akapfeka zvebhuruu.
ID_WFSNBQ,Liboso na ngai nazomona moteur moko ya motuka.
ID_CNHGQK,"Esika bana bavandi awa, namoni eza neti baza na classe, namoni bazo koma na kati ya cahier, bango nyoso balati ba elamba ya classe, ba bengaka ba uniforme."
ID_FIVZJF,Awa pe esika na komi awa nazomona na misu na ngai bandeko eza obele pancarte eza pancarte moko ya monene ya monene mpenza eza na misu na ngai pancarte oyo eza mpona piblisite ya kobunda na covid naomona awa eza ya piblisite ya kobunda mpona covid 19 eza pancarte moko monene.
ID_PSPVUJ,Bhutsu yechikadzi imwe chete yakagadzikwa pasi. Ine ruvara rweorenji mukati ine ruvara rwakachena. Ine mabhandi ari kuonekwa anoshandiswa kuzosunga kumbo. Pasi apa pane ruvara rutema neruvara rwakachena rine madododo matema.
ID_ZTKFTF,Maruva akagadzirwa zvakanaka uye miti inoyevedza. Motokari dzakamira nedzimwe motokari dziri nechekure nemiti mihombe.
ID_DAOMCB,Komichi yerudzi ruchena ine mubato. Mune derere riri mumvura riri mukati mekomichi iyi. Sipunu yakabatwa ikabudisa rimwe derere shoma. Mvura yederere inoshandiswa nevamwe pakumwa uye derere rinobikwa rudyiswa sadza.
ID_PDIVWS,"Chitoro chinotengesa zvishongo zvemuhuro, zvemunzeve, zvemumaoko, zvemumakumbo zvakasiyana siyana. Zvimwe maringi emuchato zvakagadzirwa zvakasiyana siyana. Zvirimumasherefu zvakaiswa pamusika kuti vaonhu vaone zvishongedzeke. Zvimwe ndezvegoridhe zvimwe zvezvi."
ID_XXRGUZ,Muti une mashizha egirinhi akachenerukira nezvivana zvine ruvara rwebhurawuni zvakawanda. Muti uri padivi pemudhuri. Mukati memudhuri mune zimuti zihombe rine mashizha egirinhi akawandisa. Pane mumwe muti une tumabazi twakaenda mativi tune mashizha tudiki twegirinhi. Panze pemudhuri pane tumaruva tune tumiti twegirinhi.
ID_DDOTPI,Bato mibale bavandi na kati ya ndako mwasi na mobali baza na katikati ya mafuta ya komipakola malasi mafuta ya nzoto na mafuta ya motu nyonso ya komipakola biloko ya nzoto.
ID_OLQQKH,Zvipembere zvakawanda zvinodarika zvitatu. Izvo zvakamira panenge parutivi pomugwagwa. Zvipembere izvi zvihombe uye zvinoratidza kuti zvava zvekare. Zvine ruvara rwedota muviri wese.
ID_CDRINL,Ruoko rwakabata goka nhema yakabatidzwa kuti ipe chaedza murima.
ID_OESMJN,Michero miviri yerudzi rwendimu. Rimwe chete rakachekwa nechapakati. Tichitaridzwa mukati maro. Umwe makatsvukirira uyewo rakaibva rangomirira kushandiswa kana kudyiwa.
ID_YRXNJR,Motuka oyo ezali neti ya sika kasi ozomona ezali motuka neti eza kitoko pe makasi mingi yango eza na langi ya mwindu eza pe na langi ya mbwe.
ID_EOQIYP,Vasikana vanoita zvemutambo webhora ramaoko. Vaviri vakapfeka zvakafanana vaviri vakapfekawo zvakafanana. Vaviri vekuruboshwe vakapfeka hembe dzine ruvara rwebhuruu dzakanyorwa pamberi neruvara ruchena. Koitawo vamwe vaviri vakapfeka hembe dzine ruvara rwepingi yakachenerukira kumusoro yakanyorwa neruvara rwepingi nechevamberi. Kuzasi vakapfeka zvikabudura zvine ruvara rutema.
ID_SEJVSP,Musha wakakomberedzwa nehwaya. Mukati memusha umu mune sora riri kubudira rinoratidza kuti rakatsvukuruka kana kuti tingati harina utano zvichibva zvaita kuti tifungidzwe kuti rava nenguva risina kumbowana mwando. Pane dutu rezvigubhu zvakaunganidzwa kuratidza kuti zvinorasirwa ipapo. Nechekunze kwacho kuri kubuda marara akangorashwa rashwa anoratidza kuti mapepa.
ID_FALXJI,"Masofa akarongwa zvakanaka ayo ane mitepfetepfe inogarirwa navanhu munguva dzekutandara, kuzorora kana kuitawo zvimwe zvinhu. Ane mapiro awo ane ruvara rutsvuku nerwegireyi. Pakati pawo zvakare pane tafura."
ID_ZOIAKV,Milangi mibale ya savon mpona kosokola nzoto milangi mibale ya savon ya mai mpona kosokola nzoto.
ID_EJXBUL,Batu oyo balakisi biso bato bato baza mingi mpenza batelemi baza kolanda soki baza kolanda nini toyebi te tomoni kaka batelemi tomoni batika mwa tapi moko ya langi ya bululu na se soki balingi basembela soki balingi basala nini toyebi te bango moko nde bayebi kasi bato yango bazali mingi tomoni ngambo kuna ezali zamba ezali na banzete mingi ezali na bamatiti mingi soki bazala kosambela soki bazali.
ID_XYRMYH,Mitsvairo yakatsveta pasi yakaturikidzana yekutsvairisa panze uye mumba. Vamwe vanhu varikufamba vamwe vakagara. Motokari yakamira mumugwagwa.
ID_GTHNLE,Awa namoni toza na kati ya lopango moko ya monene namoni na kati eza na mwa ndako moko ya kitoko makasi oyo bapakoli yango langi ya pembe liboso ya ndako namoni eza na basapatu oyo batiki libanda.
ID_XHJUVO,Bandeko eloko nazomona awa na misu na ngai naza obele na kati ya ndako me ndako yango na moni naza na place oyo babengaka na monoko ya lopoto na salle a manger na salle a manger oyo na moni bato bazoliya bilei eza papa mama na mwana na ye baza na kati ya salle a manger baza na mesa bazoliya biloko ya kolia.
ID_FCQYCF,"Nzvimbo inotengeswa zvuma nemhete zvemhando yepamusoro. Zvimwe zvachona zvakarongedzwa nechepamukova kuti vanhu vaone senzira yekushambadza. Zvinhu izvo zvuma nemhete zviripo zvine ruvara rwegoridhe, ruvara rwesirivheri namamwewo mavara."
ID_ERVOTT,Awa nali komona biloko oyo balambaka namoni babirayi bacarote batungulu bapome bambuma nyonso bato baliaka mpona sante na bango.
ID_FDEPXL,Namoni eza esika basambelaka liboso na ngai namoni eza na balangi misato ya liboso eza langi ya bololo ya mibale eza langi ya pembe ya misato eza langi ya motane.
ID_QAFTFH,Katikati ya boutique ya cosmetique nazomona batekaka ba biloko ya mafuta ya kopakala na nzoto nazomona pe ba sabon liquide na ba pommade ya bana moke ya fazleine babengaka yango familia.
ID_JWAFPP,Na photo oyo nazali bongo komona loboko soki totali malamu ndenge manzaka eza milayi ezali bongo loboko ya ndeko mwasi asimbi na loboko naye molangi ya moke pe ndenge bakomi na molangi yango ezali bongo mafuta ya basi yakomi pakola na nzoto.
ID_KCSMOL,Vanhu vari munhandare vari kutamba mutambo webhora. Panoratidza kuti pane timu mbiri yevakapfeka zveyero kumusoro nevakapfeka zvebhuruu. Akapfeka zveyero ane bhora raari kuda kuedza kuti amhanye naro kuenda kunonwisa asi pane mumwe akapfeka zvebhuruu ari kuedzawo kumhanya kuti amugaridze. Pane vakagara vari kuona zviri kuitika nechekumberi.
ID_INNLQH,Na elili oyo tozali komona muselekete azali kotambola na matiti ya langi ya pondu donc oyo ezali muselekete.
ID_BVVWIJ,Nzvimbo ine miti uye huswa. Huswa hwacho hauna kunyanya kukura. Hurikuwanika kunze kwerusvingo runodzivirira imba. Huswa hwacho hwakatsvukuruka hurikuita sekuti hauna mvura. Mukati mune miti yakakura. Miti yacho ine ruvara rwegirini.
ID_IJZINK,Na katikati ya balabala ya monene bandako ya milai eza mingi eza na balilisi ya kitoko na se na yango mituka eza mingi etelemi ya mwindu ya langi ya mbwe bato batelemi na balabala yango banzete pe ezali nyonso eza esika moko.
ID_LCANJA,Buku ya bana-kelasi ya mitano ezolakisa bango kotanga pe kokoma.
ID_SMUHMR,Na bilili oyo nali komona balakisinga awa eza bakopo ebele na kati ya bakopo oyo namoni biloko ya balangi ya moindo pe batiango likolo ya nsima ya makaro ya pembe.
ID_TJRFZC,Vatambi varikuserebhureta vakapfeka nhumbi dzeUganda.
ID_UTRRNL,"Vana vari munzvimbo inoitirwa mutambo. Vamwe vari kufamba vamwe vakamira vakatarisa murairidzi wavo. Vakapfeka nhumbi dzine ruvara rwakasiyana. Vamwe vakapfeka zvitsvuku, vamwe vakapfeka zvichena uye vamwe vakapfeka zvegirinhi nepingi."
ID_TGHGEF,Eleli oyo ezali kolakisa bato bazali kotanga pe bazali ebele bazali mpenza ebele basangani basi na mibali bazali kotanga.
ID_EOGJIP,Vanhu vakapfeka nhumbi dzinoratidza kuti ihembe dzemutambo. Vakapfeka hembe dzine ruvara ruchena namabhandi. Vamwe vane mabhandi matema vamwe vane mabhandi ebhurauni. Mumwe akapfeka chitema kumusoro nebhandi nekupasi kune zvichena. Vanhu ava vari kuratidza kuti vanhu vari kuita mutambo wekarati. Pane munhukadzi mumwe chete werudzi rwechivanhu nemunhukadzi mumwe chete werudzi rwechichena.
ID_ADOMPT,Shiri hombe yakacheneruka. Yakamhara padanda rakaoma rakapinda mvura. Iri kuongorora mvura kuona kana ingagona kuziwanira hove yokudya.
ID_IHETUB,Awa eza na kati ya kompani basalaka biloko ya mabende bamashine oyo egumbaka bamabende esala mambo ebele ya kompani basalaka biloko ya mabende babiloko ya kosala babato bafungola ba biloko basala mambo ebele kaka eza biloko ya societe.
ID_TWOJWP,Vanhu varikufamba pamugwagwa unowanikwa mudhorobha reHarare. Pane munhukadzi akaisa pendi tsvuku mumusoro make akapfeka hembe yeyero akaisa chivhara dziho arikufamba. Arikupesana neumwe akapfeka hembe ineruvara ruchena kumusoro neimwe yepingi kuzasi. Pane miti irikuonekawo uye nzvimbo iyi inoratidza kuti inoitwa zvinhu zvakawanda nekuti pane vanhu vakawanda varipo. Pane umwe akagara padivi remadziro akaisa zvinhu zvake pasi zvekutengesa.
ID_BSBTOV,Foto eza liboso na ngai na moni mwa bilei likolo ya mesa pe na ba mwa sani ya kitoko biloko oyo eza mpenza ya ba ndele oyo na moni eza ba misuni oyo ba salaki yango na kati ya bulete pe na kati ya bulete oyo na moni batie mo maki pe kuna na moni ba sani mosusu ba salade eza na kati.
ID_GDGYJP,Awa tozali komona ezali ndako moko ya etage kasi tomoni ndako yango ezali ya sika tomoni bauti kotongaka yango kala mingi te kasi tomoni eza na balangi oyo ezali langi ya pembe na mwindo tozali komona na ngambu kuna tomoni shokola yango wana tozomona ndako yango ezali kitoko na balabala moko ezali liboso na yango esika bato balekaka na esika bamutuka etelemaka tomoni ezali kitoko mingi ndako yango.
ID_KTXNJJ,Na ngai nazomona ndako moko ya matiti na kati na yango nazomona bato bafukami bazosambela.
ID_ZGAKHJ,Likolo ya karo ya pembe mapapa ya bilenge basi na langi ya moyindo moko emati likolo ya mosusu nyonso ezali obele pembe makomami na langi ya lilala.
ID_XMKMDY,Zvuma zvakarembedzwa kuti zvioneke hunaku hwazvo kune vanenge vachida kuzozvitenga.
ID_NUOSCF,Shiri ine ruvara ruchena muviri wese. Iri mudendere. Inoratidza kuti yakafuratira vana kana mazai ayo. Parutivi pana masora akasvibirira.
ID_TSWXQX,Foto eza liboso na nga wana moni mwa logo moko ya kitoko logo oyo bakomi Medlife eza kitoko mpenza.
ID_SYIVJF,Munhurume ari kufamba. Akapfeka bhachi dema rine hembe yakacheneruka mukati. Akapfekawo mudhebhe une ruvara rwedota uyewo akabata bhegi rine ruvara rwedota muruoko rwake rworudyi.
ID_YEIYDD,Na bilili oyo nali ko mona awa ba lakisi nga mayi ebele pe na moni ba mabanga na kati ya mayi oyo te na moni misuni na moni malamu kuna na moni ba nzete pe na ba ndako ya milayi.
ID_ERPYFF,Mapoto ayo anoshandiswa pakubikira ane mizera yakasiyana siyana mamwe mahombe mamwe madiki ane mivharo yakagadzirwa negirazi uye mibato iyo yakagadzirwa izvo rine ruvara rutsvuku.
ID_EALPPR,Amai vakamira vakabata mwana parutivi pawo nechekurudyi. Mwana ane hembe ine zvebhuruu zvitema nezvitsvuku. Ivo vakabereka bhegi rine bhurauni. Parutivi pawo pane macheya matsvuku nemachena akagadzikirwa kireti yechingwa. Mberi kune varume vakabereka masecho uye vane makepisi vose.
ID_BEAXGU,Muti wakanatsokupfumvutira. Une mashizha akasvibira uyezve unoratidza kuti une mumvuri wakanaka. Muti uyu une mapazi akawandisa.
ID_MDCGJE,Liboso na ngai nazomona ekipe ya rdc ezobeta ndembo.
ID_PHGEPM,Elili oyo tozali komona tozali komona ba mbuma pe tomoni bassin tomoni ba mbuma yango eza manga mais manga yango esi eteli batandi yango na se misusu batiye yango na kati ya bassin.
ID_AKEEIU,Munhukadzi akagadzira kumeso kwake. Akadhirowa tsiye dzake akapenda muromo. Munzeve dzake muna mhete dzakarembera. Musoro wakarukwa namabhureidzi akasungwa padivi napadivi.
ID_ZFMADM,Na bilili oyo nali komona bandeko mibali baza bakonzi batelemi bamosusu bagene bafandi na se te nali komona balakisi bamoko balati makulungulu.
ID_ZDVLXF,"Photo namoni, namoni eza photo ya sapato, sapato balataka, eza mwasi."
ID_MPUFTN,Na bilili oyo tozali komona awa ezali bongo kabati pe kabati yango tomoni ezali libanda ezali bongo na kati ya ndako te pe tomoni esika ezali batiyango likolo ya matiti.
ID_CXIQEJ,Shangu inopfekwa kurutivi rwekurudyi yakagadzikwa pasi. Ine ruvara rutsvuku uye imhando yematenesi. Kumberi kwayo kuchena. Payakagadzikwa pane mavara matema nepamwe pane madodzi. Uyewo shangu yakadai inopfekwa vanhu vachiita zvemutambo kana kuti kuchitonhora. Yakanakira kuti hainetsi kufamba nayo sezvo ine chitsitsinho chipfupi.
ID_PKWEOW,Bana minei mibale ya mikolo mibale ya mike ya mike moko alati tolo polele alati jupon mosusu alati elamba liko ya lange ya pembe ya mokolo alati elamba ya lange ya motani ya lange ya mosaka lange ya mpondu mosusu alati elamba liko ya lange ya mpondu.
ID_ETGYHN,Panobuda chirimwa chebarwe chatobereka hupi yebarwe isati yasvika yabudisa rebvu namamwe mabarwe ari mumunda anoratidza kuti akaondoroka.
ID_UEICYL,Nazomona na elili oyo bazolakisa biso esika babokolaka soso nazomona ezali lokola esika ya bobokoli soso.
ID_PEYHNZ,Bato mingi batelemi elongo bazotala makambu moto oyo avandi na se azoteya bango.
ID_UCVURN,"Na bilili oyo nazali komona liboso nangayi awa, namoni ezali bongo nabalabala, nabalabala mutuka yandeko songolo ekufaki, tomoni ndeko moko aza nase ya mutuka, ase alongoli pneu, azali kobongisa yango."
ID_AFXWKR,Vanhu vechirume vakawanda vakamira panzvimbo inotambirwa mutambo wechirume webhora. Pane huswa huri kuonekwa hweruvara rwegirini poita mitsetse yakadhirowewa pasi yeruvara ruchena. Nechekumusoro kune macheya panogara vanhu vane ruvara rwakachena nerudzvuku.
ID_CCJUEN,Ringi dzakapfekedzwa mumaoko maviri emunhukadzi. Rumwe ruoko rworuboshwe runoratidza kuti rwakapfekedzwa maringi maviri akandocheneruka anoratidza kuti ndeesirivheri uye rimwe ringi rakapfekedzwa kumwe chekuruoko rworudyi.
ID_MWXPLB,Makanika ari kusungasunga motokari ari pasi payo achishandisa zvipanera zvekugadzira nazvo motokari.
ID_GYTAHY,"Tireyi, bhini nemasherefu okutsvetera zvinhu kana kuti zvinyorwa kana kuti zvishandiswa muhofisi."
ID_OWIOED,Awa nazali komona camionete moko ezali na langi ya pembe tomoni mosusu ezali pembeni nango nyonso etelemi tomoni ezali na langi ya bolulu etelemi wana ezali eloko bapeki parking tomoni etelemi ezali kitoko.
ID_MYATCF,Varume nevakadzi vakapfeka hembe dzekudzanisa. Vakamira pasora rakasvibira rakachekererwa zvakanaka. Vane majakazi mumakumbo uye vakapfeka mbikiza nehembe tema. Pane mumwe ane rokwe jena akapfeka zvakasiyana nevamwe.
ID_PIRDKK,Nyama ya zamba oyo eza mibale nyama ya zamba yango eza na langi ya chokola na minoko ya liboso eza na langi ya mwindu nyama ya zamba yango eza na zamba eza na matiti ya mokusi eza na langi ya pondu.
ID_OZLILC,Awa nazomona nazomona eloko ebengami sapatu sapatu yango eza sapatu kombo na yango puma puma epi sapatu yango eza ya langi ya langi ya moindo eza ya langi ya moindo.
ID_QMZGIX,Hofisi ine feni ichena. Mahwindo egirazi ane ruvara rutema. Mudhuri webhurawuni nemutsara webhuruu.
ID_CTDWOV,Motokari hombe yerori regonyeti. Yakatakura mabhero ekotoni mukati. Motokari dzinoshandiswa kutakura zvinorema uye zvinhu zvizhinji zvakadai semabhero iwaya kubva kuminda kuenda kunzvimbo dzekunotengesera donje.
ID_LNPWHH,Bilenge mibali baza koyokola mecanique.
ID_TGHZFK,Muchero wemhando yezvinanazi. Zvakatanhiwa zvimwe nezvidhongoni zvacho. Zvino ruvara rweorenji kumusoro. Zasi zvino ruvara ruchakaita girinhi kutaridza kuti zvazvisati zvanyatsotsvuka nemazvo.
ID_TTMKHL,Eloko nazo mona awa eza obele biloko ba liaka kombo nango eza ezalaka po eza biloko ba bengaka aubergine eza mbuma moko ba liaka eza mobesu kaka eza dessin moko ya kitoko eza dessin moko ya kitoko batie yango na salade eza biloko moko ya kitoko eza mpona kolia.
ID_NCTMCH,Awa na moni eza na kati ya ndako liboso na ngai nazomona saani moko ya pembe na motane na kati ya saani nazomona bambuma moko ya kitoko oyo na monoko ya poto babengaka papai.
ID_ZWVNEU,Awa na moni eza na kati ya zamba liboso na ngai nazomona banyama mibale oyo babengaka na monoko ya lopoto singe.
ID_CUXBJJ,"Ruoko rwemunhu rakapfeka bhuresireti nechuma dzine ruvara rwesirivha, rwepepoo nerwebhuruu. Pane maruva ari kuonekwa esimbi ane ruvara rwebhuruu nerwesirivha. Pazasi pane mucheka warikubudikira une mitsetse yeruvara rwakachena nezvitema."
ID_HGSMNI,Muchero wepopo wakaibva ndokuchitochekwa napakati kwava kubviswa makanda ndokubviswa mhodzi. Amheno zvazopakurirwa nechemukati imomo zvinenge mhodzi dzamatamba kana dzamakosho kuti zvigohiwa zvakasangana.
ID_HNLXNE,Mhete yakanaka inovaima yakanyorwa kuti Rihana iri mubhokisi rinotefetera kunze kwaro kune ruvara rutsvuku iyo ndeyesirivhera.
ID_AATKGX,Pane ndege iri kumhara kana kuti kusimuka yakanzi EC Air. Ndege iyi inotaridza mavhiri mana matema. Kozouya bapiro rimwe chete rinoonekwa.
ID_JSLETR,Nzvimbo ina matombo tombo nemiti. Miti iripo inoratidza kuti haina mashizha angori matanda akamira ane ruvara rwakachenerukira koita mazitombo akazara ane ruvara rutema neruvara rwakachenerukira.
ID_UBPBMQ,Bana baza na kelasi ya maternel bazo tanga ba buku ya ba dessins animés bana ba misatu bazo tanga buku ba vandi na ba kiti ya langi ya bleu bazo tanga ba buku na bango.
ID_ZJNTLH,Miti yakachekwa nechinoshandisa kuchekwa miti yacho inonzi so uye zvisimbi zvakasiyana.
ID_SRCDPP,Wanasikana wechidiki wanotamba bhora ramaoko rinoti rimwe boka rine riri kurudyi rimwe riri kurutivi rweruboshwe.
ID_WPKARR,Vanhukadzi vakamira vakaita mutsetse vakabatana mumabendekete avo vakapfekawo nhumbi dzinoratidza kuti vatambi vemutambo wevhoribho. Vari kuratidza kuti vave kuda kunotanga mutambo wavo.
ID_CJZEYO,Na bilili oyo ba tieli biso molangi moko liboso na biso soki totali molangi yango ba tie yango na se molangi yango na moni ezali bongo na langi ya pembe na langi pe ya bozinga soki totali malamu molangi oyo eko zala molangi ya malasi.
ID_KZSWED,Chikoro chakakura zvikuru chine makirasi romo akawanda zvikuru uye chakavakwa chine ruvara rweyero uyezve midhuri yayo yakarongwa iri nemutsetse uyezve chikoro ichi chakapoteredzwa newara.
ID_OUMCAD,Varume vasere vari mukati menhandare yekutambira mutambo webhora. Umwe wevarume vasere ava uri kubudikira chidimbu chimwe chete. Umwe wavo akapfeka nhumbi dzeyero vamwe vakapfeka nhumbi dzebhuruu. Umwe wavo akapfeka nhumbi dzitema.
ID_CKQPRT,Vanhu vari pakati pedhorobha vakarongerera misika yavo pamakadhibhokisi vakawaridza jira rine ruvara rwebhuruu. Vamwe vakapfeka mabhibhi ane ruvara rwegirinhi.
ID_BOVFVV,Na bilili oyo nali komona balakisinga eza batomate oyo bakati yango pe esi ebeli te eza kaka na balangi ya pondu na kati namoni balangi ya pembe.
ID_MQICOY,Chuma nemhete yemumaoko zvakapfekwa muruoko. Mhete dzemumaoko dziviri dzine ruvara ruchena. Koita chuma chemumaoko chine mufananidzo werudo wakarembera pauri. Chakabva mufananidzo uyu wakabva wanyorwa nemavara matema. Chuma chemumaoko chine mabhora zvakare ane ruvara rwepingi nemabhora ane ruvara rwesirivheri.
ID_ZPQRJW,Kasi ezali suki bakangi mwasi oyo suki ya kitoko mingi ezali suki ya kolala kasi yango mpeza molai mingi te eza kaka mokuse yango eza kokanga ye kitoko mingi eza na langi ya mwindo boye.
ID_UVMLAT,Mureza wenyika une ruvara rutatu. Rokutanga ruvara rwebhuruu richiendesika kuzasi potera ruvara ruchena popedzera nerumwe ruvara rwebhuruu. Pane ruvara ruchena parikuonekwa chipepa chakapeteka chakanyorwa neshiri yakamharapo.
ID_JHGCDD,Nzvimbo ina maruva akawanda ana mashizha akasvibirira. Muri kubudikira munhurume mumwe chete akapfeka hembe yebhuruu nemudhebhe wakasvibirira akabatawo ngowani nerumwe ruoko rwake ine ruvara rwakasvibirira.
ID_EPQEMO,Na bilili oyo nali komona ba lakisi nga awa eza wenze na moni bazo tekisa biloko ya kolia ba tomate ba birayi pe na moni ba milangi misusu kuna.
ID_AYSLAJ,Nzvimbo inoitwa zvekubika bika. Pane nyama yakawanda iyo irikugochwa pamazimbe ayo ane murazvo unoonekera kubva mumasimbi.
ID_UWBFTZ,"Bana ba wewa ba motare,bana ba wewa ba motare."
ID_CGBLNL,Mukomana akapfeka shangu nhema akamira pamwe chete nebhurukwa dema. Muhuro make mune chuma uye mumaziso make mune magirazi. Kuruoko rwake rweruboshwe kunewo chiringazuva icho chaakatarisa.
ID_TMTBFW,Bandeko esika na komi awa nazomona na omona mboka moko monene mboka moko etoni bandako ebele epi na liboso na nga mpe na omona eloko oyo babengaka pancarte publicitaire kwa pancarte moko boye ya monene mpenza eya likolo na misu na ngai.
ID_EJUKLB,Mureza wekunyika yeJapan uyo wakasungirirwa padanda resimbi mudenga. Une ruvara ruchena rwakautenderedza. Pakati pawo pane chiratidzo chedenderedzwa chine ruvara rutsvuku.
ID_KVBDQL,Mwana mudiki wakabata sumburena yebhuruu kunze mukati ine ruvara rwesirivheri. Mumakumbo mwana uyu wakapfeka mapushi eruvara rwenhundurwa. Nechekumusoro wakapfeka hembe ina mavara mavara. Une chikabudura chebhuruu.
ID_OAGTZM,Musikana mumwe chete wechidiki ari kufamba achidya muchero wechitema. Musikana uyu une rokwe refu rine ruvara rutsvuku nehembe ine ruvara ruchena. Akabata purasitiki rine ruvara rutema.
ID_KGNJCZ,Musoro wemunhukadzi unevhudzi rakasungwa zvakanaka. Vhudzi iri ririkusungwa zvipundu zvipundu richibva kumberi richidzoka kumashure. Uye vhudzi racho rine ruvara rwebhurauni ririkuonekwa nechekure asi pasi paro pane ruvara rutema.
ID_FXNXBA,Shangu mbiri dzemwana mudiki dzakagadzikwa pasi pana mataira ane ruvara rwekirimu. Shangu idzi dzine ruvara ruchena uyezve dzine zvekunamisa pamusoro. Mukati madzo dzine ruvara rwebhuruu.
ID_ZCKRYZ,Bakonzi ya mapinga mibale bafandi na biro moko alati teni ezali na langi ya moindo pe asimbi vere na maboko mosusu alati teni oyo ezali na langi ya pembe.
ID_HUUNAY,Na balabala mama moko azoleka amemi mwana na mokongo asimbi sakame na maboko tante moko eza wana place ya koteka ba imite na mobali moko atelemi likolo ya moto na ye kotosi mamemi ba kese ya sucre.
ID_NBXFCB,Naomona na balabala camion etelemi na balabala camion monene ya pembe na mopanzi kuna na komona eza ndako.
ID_SLTFUI,Foto oyo elakisi biso mwa motuka na kati ya motuka wana moni bamwa soda alati kitoko baza na bamanduki na boko moni mosusu atelemi aza na manduki moko ya monene azotala na liboso na ye emonani bato oyo bakei na kati ya bitumba.
ID_WTRVXN,Liboso awa nazali komona ezali bongo foto bakangi ndaku pe ndaku yango eza ndaku ya kovanda te eza esika ya mosala po namoni bakomi likolo na monoko ya bopoto agence.
ID_REPXZM,Kanyama ya moke namoni eza kanyama ya moke.
ID_HNSQWM,Mubhedha mune hedhibhodhi nemasaidhibhodhi zvebhuruu zvakaisvonaka.
ID_HNTJIA,Chuma chine muchinjiko uyezve chiri kuratidza kuti chakagadzirwa nesimbi yakasimba uyezve chiri mukara yegoridhe uyezve chakagadzikwa pamusoro pechinhu chinogara zvuma chiri mukara yeredhi.
ID_ZFITUP,Na foto oyo nali komona balakisinga eza na kati ya lopango ya blange ya motani pe namoni bandako mibale moko eza na balange ya moindo na mosaka mosusu eza na balange ya pembe pe namoni biloko libanda babase na balipapa.
ID_OYPRHA,Mudzimai mutsvuku ari kunyemwerera zvekuti mazino ake epamusoro ari kunyatsooneka. Akagerwa musoro achibvisa bvudzi rose. Akapfekawo zvekuti muviri wake wekumusoro unosara uri pachena.
ID_WUBYWS,Chibhodhi chinonyorerwa nevana vadiki. Chine ruvara ruchena nerwebhuruu kunze. Chine chinyoreso chakatsvetwa pamusoro chakaputirwa nepepa repurasitiki jena.
ID_VMCOFZ,Mbozhanhare yerudzi rweiPhone yakagadzikwa pamusoro pegumbeze. Ine kamufananidzo katema kehapuro risina kukwana.
ID_UHJNPI,Chigumbu chine chimwiwa cheCoca Cola chine ruvara rwakasvibira. Chigumbu ichi chakavharwa nechivharo chine ruvara ruchena uye padumbu pechigumbu pane bepa rine ruvara rutsvuku rwakanyorwa nemavara machena.
ID_BODVLJ,Awa namoni eza na bana mibali moko oyo batelemi liboso ya stade e namoni pe eza na ba misusu oyo bafukami e namoni eza bana mibali oyo babetaka ndembo ya maboko.
ID_HGSVJW,Oyo namoni awa eza neti filtre ya air ya mutuka munene neti camion nde yango oyo bolakisa biso awa.
ID_CJZHQR,Pachiteshi chamabhazi pane makombi maviri akamira ane mavara akasiyana. Parutivi pawo pane bhaziwo rimwe chete rakamira rinoratidza kumberi kwaro kuchena. Nechemberi kune rimwe bhazi rakamira reyero.
ID_QPGYFR,Motokari inoshandiswa pamakwikwi okumhanyirana. Ine manyerekete machena namatema. Pana mavhiri akaunganidzwa kuitira kudzivirira kukuvara kwevanotekenya motokari idzi. Kune huma huri kuonekwa kubva mumotokari idzi.
ID_IGVBWB,Imba inoratidza kuti yakavakwa kare. Ikaiswa marata uyewo ine mudhuri wesemende. Hainawo kuzoiswa ruvara.
ID_HZRRCJ,Oyo tozali bazali kolakisa biso motu ya mwana mobali elenge mobali oyo basilisi kokata esuki tomoni bakati kitoko modelo bakati suki na ye ezali kitoko kasi tomoni suki na ye ezali ya mwindo kasi ezali kitoko kitoko na ndenge basali yango.
ID_DCUADZ,Shangu dzechidzimai dzinonzi mapamudzi. Dzine zvitema uye dzine mukati muchena. Dzakanyorwa nezvichena mukati.
ID_JPKLRV,Esika nazali komona awa nazomona eza balabala bato ebele bazali koleka na balabala yango mpe nazomona eza lokola balabala yango epanzana nazomona basalite nazomona banzete kweyi nazomona balabala yango mikutu koloba te eza nzela moko mwa mawa mpenza.
ID_HINBMW,Elili oyo nazomona liboso na nga na moni mesa moko ya kitoko likolo na mesa oyo na moni mwa saani ya pembe ya kitoko pe na kati na moni mwa supu ya kitoko pe na moni ba mwa ndunda na mwa mwa misuni pe na mwa pima ya kitoko mpenza.
ID_RGNNZN,Mayi ya liziba eza pembeni ya libanga fololo pe eza wana pembeni fololo yango eza na langi ya mayi ya pondu.
ID_TKXQLV,Na elili oyo toali komona toali komona bandeko mibali liboso na bango ndenge alati akozala aza alibitre pe nsima eza bato babetaka ndembo ya makolo.
ID_XZETLA,Bazokumisa mtn awa.
ID_KQDYTS,Mudzimai ari kufamba mumugwagwa. Wakapfeka hembe ine maoko marefu. Hembe yake ine ruvara rweyero neruvara ruchena neruvara rutema. Mumaoko akapendekera bhegi rine ruvara rutema. Mumusoro ane dhugu rine ruvara rutema zvakare.
ID_QSHFNI,Nzvimbo ine zvivakwa zvakawanda. Zvimwe zvine zvitinha zvitema poitawo zvimwe zvivakwa zvakaiswa ruvara ruchena. Pane vanhu vakawanda vakabereka mabhegi vari kuenda nokubva panzvimbo iyi inoratidzika sechikoro.
ID_GRLGGS,Foto eza liboso na ngai na moni eza place oyo basalaka bamwa bambala ya kitoko mpenza ya mokuse na ya milai pe na moni nsima na yango ndako moko ya kitoko mpenza.
ID_ADUOVN,Madomasi akawanda akatsvuka ari kuratidzirwa. Ari kutengeswa kuti avo vanoda kuwana zvekurungisa usavi vazvitengere vonobika kudzimba dzavo.
ID_STNWGU,Miti iri mugomo yakawanda. Iri mugomo mune matutombo. Miti iyi ine ruvara rwegirinhi. Mimwe yacho yakaita zvokusvibira. Pane mimwe miti iri nechepazasi mukati medzimba dzine ruvara rweyero nematenga ebhurauni. Miti iyi ine mashizha akasangana egirinhi ane kahuyero.
ID_BHMOUC,Awa bolakisi biso photo oyo bana misatu bazo seka moko amonani te mibale bazo seka.
ID_FKEVFH,Miti yakawanda kwazvo uye iri mupfupi inoratidza kuti yakaungana panzvimbo imwe chete ine mashizha akanyatsosvibira zvinoratidza kuti iri kuona mvura nekudya kwakakwana.
ID_VCTYHQ,Baba vari kufamba vakafuratira kuchikoro kwavari kubva. Vakatakura chikwama chavo chegoridhe. Vakapfeka hembe dzakasvibirira neshangu dzine ruvara rwebhuruu.
ID_ILSQAM,Mapepa anoshandiswa nevarairidzi nevana vechikoro. Anoshandiswa kuita zvakasiyana siyana. Pana manira anoshandisa kunyorerwa zvimwe zvinhu kana kuisa kumadziro.
ID_QOYCEF,Elili ezolakisa biso matiti ya kotia bilengi na bilei ezali matiti eza na kati ya kantini esalemi na nzeta bokoko matiti yango na monoko ya lopoto babengaka yango feuille de laurier eza matiti batiaka na biloko ya kolia po epesa bilengi.
ID_NTYPHW,Bana mine baza place moko mibale bavandi na kiti moko mibale batelemi mwana moko alati elamba ya likolo ya pembe akangi maboko ye aza mwana mwasi na nsima na bango bamatiti ya langi ya ma ya pondu.
ID_DNJYJQ,Ba soda batelemi balati elamba na bango ya kitoko mpenza elamba ya kisoda balati pe ba sapatu ya moindo balati pe ba mikaba ezali na langi ya chokola pe na ekoti ezali na langi ya motane ba mosusu baza na ekoti ya langi ya pondu mosusu moko azali na langi ya pembe.
ID_ANHQMY,Esika na komi awa nazomona eza pembeni ya balabala na balabala yango naomona bamituka bamituka ndenge na ndenge namoni koza bamituka mibale ya moke ya bavoiture eza alangi ya vert epi pembeni na yango namoni koza camion moko ya pembe ya keroserie ya ble a vrema liboso na yango namoni pe koa mwa ndako moko ya etage ya kitoko molaka monene.
ID_IVGGPA,Imba yakavakwa yakaita dendenedzwa ikapfurirwa neuswa. Dzimba idzi dzinowanzokuwanikwa kumusha dziri dzimba dzekubikira. Pamusuwo pacho pane munhu akamira. Nechekunerumwe rutivi rwemba iyi kurikubuda motikari diki yakamira.
ID_EJKPKL,Na elili wana nazomona bazolakisa biso moto azopusa pusu esika nazomona eza na mabido ebele mabido ya 20 litre eza lokola azokende koluka mayi.
ID_WDPIDY,Oyo ba kiti ya salon ba kiti ya salon ba bengaka ba divan eza pe na ba kosana yango mibale ekokanga ya chokola na ba mwindu mosusu eza chokola kaka.
ID_BVRWJF,Zvuma zvakapfekedzwa pazvidhori zvitema. Zvuma izvi zvakafanana mhando asi zvinozosiyana ruvara. Zvimwe zvuma zvine ruvara rwebhuruu namavara-mavara. Zvimwewo zvuma ndozvine ruvara rweyero namavara-mavara. Zvimwewo zvine ruvara ruchena namavara-mavara.
ID_JCQMTM,Dzimba idzi dzine marata matsvuku. Dzimba idzi dzakachengeterwa nemudhuri. Mudhuri iyi ndeye kirimu. Kumberi kwedzimba kune gunwa.
ID_XJNTHO,Oyo eza logo ya republic du congo brazzaville logo yango ezalaka unité travail progrès ezalaka na dessin mbono neti lyon asimbi moto na ba elefant mibale posa sassou ngeso pe ya logo ezalaka elefant.
ID_JCUBGG,Na elili oyo nazomona bazolakisa biso etaleli ya libanda esika bazolakisa biso fololo na kati ya ekolo esalema na nsima.
ID_RBRMRJ,Oyo ezali eloko nazali komona ezali livre ya kotanga eza histoire histoire ya ekomeli eza histoire ya farao.
ID_PIWSSK,Miti miviri iri kubudikira uri mudhuze una mashizha akasvibirira poita umwe uri nechekumberi womurara una mashizha akasvibirira. Panewo tambo dzamagetsi dziri kubudikira dziri kuvhungana nemiti idzi.
ID_XUVOLK,Muti yakamira pamberi pamusoro pedombo reruware rwegirinai.
ID_VMOBST,Bilei na kati ya ba restaurant soso nyama pe na ba ndunda na mbala biloko ya epai na epai pe na ba loso.
ID_NKKWME,Motokari dziri mumugwagwa. Dzimwe dzakatakura vanhu dzakazara dzakavhurwa mabhutu. Dzimwe dzakavharwa asi dziri kufamba nemarori namagonyeti namamota bhaiki. Zvose zvisi zviri kufamba zvakatakura vanhu.
ID_EHELCY,Na elili oyo tozomona esika bazolakisa biso tracteur motuka monene esungaka kobongisa nzela nazomona esika bazolakisa biso tracteur ezali kobongisa nzela.
ID_BBQWLS,Elili oyo eza liboso na ngai namoni mwa voiture ya kitoko etelemi pe eza na se ya nzete moko ya kitoko na balabala pe namoni motuka mosusu ezotambola ya moindo.
ID_UZCUNE,Milangi oyo eza na eloko na kati kasi misato nde ezomonana malamu biloko ya kati eza ya komela.
ID_RGUARG,Imba yakavakwa zvakanaka ikapendewa neruvara rwekirimu. Pavhurandi pakaiswa zvitinha zvitsvuku. Imba iyi yakapoteredzwa nejurahoro rine ruvara rwekirimu. Pane gedhe pamba apa uye pane muti wekuti vanhu vanogara kana vari panze vachitandara zvavo.
ID_UGYTQG,Na bilili oyo nali komona balakisi biso awa eza bambuma kolia panana bapapaya pe na biloko misusu ezalaka na vitamine mpona nzoto ya mutu.
ID_WZDBDJ,"Miti, mapoo uye tambo dzemagetsi, jurahoro, mugwagwa une tara, dzimba nehuswa hudoko hwakaoma."
ID_ZHLJBD,Ruva rakadzvarirwa muchinhu chinenge vhiri remapuranga. Chivhiri ichi chakatsigirwa nedombo kune rumwe rutivi. Kuseri kweruva iri kune matombo nezvimwe zvinhu zvakadonha pasi uye kune chitsiga chemuti.
ID_LCVUBW,Na bilili oyo twali komona awa balabala moni ndeko moko azotambola na balabala oyo amoni bamituka amoni banzete ya molai amoni pe bandako moko ya molai ya kitoko.
ID_MUWHHA,Awa na moni eza esika basalelaka politike liboso na ngai nazomona mokonzi moko atelemi nsima na ye koza bambila mibale oyo bazokengela ye.
ID_IBOQSR,Muchero unowanikwa mumunda nguva yekunaya. Muchero uyu unokura zvisingaite unonzi mwiwa. Nguva iri rine ruvara rwegirini kunze. Mukati maro rine ruvara rutsvuku nemhodzi dzichena nedzimwe dzakanoita dzitema.
ID_VKRKCQ,Bete ramabhachi ritema namapapiro makuru rakamhara padombo zvokutsvaka zvokudya.
ID_HCWVMP,Biloko ya kolia na sani likolo ya mesa eza bongo na soso ya kokalinga ezali bongo na boudin ya kokalinga te pembeni ezali na ndunda na sani ya mwindu.
ID_XEKFYB,Ba ngomba pe bisobe ya matiti eza na ba ndako bato bavandaka matiti mosusu ya ko kauka mosusu eza na ya mobeso ya langi ya pondu mosika naya na ba ndako nazomona manzanza na bango.
ID_DQKDOH,Motokari inotakura zvinhu zvinorema. Pane mavhiri ari kuoneka akakura ane ruvara rutema. Motokari yacho ine ruvara ruchena ruri kubudira kumberi. Musoro wacho hausi kunyatsa kuoneka.
ID_RHZZCB,Awa nazomona kamwa carton ya moke ya kisi eza carton moko ya moke bakisi eza na kati kisi yango nkombona yango artefane na pembeni wana nazomona tomwa mabanga moko boye ya pembe.
ID_HGGJZI,Fulu na kati ya mai eza na basalite ebele na bamilangi ya kopal babwaki yango na mai place mai ezoleka matiti pe eboti na bandako kuna na suka fulu etondi pembeni ya mai na balabala.
ID_KNYOLJ,Ezali alimentation kote batekisaka ba biloko ya kolia.
ID_OMIOGO,Basakosi ya bamama bamemaka na maboko eza ya sika eza na zando ezotekisama basakosi yango eza ya moke na oya monene etongami na mayaka eza na balangi esangani pe ekeseni basakosi moko eza na langi ya chokola mosusu eza na langi ya mosaka mosusu eza na langi ya mwindu sakosi ya moke eza na mayaka etongami na mayaka eza na langi la longondo esangani.
ID_STHTYS,Vatambi vebhora vari munhandare vachitamba bhora.
ID_AYAUMX,Midziyo yekubatanidza mapepa inodanwa nezita rekuti sitepura. Yakasiyana siyana imwe ihombe imwe mudiki. Pamuhombe pane une ruvara rutema iri nechekumusoro. Koita dzidiki dzine mavara machena. Koita imwe ine ruvara ruchena yoita ruvara rutema nechepamusoro.
ID_JLJRGG,Panzvimbo pane mishina inoshandiswa kugadzira migwagwa ine ruvara rweyero. Pane dzimba dzakapfurirwa nematenga matsvuku uye nzvimbo iyi yakakomberedzwa nemudhuri wakavakwa zvakasimba.
ID_IJLJDF,Elenge ya mobali azotambola azokende wapi elenge ya mobali te ya mira.
ID_GAWUMM,Miti dzakakura nedzipfupi. Dzina mashizha akawanda akasvibira ane ruvara rwegirinhi.
ID_VFDVNQ,Awa na moni eza esika batekaka babuku ya bana na likolo ya buku yango na moni desin ya nyama moko babengaka yango ngungi.
ID_RNMXPP,Mureza wenyika yeMaldives. Une ruvara rutsvuku negirinhi neruchena pakati. Une mufananidzo wemwedzi.
ID_XQUAPC,Ekeko ya moto eza likolo moto ango aza molai atelemi azotana ngambo kuna alati kazaka ya molai ya molai ekomi na makolo batelemisi ekeke yango likolo ya beto moko boye ya langi ya mbwe.
ID_LWTHMI,Ndiro chena yebhonzo yakagara pamucheka une ruvara gwegireyi uri patafura yedanda. Mundiro mune sadza jena uye mune muriwo une matomatisi nehanyanisi.
ID_NJZYRN,Na elili oyo nazomona bazolakisa biso bato ya mibali ebele balati bango nyonso ndenge moko bazokende.
ID_PYSGDM,Sapato ya moke ya bana mibale.
ID_IRJYBB,Eleli oyo ezali kolakisa biso bilei kitoko biso bakongole toliaka ezali fumbwa oyo ezali fumbwa batie na kati mwamba na pilipili pembeni donc ezali bilei kitoko babengi fumbwa.
ID_HPCUNS,Ezali ba tata kasi moko afandi aza pembeni ya tata soda oyo mosusu pembeni azali kolakisa lisapi na ye boye soki bazolanda nini koyeba te eloko bazosala balati bango nyonso bilamba ya mwindu.
ID_EPSMXE,Furegi iri rakagadzirwa nemavara anoti kudenga kwekutanga kune ruvara rutema ruchitevedzerwa nekamutsara kaneruvara ruchena kuchiteverwa nerumwe ruvara rutsvuku rwune tirayenguri yebhuruu mukati pachitevera zvekare karaini kamutsara kachena kwachiteverwa zvekare neruvara rwekupedzesera runova ruvara rwegirini.
ID_UJQPMH,Patapata regirini rine mabhande ane ruvara rwegoridhe. Rikagadzikwa pamusoro pejira jena iro rinopfekwa nemunhukadzi kana vanhurume kana kuchinge kuchipisa kana kushandisa pakugezesa.
ID_CXBMDD,Tambo iri kuonekwa yemagetsi yakagadzikwa pasi pamataira ari kukwakwamuka ane ruvara rutsvuku neruvara rwebhurauni nemitsetse. Nechekumberi tambo yakabatanidzwa nemudziwo une ruvara ruchena.
ID_OIEWKO,Elenge mobali atelemi liboso ya elembo ya airtel elembo yango eza na langi ya motane na pembe ye moko alati elamba ya langi ya mosaka.
ID_TOSHMK,Na bilili oyo nali komona molangi moko batiango likolo ya mesa ya kitoko namoni pe bakiti bakiti wana eza na balangi ya longondo te namoni balakisi nga awa.
ID_SOQAUT,Na elili oyo tozali komona biloko ebele te eloko tomoni kaka eza nakati yandako nase tozomona ndako yango eza yamunene mingi naba carreaux yaminene nase.
ID_VNQOPK,Awa na komona eza atelie bamashine ezali wana bamashine ya konika fufu ekonika masango ekonika nguba biloko nyonso na komona eza bamashine bamashine esika batekisaka bamashine pe bakosala bakosala pe bamashine.
ID_TDKZJK,Crayon ya malangi pake ya liboso eza na langi ya bozinga mosusu eza na langi ya chokola crayon mosusu eza na langi ya pondu mosusu eza na langi ya bozinga ya mapata mosusu eza na langi ya pondu mosusu eza na langi ya rose mosusu eza na langi ya longondo mosusu eza na langi ya mosaka mosusu eza na langi ya lilala.
ID_GWDPBR,Awa namoni toza na kati ya kilasi namoni bana ya kilasi nyonso awa bafandi na se moko aza liboso azokoma na molakisi na bango pe afandi pembeni namoni bango nyonso balati ba biloko na motu.
ID_SAHAQF,Mushina wamagetsi wakakwadaburwa kuita zvipisi zvipisi uye tambo dzinobatanidza moto dzangoti nyechi kose kose.
ID_LBUPDF,Bandeko esika tokomi awa esika tokomi awa naomona baolakisanga na misu na ngai eza esika oyo batekisaka babiloko ebengami na monoko ya lingala bambambola naomona awa eza bambambola oyo babongisaka yango na bamanzanza.
ID_LIOGPY,Bamapapa ya sika oyo ya banabasi namoni eza na balangi ekeseni namoni eza oyo eza na langi ya mosaka mosusu eza na langi ya pembe mosusu eza na langi ya moindo na mosusu pe eza na langi ya shokola eza esika oyo bazotekisa yango.
ID_TPVSMA,Tafura yakagadzikwa zvinhu zvinoshandiswa mumahofisi muzvikoro kana mune dzimwewo nzvimbo dzakasiyana siyana. Zvakaita samapenzura ayo anoshandiswa kunyora kana kudhirowa. Zvigero zvinoshandiswa kucheka namabhuku anoshandiswawo kunyorerwa.
ID_ZXGTRS,Na eleko nazomona awa na misu na nga bandeko na moni naza na katikati ya lopango lopango oyo na moni eza na mwa porte moko ya langi ya motane pembeni na porte wana na moni koza mwa nzete moko boye ya monene epi.
ID_JHHVQW,Musasa wokutengesera wakapfurirwa nemapurasitiki matema uri parutivi pemugwagwa wetara. Mumugwagwa mune munhu ari kufamba uye pane tambo dzemagetsi dziri kufamba dzichitevera mugwagwa.
ID_WSBTTM,Buku ya bana-kelasi ya motoba ekolakisa bango lolenge ya kotanga pe kokoma orthographe.
ID_YUELGH,Awa nazomona logo bakomi luxur beauty land.
ID_BEBWRK,Tsangamidzi yakagadzikwa patafura yakachekwa mapisi chimwe chidimbu chakasiiwa chakadaro. Inogona kudyiwa yakadaro kana kuita zvekubikwa.
ID_KCUAHT,Awa namoni bolakisi biso batu oyo bazo sala sport ya volley baza bana mwasi ba lati kilote.
ID_RBHTCP,Bendela oyo eza liboso na nga eza bendela moko ya kitoko bendela oyo eza na balange ebele ya motane ya bozinga ya pembe pe na oyo ya mosaka.
ID_ODGKGY,Makolo mibale ya sapatu mpona mibali eza bongo na langi ya move.
ID_RHZQWU,Awa tozali komona ezali bendele bendele yango tomoni ezali na balangi oyo ya bululu ya pempe ya motane tomoni ezali na minzoto oyo babengi ba etoile ezali na langi ya mosaka soki ezali ya mboka nini toyebi te.
ID_WIBEDZ,Foto oyo elakisi biso mwa buku eza buku oyo ya 3eme primere buku oyo eza buku ya istware na geographie emonani eza ya kitoko mpenza.
ID_MGDHTX,Elili oyo ekolakisa nzela ya monene ya goudron na kati ya zamba nzela eza na milongo ya langi ya pembe bato baza na loboko ya mwasi bakoleka na loboko pe ya mobali bato bazokoleka na kati ya zamba monene.
ID_XVWCUU,Awa tozali komona bato mingi tozomona ba elenge mibali batelemi oyo bazali kosala makambo ya miziki ya kobina baza na to lopamba balati eloko te na likolo kasi na se balati biloko ya langi ya mosaka tomoni na basi mibale pe baza na kati na bango mosala na bango ezali kobina koyemba yangwana baza kolakisa biso.
ID_PNORCR,Na bilili oyo toli komona eza moto ali komona eza na bamote ebele pe ya kitoko moto oyo eza na balangi ya bozinga.
ID_ISSMME,Awa na moni eza esika basambelaka liboso na ngai nazomona mesa likolo ya mesa nazomona chapele moko ya molai ya kitoko mingi.
ID_JTAVKT,Bato ebele bazali esika matanga ezali sanduku ya moto akufi ezali wana liboso moto moko azoyemba asimbi mikro na maboko oyo ematisaka mongongo ya moto.
ID_JKWHQU,"Vanhu varikufamba mupevhumendi uye jurahoro, miti dzakareba, mashizha emujakaranda akadonhera pasi, zvigubhu zvakadonhera zvakare pasi, mopu."
ID_KXHRFU,Na foto oyo na moni ba lakisi nga awa eza ba joueur ba telemi na kati ya terrain bali ko kanga bango foto pe ba lati bilamba ekokani me oyo wa liboso te ko oyo a lati bilamba ya langi ya mosaka.
ID_ALYEKY,Rokesheni rune dzimba dzakawanda. Pane iri padivi ine denga rine mataira matema. Pamberi payo pane motokari chena. Imwe ine denga rine marata egirinhi. Parutivi pedzimba pane marambi omumugwagwa.
ID_KJKKHS,Eya na moni bato ebele batelemi na ndako pembeni ya motuka nayebi te bazosala nini.
ID_GKEQRS,Liboso na ngai nazomona balabala moko ya monene likolo na yango nazomona bato ebele batelemi bamosusu bazotambola.
ID_YPRMZQ,Chirimwa chema epuro chine kara tsvuku mashizha egirini mutanda wacho webhurawuni nemashizha mamwe eredhi.
ID_JGYBLF,Mapushi erudzi rwepfumbu maviri. Rimwe rakatsika rimwe erudzi rwepfuma. Ari kuratidza kusakara asi akachena zvawo. Akagara pasi perudzi rwepfumbu nemitsetse mitema.
ID_UKNAIE,Liboso na nga awa namoni toza na kati ya ndako pe tomoni bati ba kiti ya kitoko ba divan na kamwa mesa na kati ya ndako nde yango baolakisa biso.
ID_ETBDET,Vakomana vari munhandare inotambirwa bhora.
ID_SXHEXC,Na foto oyo nali komona za logo ya ekipe wana balobaka yango atletico madrid nde nali komona balakisinga awa.
ID_NQRVCV,Elili oyo eza elili ya sango namoni na se bakomi paroise catholique se jean paul de eza ndako ya nzambe oyo ya ba catholique.
ID_QQBRNC,Shiri yemhando yeshiri dzinowanikwa pedo nepakawanda mvura. Ine makumbo marefu nehuro yakareba. Iri kufamba ichiita seiri kuda kubhururuka kana seichangomhara. Yakasimudza mapapiro ayo. Ine ruvara rwebhurawuni neruchena nerutema.
ID_GRNIBG,Foto eza liboso na biso namoni mwa sani moko ya kitoko mpenza eza likolo ya mesa namoni na kati bamwa ndunda moko ya kitoko mpenza pe na mwa pilipili oyo ya langi ya ma ya pondu eza nano mobeso pe ezalaka kitoko mpenza pe pesaka mwa solo ya kitoko na kati ya bilei.
ID_WHTMGC,Shangu tsvuku mbiri idzi dzinoshandiswa pamujaho kana pakumhanya uye shangu idzi dzinosungwa pamusoro kuitira kuti choka inyatsobata zvakanaka.
ID_SAJIZD,Namoni photo oyo bolakisi biso eza mobali atelemi aza na bale nakati ya maboko naye na batu mosusu bavandi na sima naye.
ID_CBWTCL,Awa nazokomona ba flaco ya mafuta ya kopakola eza mine yango nyonso eza marque moko texerile eza mafuta ya kopakola.
ID_MJORJS,Na elili oyo elili ezali kolakisa biso etaleli ya mosika ya libanda ya esika ya botekisi na esika yango nazomona ezali na bilembo bilembo ya botekisi esika bakomi na monoko na lokota ya bopaya wewe.
ID_JXEBBV,Temberi imwe chete ine mudhuri mutsvuku. Pamusoro pawo pane chikwangwani chakanyorwa chichena chine mavara matema. Pamusoro pane denga remarata.
ID_OYEAHK,Foto oyo na moni liboso na nga na moni loboko oyo esimbi mwa molangi ya mafuta ya basi mafuta oyo ezalaka kitoko mpona nzoto ya basi basi soki bapakali yango bazalaka kitoko mpenza pe na nzoto ya sembe sembe.
ID_XLNHAF,Na elili oyo tozomona esika bazolakisa biso moto ya loposo ya mondele azoli koloba liboso na ye ezali na mikro ya molai liboso na ye ezali na eloko esika bakomi na monoko ya lopoto secretary general.
ID_PUOAUM,Midziyo yekuchengetedza hanzu zvakanaka zvinoita kuti dzisaunyane asi dzikugara dzakarembera dzakakochekerwa kumuti.
ID_XBHYWJ,Vakomana vanoita zvemutambo wetsiva vari pakati pemutambo wavo. Kune mumwe wakapfeka hembe ine ruvara rwebhuru kuzasi hembe iyi yakanyorwa nemavara machena kudzi twins special. Koitawo mumwe wakapfeka hembe ine ruvara rutsvuku nechikabudura chine ruvara ruchena neruvara ruchena.
ID_QNVSXY,"Liboso na nga awa namoni mutuka, eza pembeni ya lopango, pe eza na balabala ya mabele, nde balakisi biso awa."
ID_JRCNAR,Musoro wemunhukadzi wakarukwa uchishandiswa bvudzi rake rokuzvarwa naro rine ruvara rutema.Rareba zvokurembera kugotsi.Akarukwa achivhurwa mitsara mitsara ichirukwa kubva kuhuma ichidzokera kumashure.
ID_BNABME,Na bilili oyo nali komona balakisinga awa eza sapato moko ya bana basi batie likolo ya mesa sapato oyo eza na balangi mibale ya motani pe ya mosaka.
ID_PRBMHZ,Awa toza komona baza koteka ba croix ebele batiyango na likolo batiyango likolo ya ba nzete baza koteka yango baza ko expose yango.
ID_KYRBIL,Foto oyo elakisi biso na kati ya ndako moko ndako oyo eza ya kitoko mpenza pe eza ya pembe na ndako oyo namoni mwana mwasi ya moke avandi likolo ya mesa pe pembene yango asimbi mwa televizio moko ya monene.
ID_RLYSVG,Shangu tema idzo dzakasonwa pamusoro padzo. Hadzishandiswi tambo kana munhu achinge ava kupfeka. Dzakaiswa pasi.
ID_CXDLKZ,Awa nazomona policier na ye awa alati elamba na ye ya mosala na cotine ya mosala namoni pe ba policier mosusu bazokende baza ebele.
ID_VENALY,Bandeko awa pe esika na komi awa eza esika na kati ya ndako me na ndako oyo babengi yango eza ebele place balambelaka biloko ya kolia awa nazomona koza bafri ndenge na ndenge bazobongisa yango obongisa yango mpona batia yango na mesa.
ID_GXWURJ,"Mureza une ruvara rwenhundurwa, ruchena, rutsvuku, rwebhuruu uyezve une chiratidzo chetiraiengo chiri nechekuruboshwe chine ruvara rwegirini."
ID_WLATQT,"Panovezwa simbi panogadzirwa mawindo furemu nemadofuremu ayo matema aine dhiramu, komana, jenareta uye chikwangwani marara pasi."
ID_AJXJQK,Ewa awa ezali buku oyo bakomi jebukine tomoni bakomi événement seigneur de zanu yango wana bakomi bazo kolekisa biso awa soki okoti na kati okotanga okoyeba biloko nini bazali koloba na kati kuna.
ID_UZQPIE,Esika tokomi awa ba ndeko na ngai na omona eza obele buku eza buku moko ya kitoko mpenza buku oyo ya ko salisa bana na kelasi na moni na komi na likolo na yango buku ya francais eza buku moko ya kitoko mingi.
ID_NCTBDJ,Pazasi pezambuko apa pazere miti yemujatirofa. Mujatirofa unomera pane mvura. Pane mapepa akawanda ayo akasvibisa nharaunda.
ID_WNDDQC,Motuka oyo etelemi eza neti etelemi esika basukolaka mituka namoni bato mibale wana batelemi bazotala yango.
ID_EUQEQC,Elili oyo bali kolakisa biso awa tomoni ezali bongo na kati ya ndako songolo kati ya ndako yango tozomona lokolo moko ya sapatu ya bandeko mibali batiango na se.
ID_WNPCLK,Makicheni yuniti ari kutengeswa ane ruvara ruchena. Makicheni yuniti aya ane madhoo matatu namadhoo matatu uyezve akagara pasi pane mapuranga. Kuna masofa zvekare anoratidza kuti ari kutengeswa muchitoro ichi.
ID_LRTXFY,Kambuyu katema karikudya mashizha egirini. Kanemakumbo mana arikuoneka.
ID_CUPYSP,Na esika oyo nazo mona ba nkumu bazo signe na ba buku ya leta pe tomoni eza bato misato mibali mibale na ndeko mwasi moko.
ID_BVLOQR,"Mapushi aneruvara rwakasiyana rinoti yero, rutema nemachena, neyebhurauni neye kirimu. Uyo anopfekwa nevanhukadzi. Akagadzirwa nemachira pamusoro akasimba."
ID_GGLQZP,Na bilili oyo nali komona balakisinga awa za batu ebele bamama pe bamobali bafandi namoni papa moko atelemi azoloba na bango pe balati ba cache nez.
ID_AGTPRM,Awa toza komona mesa na bakiti mibale tozomona bati yango esika moko bazolakisa biso ndenge ezali kitoko tomoni likola mesa kamwa kopo moko ezali ezali kitoko mpenza ezali kitoko ndenge baza kolakisa biso yango awa.
ID_LYKQXB,Ba joueur oyo mibale bazali na kati ya terrain balati bilamba ya kokokana pe eza na langi ya mayi ya pondu ezali pe na langi ya mosaka baza ba joueur.
ID_TAAQQG,Zingizi rine musoro mutema nemuviri mutema une mitaro yeruvara rwegoridhe nemapapiro ane ruvara rwepfumbu. Rakamira pamusoro pechirimwa chine ruvara rwegoridhe. Rinoratidza kuti riri kudya mukati meruva. Nechekumashure kunoratidza kuti maruva aya eruvara rwegoridhe akawanda achienda.
ID_LTOEWY,Oyo eza lokolo ya sapato ya mwana mwasi batiye yango na mabele ezali sapato ya kitoko mpenza ezali batiye yango na mabele na kati na yango ezali bululu na likolo eza na malangi ebele mwa ba biloko bati na likolo ya motane ya pembe ya moindo eza likolo ya sapatu ya mwana mwasi eza mpenza kitoko mingi.
ID_BRRHVM,Esika tokomi awa ba ndeko eza na kati ya balabala na balabala oyo na moni eza mwa mutuka mutuka ya langi ya mayi ya pondu epi libanda ya mutuka oyo nazo mona eza mwa mama moko azo tekisa ba mikate.
ID_NXAUAF,Awa tozali komona elenge mobali atelemi abetaka ndembo ya makolo tomoni alati ba uniforme na ye oyo ezali ya mayi ya pondu tomoni atelemi atelemi na terrain.
ID_DNOWAN,Awa tozali komona baza kolakisa biso elamba moko ezali monene ezali lokola kitenge moko ya monene kasi ezali kitoko eza na balange ya bululu na mai ya pondu tozali komona ezali kitoko.
ID_AEYASK,Esika tokomi awa na omona na miso na nga balakisi ngai ba mabanga mabanga ya monene mpenza ba mabanga mwa minene minene pe na nsima mabanga minene minene oyo na omona bato ebele bao tala ba mabanga wana.
ID_TJWMHI,Derere rechipudzi rakabatwa mumaoko. Rimwe riri pasi muchibhasikiti. Derere rine mhumhu mupfupi uye rakakora. Derere rinonaka kwazvo kudyisa nesadza.
ID_DCXYVX,Photo oyo na moni liboso na nga eza photo oyo ba bengaka na monoko ya poto logo logo wana eza batu ba komi architecture e batima adrese telephonique awa batu ba salaka awa ba tongaka ba ndako nde na moni yango liboso na nga awa.
ID_OGFYLY,Dhekodha riri pasi. Dhekodha iri rine ruvara rutema. Rakanyorwa namavara machena namavara matema kuti canal box. Rinoratidza kuti rakabatidzwa uye rakanaka.
ID_GHLRHR,Komichi yegirazi ine ruvara rwegirini yakagadzikwa mundiro yegirazi ine mavara machena neebhuruu. Parutivi pane ndiro dzedhaga.
ID_JKLYVJ,Zvishongo zvemumaoko zvakasungirirwa pamucheka. Pane wachi yakakura ine pamusoro pegoridhe. Yakashongedzwa mukati nechinhu chinenge rize nechimwewo chiri kurutivi rwerudyi. Ine bhandi rebhurauni. Poita chimwe chishongedzo chitema chine pamwe pegoridhe. Zvishongedzo zvakanaka nekuti zvinowedzera vadzimai kunaka. Uyewo zvinoenderana nebhutu kana mabhegi avanenge vakapakatira.
ID_VCINKB,Murume ari pakati pekugadzira injini yemotokari. Injini iyi ine mavara mavara. Nechemukati ine ruvara rutema kunze yoita ruvara rwesirivheri. Nechepamusoro ine maburi maburi uyezve inoti simbi simbi twakangobatana batana.
ID_PYLEZL,"Ihara, ifoko, imbezo, ibadza. Tinoshandisa kurima midziyo iyi. Midziyo inoshandiswa pamba."
ID_HVVTQF,Awa namoni toza likolo ya ngomba moko ya monene namoni eza na mwana mwasi moko oyo azoleka na nzela moko na kati ya zamba wana namoni pe pembeni na ye eza na bamwa matiti ebele.
ID_JDBNBJ,"Musikana wakamira. Kumusoro wakapfeka hembe ina mavara akarerekera kuruvara rwechisoja. Ina mavara matema, mavara akarerekera kugirinhi namavara machena. Kuzasi wakapfeka mutirauzi wakabvaruka mumabvi. Mutirauzi uyu une ruvara rutema. Kumakumbo wakapfeka shangu mapatapata ane ruvara rutema nechepamusoro. Necheparutivi une kasimbi kane ruvara rwesirivheri."
ID_CUHHNH,Wana kasi ya ndako esika babongisi yango bien mpona koyamba bapaya mpona kofanda yango salo esika ya kopema.
ID_QYYXVJ,Motuka ya monene efandami liboso ya ndako motuka oyo ekoki komema biloko ya ndenge na ndenge ezali motuka ya monene oyo tokoki kobenga huit pieds to pe six pieds ememaka biloko ya monene makasi.
ID_ABXLTD,Maman kasi azotambola na mwana na ye mama wana alati elamba ya milai kasi yango eza na langi ya pembe eza kasi na langi ya mbwe pe na langi ya mwindu kasi azosimba mwana na ye na loboko okoba etambola.
ID_MACGWC,Zvivakwa zviri mukati medhorobha uye mune motokari dziri kufamba mumugwagwa. Dzimwe dzakamiswa padivi pemugwagwa. Imwe ine ruvara rutsvuku imwe ine ruvara ruchena uye imwe ine ruvara rwebhuruu.
ID_ODFKRY,Awa namoni ba lakisi nga likolo ya meza oyo batie sani ya kitoko na kati ya sani oyo namoni biloko ya kolia pilipili ba misuni pe na ba legume.
ID_KQOSNA,Batanaimo inzvimbo ine zvitoro zvakawanda zviri mairi. Chimwe chezvitoro chiripo iti V-cells. Pane motokari mbiri chena nenhema dzakamira pamberi pechivakwa ichi.
ID_EYKBKF,Na balabala oyo namoni motuka moko ezoleka eza na langi ya mbwe eza na bato baza na kati motu mosusu afandi na nsima alati bilamba ya bozinga namoni pe eza na motuka mosusu yango pe ezoleka na balabala na mopanzi kuna na moni eza na lopango moko ya mosaka liboso nango eza na banzete ebele.
ID_DECRKT,Varume navakadzi vakamira. Vatatu vakachonjomara pasi. Vose vakapfeka zvakafanana. Vakapfeka zvichena kumusoro nemasiketi ejira rine mavara akasiyana anoti bhuruu namatsvuku. Varume vakaisa machira muhuro.
ID_BNWLVQ,Tomoni papa na bana na ye aza kokata mwana na ye suki pembeni na bango eza bana mibale baza kosakana toza komona kuna mosika baza neti baza na pisine.
ID_KITUNQ,Motokari iri kufamba iri mumugwagwa mukuru uyezve yadarika nepane bhiriji rihombisa rine marambi akawanda machena neepepuro.
ID_AJLYXZ,Mberi kuemba kune firenji dhoo ine mabha machena uye mawindo ari kuoneka mukati mune masofa eorenji. Nemeti iri padhoo yekaki ine zvitema. Panze pefirenji dhoo pane mataira ari pasi.
ID_XYSGOD,Umu muchitoro munoita zvekutengesa midziyo yekubikira. Mimwe midziyo ine mibato mitema. Imwe midziyo ine mibato yeruvara rwegoridhe.
ID_XXFOBP,Awa na moni eza milangi mingi na kati ya milangi na moni eza ba savon ya liquide ya ko sokola maboko nde nazo mona awa moko eza na couleur ya vert na mosusu eza na couleur ya rouge nde nazo mona.
ID_HQEFTR,Oyo na moni eza sandale ya mibali soki olingi opema makolo epema olataka ka ba sandale oyo ezalaka kitoko soki moto alati yango ayokaka malamu makolo ezalaka bien nde omona bato nyonso balingaka ba sandale oyo.
ID_KYQFZI,Ba carton ya ba cahier ya ba farde ba late ba bic ya koteka mpona bana ya kelasi.
ID_UFHMFI,Mudhuri wakapendewa uri kuratidza ruvara rwebhuruu. Pane mifananidzo yevanhu vakagerewa misoro nezvigero nemapanga nemaoko. Nechemukati pane muti wemubhanana une mashizha ane ruvara rwebhuruu rwegirini.
ID_ZSCIPF,Vatambi vesipoti yekiriketi vari munhandare yavo yekutambira kiriketi nevamwe vakapfeka nhumbi dzakafanana dzinobvira kumusoro dzichidzira zasi uyezve vakapfeka mabhurugwa matema nemasinika akasimba.
ID_YBFFUC,Chidyiwa chinonzi tsangamidzi chinomerera muvhu chinonzi chinorapa zvirwere zvakasiyana kusanganisira mudumbu nedziwa nezvikosoro inovava imwe irapa yakachekwa.
ID_RRJHAQ,Murume uyu arikuchengetedza chivanhu. Muruoko rwake akabata mukondo. Akapfeka matehwe. Nechepadumbu pake anenyanga yaakasungira nedhende dzvuku. Mumaoko ake mune matehwe.
ID_GUMKQC,Oyo baza kolakisa biso ndako tomoni ndako oyo batongi kitoko nde baza kolakisa biso awa tomoni ezali na banzete kuna na kati na kajarde moko azali libanda.
ID_DFSMMS,Liboso na biso tomoni awa baolakisa biso eza maneke balatisi ye baliputa baolakisa motindo nini liputa oyo batongaki yango.
ID_VMYHSN,Shangu mbiri imwe yakagara pamusoro peimwe. Dzine ruvara rutema dzinoratidza kuti shangu dzerudzi rwesanduru. Dzakavhurika kumberi. Dzine ruvara rutema mukati dzakanyorwa neruvara rwegoridhe asi pamusoro dzine ruvara ruchena neruvara rutema. Dzakagara pasi pane ruvara rwepfumbu neruvara rutema.
ID_OFMRHS,Miti dzakawanda dzemarudzi akasiyana siyana. Umwe une maruva epepuru ndewe mujakaranda. Pamberi pane bhusita remasaisai rakagadzirwa namasimbi akareba uye ane mavara matsvuku namachena.
ID_WBZRLQ,Ba lakisi biso awa eh! Motu ya mwana mwasi ba kangi ye suki eh! Nde azo lakisa biso motindo nini ba kangaki suki yango.
ID_JCDLVE,Awa tozali komona bazali kolakisa biso ndako moko ya etage ezali na langi oyo ezali ya mosaka na pembe kasi tomoni ekoki na yango oyo babengi portai ezali ya mwindo kasi na cloture ezali ya pembe tomoni na bafololo ezali pembeni na yango.
ID_JEKZXG,Awa namoni balakisi biso basaani oyo babombaka biloko na kati na mesa.
ID_KTMEGI,E namoni awa eza na stade ya baskete namoni bana mibali bazobeta baskete.
ID_SEZFBH,Bana-kelasi batelemi awa na balakisi bamemi babuku na maboko.
ID_KXVLRC,Na elili oyo nazomona esika bazolakisa biso motuka motuka eza na langi ya mobesu bafongoli na nsima esika nazomona eza na masaki ya gitungu mibale.
ID_NEMBWZ,Varume vanoratidza kuti ndevemutambo vakapfeka nguwo dzakafanana dzine ruvara rumwe chete ruchena nezvitema. Vakapfeka shangu dzakasiyana siyana. Vamwe vakamira vamwe vakakotanira.
ID_DVUHKU,Awa tozali komona ebale tozali komona ebale ekoki kozala river congo tomoni na kati tomoni babwato babwato etelemi na kati ya mai tomoni ebale yango kuna na kati tomoni mwa bamatiti ezali na katikati ya ebale tomoni bamwa matiti yango wana tomoni ezali ebale ezali ebale ekoki kozala congo river.
ID_XOSHIU,Tozali komona ezali na kati ya nzela tomoni balakisi biso bisi moko ya monene mpenza ezali na langi oyo ya pembe kasi ezali kokende na pembeni yango tomoni bato bazali koleka bazali kokende esika songolo.
ID_TBHFHI,Mwasi moko alati kitoko baliputa kitoko liputa yango eza na langi ya mosaka pe na langi ya bozinga mwasi yango akangi suki na ye bien alati matalatala azosala aza liboso ya masini na ye na mikanda na ye na maboko.
ID_YOANOW,Ndiro ine ruvara rutsvuku ine chikafu yakagadzikwa pamusoro petafura rine ruvara rwebhurauni. Ndiro iyi yakapakurirwa sadza. Sadza rine ruvara ruchena uye mune nyama yakakangwa dzinomwisa mvura ine ruvara rwebhurauni. Padivi pane girazi rine chinwiwa chine ruvara rweorenji.
ID_PUXKZB,Vasikana vanotamba bhora vakamira vakaisa maoko kumashure vakatarisa mberi vakapfeka shangu masokisi uye mabhurukwa eruvara rutsvuku nehembe dzeruvara rwegirini.
ID_BNBXHO,Vana vaviri vari kuratidzwa mumufananidzo uyu vari kuita sevari kuda kutenga zvinhu pamusika. Vana ava vakapfeka nhumbi dzechikoro uyezve vana ava vakabereka mabhegi emabhuku. Mutengesi ari pamusika uyu akagara pachigubhu cheyero.
ID_BMAMTU,Shangu imwe chete yomunhukadzi yekurutivi rworuboshwe. Yakavhurika. Ine pekukochekera. Ine zvitambo. Ine ruvara rwebhurauni pamusoro nepingi kumativi.
ID_XBNVDS,Shangu dzekutambisa mutambo. Vazhinji vanotambisa shangu idzi mutambo wenhabvu. Shangu idzi dzine ruvara rwakada kurerekera kuruvara rwenhundurwa pamusoro. Murutivi dzine ruvara ruchena. Nechekumashure dzine ruvara rutema.
ID_JDMXJQ,Mapundo akamera akawanda chaizvo anoratidza kuti ndeeruvara rwebumhudza uye ndeerudzi rumwe tete. Panoonekera sokuti pane panga pachisakurwa pachibviswa mapundo iwaya asi kuti achakawanda ari pasati abviswa.
ID_LLFEAD,Tsuro dzakati wandei dziri muchirugu chakagadzirwa nemapuranga uye nefenzi. Muchirugu umu mune mauswa pasi kuitira kuti tsuro dzigarepo uye dzisabayiwa nematanda ari pasi.
ID_CIXTAN,Kapuka kadiki kakamhara pasi. Kapuka kacho kakaita senyuchi. Kane musoro wakakura uyewo kane mapapiro. Kapuka kacho kanogona kubhururuka.
ID_RYIGAJ,Zvinowedzeredza runako. Zvinopfekwa mumaoko. Zvakapfekwa zviine mavara mavara akawanda. Zvakapfekwa nemunhu tema muruoko rwake.
ID_NRYMLU,Ba balabala ya kitoko mpenza pe na balabala oyo na moni bato mibale na moni baza likolo ya mwa moto bato oyo emonani baza ba mwa policier na moni ba lati ba mwa elamba na bango pe nsima na bango na moni motuka oyo eza ko kende oyo ba bengaka yango mini bus pe na moni pembeni ya balabala oyo ba mwa parapline na ba mwa biloko bato baza ko teksa yango.
ID_NIXPQE,Mbeto batandi ba dra ya pembe pe na ba coussin na tapi ya langi ya motani esangani na langi ya chokola fololo na mesa ya liboso awa pe na mopanzi kuna fololo na ngolomani na nsima ya mbeto yango na langi ya mosaka batie pe bilei na plateau.
ID_SSZFJO,Awa na moni eza esika batekiselaka bakiti liboso na ngai nazomona kiti moko ya kitoko mingi eza na balangi misato langi ya liboso ezali pembe langi ya mibale ezali ya mwindo ya misato ezali ya mosaka.
ID_WOPOVQ,Sika na komi awa bandeko naomona baolakisa ngai na pepo na pepo oyo na moni baolakisa ngai eloko babengi na noko ya lopoto eza ebele helicoptere ezotambola na pepo.
ID_HVDLMN,Muti webhurawuni une makwande nemutanda muhombe. Pasi pawo pane mumvuri wawo nesora rakaoma rikake uye jecha dzvuku. Necheparutivi pane mugwagwa wetara. Mberi kune jurahoro ine mapanera. Mukati mayo mune muti wemujakaranda une maruva epepuro neimwe yemapaini.
ID_SXNTQP,Muriwo uri mundiro. Muriwo uyu wakabikwa zvakanaka zvinomwisa mvura. Une ruvara rwegirini uye yakaiswa hudobidobi hune ruvara rutsvuku uye yero.
ID_SVEIZO,Shiri ina makumbo marefu iri tema nemutsipa wakareba nemuromo wakareba yakatakura vana vayo kumusana vane ruvara rwebhurawuni. Shiri iyi iri pane masora ane ruvara rwegirini.
ID_MVWCPO,Mvuu mbiri dziri mumvura. Imwe inoratidza kuti ndiyo mai imwe imwana nokuti iduku. Dzine ganda rine mavara ebhurauni nematema.
ID_NNEJUC,Vanhurume vana vakabatana maoko vakamira vakapfeka nhumbi dzekutambisa mutambo. Vakapfeka shangu nemasokisi zvakasiyana. Vakamira vakasanganisa maoko avo pamwe chete vakabatana vari kuratidza kuti vari kutorwa mufananidzo. Nechekurudivi kune miti yakawanda iriko nezvivakwa zviri nechekumashure. Pavakamira pane uswa hwakaoma.
ID_SPPKTX,Pamberi pezvitoro zvakapfurirwa nemarata pane vanhu vakawanda. Vamwe vari kufamba vachitevedza mugwagwa vamwe vari kudimbura mugwagwa. Pane murume akapfeka shati yebhuruu netirauzi dema. Mukadzi akapfeka shati chena netirauzi dzvuku. Mai vakapfeka siketi chena nebhurauzi reyero.
ID_JIWBNE,Awa namoni eza ba sapatu ya basi ba sapatu mingi eza kitoko penza namoni eza na ba langi mingi ba langi ya mosaka pe ba langi ya moyindo nde namoni yango.
ID_BSCHXE,Liboso na nga na moni mwana mwasi mwana mwasi kitoko ya pembe na loboko na ye na moni azwi oyo ba bengaka na monoko ya poto sac a main alati pantalon ya bozinga na moni ba tongi ye suki na ye malamu ba suki na ye eza na ba langi ya motani nde na moni yango liboso na nga.
ID_ATIDGP,Kapuka kasiri kunyatsooneka kumashure kwacho. Kapuka kacho kane ruvara rwegirini. Makumbo maviri ari kuoneka matete asi ane zvekubatira kumberi. Panewo kamwe kakada kuita kunge kauswa kakareba kane ruvara rutema kakakwira mudenga kachibva pachipuka chacho.
ID_UZPOHC,Shiri imwe chete iri mudendere yaro riri mumuti mukuru une mashizha egirinhi. Ine mavara ebhurauni namachena.
ID_ZZXYLS,Na esika oyo to moni baza ko lakisa biso eloko ba bengi trombone fantaisie déclic ezali na kati ezali ba biloko oyo ya ba langi mingi na kati wana to zali ko mona ezali ba bic nde ezali na kati.
ID_HRTYFL,Murume akamira padivi pejuraho remapanera akajoinidzwa joinidzwa. Pane miti yemijakaranda ine mashizha namaruva epepuru. Akamira murume padivi akatarisana nematombo padivi pemugwagwa wetara. Akapfeka mitirauzi mitema nehembe yebhuruu kumusoro.
ID_SUQHVC,Mbudzi nhanhatu dzine ruvara ruchena nemisoro yakandotsvukuruka. Mbiri dziri kufamba mumugwagwa pasi. Dzimwe ina dziri padhuze nemudhuri wemba.
ID_WLVCIE,Shangu imwe chete yakagadzikwa pasi pane ruvara ruchena. Shangu iyi itenesi ine ruvara rutema yoita madododo eruvara rwegireyi. Nechemukati ine ruvara rutema yoita netambo dzine ruvara rutema.
ID_FOKRFJ,Na elili oyo nazali bongo komona loboko ya moto asimbi lopete azolakisa biso lopete lopete oyo ndenge namoni eza lopete oyo balataka pona libala te to eloko songolo pe tomoni azali bongo na kati ya ndako.
ID_YQXMBU,Awa tomoni ndako moko esili te esengeli babongisa yango ekomi ya paka ekomi esali mikolo ebele esengeli basala eloko babengi renovation po esi ebebi esi ekomi ya kala.
ID_LHDEEV,Nhundurwa dzine mavara ezerere netuchena. Hadzina kuibva. Dzimwe dzacho dzakachekwa kuitwa madenderedzwa matatu.
ID_CUDWBK,Munhukadzi akachena. Akapfeka hembe ine ruvara ruchena runotsvedzerera. Muhuro make akapfeka mhete. Musoro wakagadzirwa zvinonwisa mvura. Mumaoko mune mhete. Muzvigunwe mune mhetewo zvakare.
ID_ARVDNP,Foto elakisi biso mwa loboko esimbi mwa kisi kisi oyo eza kisi ya kitoko kisi oyo ebumaka mwa nyama oyo ezalaka na libumu ya bato oyo epindaka bato bapeli na mwa libumu pe bayoki mpasi kisi oyo ekumbona yango kentanozole oyo ezalaka makasi.
ID_EROPVG,Miti yemijakaranda mihombe. Ine tirangi yakakura ine makwande ebhurauni. Nesitiriti raiti riri kuoneka rakanamirwa maposita. Mberi kune jurahoro nemiti yemupaini uye yemijakaranda ine maruva epepuro. Pasi pane chigubhu chakadonha nehuswa hwakaoma nejecha.
ID_VYRCXO,Awa eza esika bakonzi batelemelaka makambo ya kelasi ndako ya kitoko.
ID_HYKQPA,"Chimushini chakatsvetwa pasi paivhu. Chine ruvara rutsvuku, rutema, ruchena. Chine mavhiri marefu neyanotenderera. Chine mibato mitema negirazi chepamusoro."
